2019-08-24,Hawaii                ,  1,  45,Arizona               , -1,  38
2019-08-24,Villanova             , -1,  34,Colgate               ,  1,  14
2019-08-24,Florida               ,  0,  24,Miami_FL              ,  0,  20
2019-08-24,Youngstown_St         , -1,  45,Samford               ,  1,  22
2019-08-29,UAB                   ,  1,  24,Alabama_St            , -1,  19
2019-08-29,C_Michigan            ,  1,  38,SUNY_Albany           , -1,  21
2019-08-29,Arizona_St            ,  1,  30,Kent                  , -1,   7
2019-08-29,Bowling_Green         ,  1,  46,Morgan_St             , -1,   3
2019-08-29,Stony_Brook           ,  1,  35,Bryant                , -1,  10
2019-08-29,Cent_Arkansas         , -1,  35,WKU                   ,  1,  28
2019-08-29,Charlotte             ,  1,  49,Gardner_Webb          , -1,  28
2019-08-29,Chattanooga           ,  1,  24,E_Illinois            , -1,  10
2019-08-29,Cincinnati            ,  1,  24,UCLA                  , -1,  14
2019-08-29,Connecticut           ,  1,  24,Wagner                , -1,  21
2019-08-29,Delaware              ,  1,  31,Delaware_St           , -1,  13
2019-08-29,Tulane                ,  1,  42,Florida_Intl          , -1,  14
2019-08-29,Richmond              ,  1,  38,Jacksonville          , -1,  19
2019-08-29,Minnesota             ,  1,  28,S_Dakota_St           , -1,  21
2019-08-29,Northern_Arizona      ,  1,  37,Missouri_St           , -1,  23
2019-08-29,San_Jose_St           ,  1,  35,N_Colorado            , -1,  18
2019-08-29,North_Alabama         ,  1,  26,W_Illinois            , -1,  17
2019-08-29,TN_Martin             ,  1,  42,Northwestern_LA       , -1,  20
2019-08-29,SE_Missouri_St        ,  1,  44,S_Illinois            , -1,  26
2019-08-29,Texas_A&M             ,  1,  41,Texas_St              , -1,   7
2019-08-29,E_Kentucky            ,  1,  53,Valparaiso            , -1,   7
2019-08-29,Austin_Peay           ,  1,  41,NC_Central            , -1,  10
2019-08-29,Buffalo               ,  1,  38,Robert_Morris         , -1,  10
2019-08-29,Clemson               ,  1,  52,Georgia_Tech          , -1,  14
2019-08-29,UCF                   ,  1,  62,Florida_A&M           , -1,   0
2019-08-29,Utah                  , -1,  30,BYU                   ,  1,  12
2019-08-29,SE_Louisiana          ,  1,  35,Jacksonville_St       , -1,  14
2019-08-30,Army                  ,  1,  14,Rice                  , -1,   7
2019-08-30,Colorado              ,  0,  52,Colorado_St           ,  0,  31
2019-08-30,Maine                 ,  1,  42,Sacred_Heart          , -1,  14
2019-08-30,Rutgers               ,  1,  48,Massachusetts         , -1,  21
2019-08-30,Michigan_St           ,  1,  28,Tulsa                 , -1,   7
2019-08-30,Nevada                ,  1,  34,Purdue                , -1,  31
2019-08-30,Oklahoma_St           , -1,  52,Oregon_St             ,  1,  36
2019-08-30,Wisconsin             , -1,  49,South_Florida         ,  1,   0
2019-08-30,Wake_Forest           ,  1,  38,Utah_St               , -1,  35
2019-08-31,North_Texas           ,  1,  51,Abilene_Chr           , -1,  31
2019-08-31,Air_Force             ,  1,  48,Colgate               , -1,   7
2019-08-31,Illinois              ,  1,  42,Akron                 , -1,   3
2019-08-31,Alabama               ,  0,  42,Duke                  ,  0,   3
2019-08-31,Southern_Miss         ,  1,  38,Alcorn_St             , -1,  10
2019-08-31,Appalachian_St        ,  1,  42,ETSU                  , -1,   7
2019-08-31,SMU                   , -1,  37,Arkansas_St           ,  1,  30
2019-08-31,TCU                   ,  1,  39,Ark_Pine_Bluff        , -1,   7
2019-08-31,Auburn                ,  0,  27,Oregon                ,  0,  21
2019-08-31,Indiana               ,  0,  34,Ball_St               ,  0,  24
2019-08-31,Baylor                ,  1,  56,SF_Austin             , -1,  17
2019-08-31,Boston_College        ,  1,  35,Virginia_Tech         , -1,  28
2019-08-31,Temple                ,  1,  56,Bucknell              , -1,  12
2019-08-31,N_Dakota_St           ,  0,  57,Butler                ,  0,  10
2019-08-31,California            ,  1,  27,UC_Davis              , -1,  13
2019-08-31,Cal_Poly              ,  1,  52,San_Diego             , -1,  34
2019-08-31,Troy                  ,  1,  43,Campbell              , -1,  14
2019-08-31,Furman                ,  1,  46,Charleston_So         , -1,  13
2019-08-31,Towson                , -1,  28,Citadel               ,  1,  21
2019-08-31,E_Michigan            , -1,  30,Coastal_Car           ,  1,  23
2019-08-31,Davidson              ,  1,  27,Georgetown            , -1,  20
2019-08-31,Washington            ,  1,  47,E_Washington          , -1,  14
2019-08-31,USC                   ,  1,  31,Fresno_St             , -1,  23
2019-08-31,LSU                   ,  1,  55,Ga_Southern           , -1,   3
2019-08-31,Georgia               , -1,  30,Vanderbilt            ,  1,   6
2019-08-31,Georgia_St            , -1,  38,Tennessee             ,  1,  30
2019-08-31,ULM                   ,  1,  31,Grambling             , -1,   9
2019-08-31,Navy                  ,  1,  45,Holy_Cross            , -1,   7
2019-08-31,UTEP                  ,  1,  36,Houston_Bap           , -1,  34
2019-08-31,Penn_St               ,  1,  79,Idaho                 , -1,   7
2019-08-31,N_Illinois            ,  1,  24,Illinois_St           , -1,  10
2019-08-31,UT_San_Antonio        ,  1,  35,Incarnate_Word        , -1,   7
2019-08-31,Kansas                ,  1,  24,Indiana_St            , -1,  17
2019-08-31,Iowa                  ,  1,  38,Miami_OH              , -1,  14
2019-08-31,West_Virginia         ,  1,  20,James_Madison         , -1,  13
2019-08-31,Kansas_St             ,  1,  49,Nicholls_St           , -1,  14
2019-08-31,Kentucky              ,  1,  38,Toledo                , -1,  24
2019-08-31,William_&_Mary        ,  1,  30,Lafayette             , -1,  17
2019-08-31,Mississippi_St        ,  0,  38,Louisiana             ,  0,  28
2019-08-31,Texas                 ,  1,  45,Louisiana_Tech        , -1,  14
2019-08-31,Marshall              ,  1,  56,VMI                   , -1,  17
2019-08-31,Memphis               ,  1,  15,Mississippi           , -1,  10
2019-08-31,Mercer                , -1,  49,W_Carolina            ,  1,  27
2019-08-31,Michigan              ,  1,  40,MTSU                  , -1,  21
2019-08-31,Wyoming               ,  1,  37,Missouri              , -1,  31
2019-08-31,W_Michigan            ,  1,  48,Monmouth_NJ           , -1,  13
2019-08-31,Montana               , -1,  31,South_Dakota          ,  1,  17
2019-08-31,Texas_Tech            ,  1,  45,Montana_St            , -1,  10
2019-08-31,Tennessee_St          ,  1,  26,MS_Valley_St          , -1,  20
2019-08-31,Nebraska              ,  1,  35,South_Alabama         , -1,  21
2019-08-31,New_Mexico            ,  1,  39,Sam_Houston_St        , -1,  31
2019-08-31,Washington_St         ,  1,  58,New_Mexico_St         , -1,   7
2019-08-31,Old_Dominion          ,  1,  24,Norfolk_St            , -1,  21
2019-08-31,North_Carolina        ,  0,  24,South_Carolina        ,  0,  20
2019-08-31,Stanford              ,  1,  17,Northwestern          , -1,   7
2019-08-31,Ohio                  ,  1,  41,Rhode_Island          , -1,  20
2019-08-31,Virginia              , -1,  30,Pittsburgh            ,  1,  14
2019-08-31,Tennessee_Tech        ,  1,  59,Samford               , -1,  58
2019-08-31,San_Diego_St          ,  1,   6,Weber_St              , -1,   0
2019-08-31,S_Carolina_St         ,  1,  28,Wofford               , -1,  13
2019-08-31,UNLV                  ,  1,  56,Southern_Utah         , -1,  23
2019-08-31,St_Francis_PA         , -1,  14,Lehigh                ,  1,  13
2019-08-31,Boise_St              , -1,  36,Florida_St            ,  1,  31
2019-08-31,Syracuse              , -1,  24,Liberty               ,  1,   0
2019-08-31,Maryland              ,  1,  79,Howard                , -1,   0
2019-08-31,NC_State              ,  1,  34,East_Carolina         , -1,   6
2019-08-31,Ohio_St               ,  1,  45,FL_Atlantic           , -1,  21
2019-08-31,Arkansas              ,  1,  20,Portland_St           , -1,  13
2019-08-31,Iowa_St               ,  1,  29,Northern_Iowa         , -1,  26
2019-08-31,Central_Conn          , -1,  26,Fordham               ,  1,  23
2019-08-31,NC_A&T                ,  1,  24,Elon                  , -1,  21
2019-08-31,Prairie_View          , -1,  44,TX_Southern           ,  1,  23
2019-08-31,North_Dakota          ,  1,  47,Drake                 , -1,   7
2019-08-31,McNeese_St            ,  1,  34,Southern_Univ         , -1,  28
2019-09-01,Oklahoma              ,  1,  49,Houston               , -1,  31
2019-09-01,Bethune-Cookman       ,  0,  36,Jackson_St            ,  0,  15
2019-09-02,Notre_Dame            , -1,  35,Louisville            ,  1,  17
2019-09-06,Arizona_St            ,  1,  19,CS_Sacramento         , -1,   7
2019-09-06,Virginia              ,  1,  52,William_&_Mary        , -1,  17
2019-09-06,Boise_St              ,  1,  14,Marshall              , -1,   7
2019-09-06,Wake_Forest           , -1,  41,Rice                  ,  1,  21
2019-09-07,UAB                   , -1,  31,Akron                 ,  1,  20
2019-09-07,Alabama               ,  1,  62,New_Mexico_St         , -1,  10
2019-09-07,Ark_Pine_Bluff        , -1,  52,Alabama_A&M           ,  1,  34
2019-09-07,SUNY_Albany           ,  1,  45,Bryant                , -1,   3
2019-09-07,Appalachian_St        ,  1,  56,Charlotte             , -1,  41
2019-09-07,Arizona               ,  1,  65,Northern_Arizona      , -1,  41
2019-09-07,Arkansas_St           , -1,  43,UNLV                  ,  1,  17
2019-09-07,Michigan              ,  1,  24,Army                  , -1,  21
2019-09-07,Auburn                ,  1,  24,Tulane                , -1,   6
2019-09-07,Cent_Arkansas         , -1,  24,Austin_Peay           ,  1,  16
2019-09-07,Baylor                ,  1,  63,UT_San_Antonio        , -1,  14
2019-09-07,Boston_College        ,  1,  45,Richmond              , -1,  13
2019-09-07,Kansas_St             ,  1,  52,Bowling_Green         , -1,   0
2019-09-07,Sacred_Heart          ,  1,  30,Bucknell              , -1,  10
2019-09-07,Penn_St               ,  1,  45,Buffalo               , -1,  13
2019-09-07,California            , -1,  20,Washington            ,  1,  19
2019-09-07,Weber_St              ,  1,  41,Cal_Poly              , -1,  24
2019-09-07,South_Carolina        ,  1,  72,Charleston_So         , -1,  10
2019-09-07,Jacksonville_St       ,  1,  41,Chattanooga           , -1,  20
2019-09-07,Elon                  ,  1,  35,Citadel               , -1,  28
2019-09-07,Wisconsin             ,  1,  61,C_Michigan            , -1,   0
2019-09-07,Coastal_Car           , -1,  12,Kansas                ,  1,   7
2019-09-07,Colorado              ,  1,  34,Nebraska              , -1,  31
2019-09-07,Colorado_St           ,  1,  38,W_Illinois            , -1,  13
2019-09-07,Illinois              , -1,  31,Connecticut           ,  1,  23
2019-09-07,Dayton                , -1,  42,Indiana_St            ,  1,  35
2019-09-07,Delaware              , -1,  44,Rhode_Island          ,  1,  36
2019-09-07,East_Carolina         ,  1,  48,Gardner_Webb          , -1,   9
2019-09-07,Indiana               ,  1,  52,E_Illinois            , -1,   0
2019-09-07,Louisville            ,  1,  42,E_Kentucky            , -1,   0
2019-09-07,Kentucky              ,  1,  38,E_Michigan            , -1,  17
2019-09-07,UCF                   , -1,  48,FL_Atlantic           ,  1,  14
2019-09-07,Florida               ,  1,  45,TN_Martin             , -1,   0
2019-09-07,WKU                   , -1,  20,Florida_Intl          ,  1,  14
2019-09-07,Minnesota             , -1,  38,Fresno_St             ,  1,  35
2019-09-07,Georgia_St            ,  1,  48,Furman                , -1,  42
2019-09-07,Ga_Southern           ,  1,  26,Maine                 , -1,  18
2019-09-07,Georgetown            ,  1,  43,Marist                , -1,   3
2019-09-07,Georgia               ,  1,  63,Murray_St             , -1,  17
2019-09-07,Louisiana_Tech        ,  1,  20,Grambling             , -1,  14
2019-09-07,Hawaii                ,  1,  31,Oregon_St             , -1,  28
2019-09-07,Holy_Cross            ,  1,  13,New_Hampshire         , -1,  10
2019-09-07,Houston               ,  1,  37,Prairie_View          , -1,  17
2019-09-07,Illinois_St           ,  1,  42,Morehead_St           , -1,  14
2019-09-07,Iowa                  ,  1,  30,Rutgers               , -1,   0
2019-09-07,Monmouth_NJ           ,  1,  24,Lafayette             , -1,  21
2019-09-07,Lamar                 ,  1,  23,MS_Valley_St          , -1,  20
2019-09-07,Villanova             ,  1,  38,Lehigh                , -1,  10
2019-09-07,LSU                   , -1,  45,Texas                 ,  1,  38
2019-09-07,S_Illinois            , -1,  45,Massachusetts         ,  1,  20
2019-09-07,Oklahoma_St           ,  1,  56,McNeese_St            , -1,  14
2019-09-07,North_Carolina        ,  1,  28,Miami_FL              , -1,  25
2019-09-07,Miami_OH              ,  1,  48,Tennessee_Tech        , -1,  17
2019-09-07,Michigan_St           ,  1,  51,W_Michigan            , -1,  17
2019-09-07,Mississippi_St        ,  1,  38,Southern_Miss         , -1,  15
2019-09-07,Missouri              ,  1,  38,West_Virginia         , -1,   7
2019-09-07,Montana               ,  1,  61,North_Alabama         , -1,  17
2019-09-07,Montana_St            ,  1,  38,SE_Missouri_St        , -1,  17
2019-09-07,MTSU                  ,  1,  45,Tennessee_St          , -1,  26
2019-09-07,Towson                ,  1,  42,NC_Central            , -1,   3
2019-09-07,Washington_St         ,  1,  59,N_Colorado            , -1,  17
2019-09-07,NC_State              ,  1,  41,W_Carolina            , -1,   0
2019-09-07,N_Dakota_St           ,  1,  38,North_Dakota          , -1,   7
2019-09-07,Oregon                ,  1,  77,Nevada                , -1,   6
2019-09-07,Utah                  ,  1,  35,N_Illinois            , -1,  17
2019-09-07,Northern_Iowa         ,  1,  34,Southern_Utah         , -1,  14
2019-09-07,SMU                   ,  1,  49,North_Texas           , -1,  27
2019-09-07,Pittsburgh            ,  1,  20,Ohio                  , -1,  10
2019-09-07,Oklahoma              ,  1,  70,South_Dakota          , -1,  14
2019-09-07,Virginia_Tech         ,  1,  31,Old_Dominion          , -1,  17
2019-09-07,Purdue                ,  1,  42,Vanderbilt            , -1,  24
2019-09-07,UC_Davis              , -1,  38,San_Diego             ,  1,  35
2019-09-07,San_Diego_St          , -1,  23,UCLA                  ,  1,  14
2019-09-07,Tulsa                 , -1,  34,San_Jose_St           ,  1,  16
2019-09-07,USC                   ,  1,  45,Stanford              , -1,  20
2019-09-07,Utah_St               ,  1,  62,Stony_Brook           , -1,   7
2019-09-07,Wyoming               , -1,  23,Texas_St              ,  1,  14
2019-09-07,Texas_Tech            ,  1,  38,UTEP                  , -1,   3
2019-09-07,South_Alabama         ,  1,  37,Jackson_St            , -1,  14
2019-09-07,Youngstown_St         ,  1,  54,Howard                , -1,  28
2019-09-07,James_Madison         ,  1,  44,St_Francis_PA         , -1,   7
2019-09-07,Ball_St               ,  1,  57,Fordham               , -1,  29
2019-09-07,Clemson               ,  1,  24,Texas_A&M             , -1,  10
2019-09-07,Duke                  ,  1,  45,NC_A&T                , -1,  13
2019-09-07,Florida_St            ,  1,  45,ULM                   , -1,  44
2019-09-07,Georgia_Tech          ,  1,  14,South_Florida         , -1,  10
2019-09-07,Kent                  ,  1,  26,Kennesaw              , -1,  23
2019-09-07,Maryland              ,  1,  63,Syracuse              , -1,  20
2019-09-07,Ohio_St               ,  1,  42,Cincinnati            , -1,   0
2019-09-07,BYU                   , -1,  29,Tennessee             ,  1,  26
2019-09-07,Louisiana             ,  1,  35,Liberty               , -1,  14
2019-09-07,Memphis               ,  1,  55,Southern_Univ         , -1,  24
2019-09-07,Mississippi           ,  1,  31,Arkansas              , -1,  17
2019-09-07,Central_Conn          ,  1,  40,Merrimack             , -1,  37
2019-09-07,Incarnate_Word        ,  1,  63,TX_Southern           , -1,  44
2019-09-07,S_Dakota_St           ,  1,  38,LIU_Post              , -1,   3
2019-09-07,Mercer                , -1,  45,Presbyterian          ,  1,   7
2019-09-13,Kansas                , -1,  48,Boston_College        ,  1,  24
2019-09-13,Washington_St         , -1,  31,Houston               ,  1,  24
2019-09-13,Wake_Forest           ,  1,  24,North_Carolina        , -1,  18
2019-09-14,Cent_Arkansas         ,  1,  31,Abilene_Chr           , -1,  30
2019-09-14,Air_Force             , -1,  30,Colorado              ,  1,  23
2019-09-14,C_Michigan            ,  1,  45,Akron                 , -1,  24
2019-09-14,Alabama               , -1,  47,South_Carolina        ,  1,  23
2019-09-14,Alabama_A&M           , -1,  31,North_Alabama         ,  1,  24
2019-09-14,Monmouth_NJ           ,  1,  38,SUNY_Albany           , -1,  35
2019-09-14,McNeese_St            ,  1,  17,Alcorn_St             , -1,  14
2019-09-14,Arizona               ,  1,  28,Texas_Tech            , -1,  14
2019-09-14,Arizona_St            , -1,  10,Michigan_St           ,  1,   7
2019-09-14,Georgia               ,  1,  55,Arkansas_St           , -1,   0
2019-09-14,Army                  , -1,  31,UT_San_Antonio        ,  1,  13
2019-09-14,Auburn                ,  1,  55,Kent                  , -1,  16
2019-09-14,Austin_Peay           , -1,  48,Mercer                ,  1,  34
2019-09-14,FL_Atlantic           , -1,  41,Ball_St               ,  1,  31
2019-09-14,Miami_FL              ,  1,  63,Bethune-Cookman       , -1,   0
2019-09-14,Boise_St              ,  1,  45,Portland_St           , -1,  10
2019-09-14,Louisiana_Tech        , -1,  35,Bowling_Green         ,  1,   7
2019-09-14,Villanova             , -1,  45,Bucknell              ,  1,  10
2019-09-14,California            ,  1,  23,North_Texas           , -1,  17
2019-09-14,Oregon_St             ,  1,  45,Cal_Poly              , -1,   7
2019-09-14,Charlotte             ,  1,  52,Massachusetts         , -1,  17
2019-09-14,Tennessee             ,  1,  45,Chattanooga           , -1,   0
2019-09-14,Cincinnati            ,  1,  35,Miami_OH              , -1,  13
2019-09-14,Coastal_Car           ,  1,  46,Norfolk_St            , -1,   7
2019-09-14,William_&_Mary        ,  1,  38,Colgate               , -1,  10
2019-09-14,CS_Sacramento         ,  1,  50,N_Colorado            , -1,   0
2019-09-14,N_Dakota_St           , -1,  47,Delaware              ,  1,  22
2019-09-14,Duke                  , -1,  41,MTSU                  ,  1,  18
2019-09-14,Youngstown_St         ,  1,  34,Duquesne              , -1,  14
2019-09-14,Navy                  ,  1,  42,East_Carolina         , -1,  10
2019-09-14,Illinois_St           , -1,  21,E_Illinois            ,  1,   3
2019-09-14,Indiana_St            ,  1,  19,E_Kentucky            , -1,   7
2019-09-14,Elon                  , -1,  42,Richmond              ,  1,  20
2019-09-14,E_Michigan            , -1,  34,Illinois              ,  1,  31
2019-09-14,VMI                   , -1,  31,ETSU                  ,  1,  24
2019-09-14,Jacksonville_St       ,  1,  49,E_Washington          , -1,  45
2019-09-14,Florida               , -1,  29,Kentucky              ,  1,  21
2019-09-14,Florida_Intl          ,  1,  30,New_Hampshire         , -1,  17
2019-09-14,Virginia_Tech         ,  1,  24,Furman                , -1,  17
2019-09-14,Gardner_Webb          ,  1,  21,NC_Central            , -1,  12
2019-09-14,Minnesota             ,  1,  35,Ga_Southern           , -1,  32
2019-09-14,W_Michigan            ,  1,  57,Georgia_St            , -1,  10
2019-09-14,Washington            ,  1,  52,Hawaii                , -1,  20
2019-09-14,Houston_Bap           , -1,  53,South_Dakota          ,  1,  52
2019-09-14,Wyoming               ,  1,  21,Idaho                 , -1,  16
2019-09-14,Utah                  ,  1,  31,Idaho_St              , -1,   0
2019-09-14,James_Madison         ,  1,  63,Morgan_St             , -1,  12
2019-09-14,Kansas_St             , -1,  31,Mississippi_St        ,  1,  24
2019-09-14,Sacred_Heart          , -1,  56,Lafayette             ,  1,  40
2019-09-14,Texas_A&M             ,  1,  62,Lamar                 , -1,   3
2019-09-14,UC_Davis              ,  1,  41,Lehigh                , -1,  13
2019-09-14,Louisville            ,  0,  38,WKU                   ,  0,  21
2019-09-14,LSU                   ,  1,  65,Northwestern_LA       , -1,  14
2019-09-14,Towson                , -1,  45,Maine                 ,  1,  23
2019-09-14,Marist                ,  1,  26,Stetson               , -1,  23
2019-09-14,Marshall              ,  1,  33,Ohio                  , -1,  31
2019-09-14,Temple                ,  1,  20,Maryland              , -1,  17
2019-09-14,Memphis               , -1,  42,South_Alabama         ,  1,   6
2019-09-14,Mississippi           ,  1,  40,SE_Louisiana          , -1,  29
2019-09-14,Missouri              ,  1,  50,SE_Missouri_St        , -1,   0
2019-09-14,Tulane                ,  1,  58,Missouri_St           , -1,   6
2019-09-14,Oregon                ,  1,  35,Montana               , -1,   3
2019-09-14,Montana_St            , -1,  23,W_Illinois            ,  1,  14
2019-09-14,Toledo                ,  1,  45,Murray_St             , -1,   0
2019-09-14,West_Virginia         ,  1,  44,NC_State              , -1,  27
2019-09-14,Nebraska              ,  1,  44,N_Illinois            , -1,   8
2019-09-14,Nevada                ,  1,  19,Weber_St              , -1,  13
2019-09-14,Notre_Dame            ,  1,  66,New_Mexico            , -1,  14
2019-09-14,San_Diego_St          , -1,  31,New_Mexico_St         ,  1,  10
2019-09-14,Nicholls_St           , -1,  42,Prairie_View          ,  1,  35
2019-09-14,North_Dakota          ,  1,  27,Sam_Houston_St        , -1,  23
2019-09-14,Northwestern          ,  1,  30,UNLV                  , -1,  14
2019-09-14,Oklahoma              , -1,  48,UCLA                  ,  1,  14
2019-09-14,Oklahoma_St           , -1,  40,Tulsa                 ,  1,  21
2019-09-14,Penn_St               ,  1,  17,Pittsburgh            , -1,  10
2019-09-14,TCU                   , -1,  34,Purdue                ,  1,  13
2019-09-14,Texas                 , -1,  48,Rice                  ,  1,  13
2019-09-14,Samford               , -1,  21,Wofford               ,  1,  14
2019-09-14,South_Florida         ,  1,  55,S_Carolina_St         , -1,  16
2019-09-14,Southern_Utah         ,  1,  45,SF_Austin             , -1,  38
2019-09-14,S_Illinois            ,  1,  28,TN_Martin             , -1,  14
2019-09-14,SMU                   ,  1,  47,Texas_St              , -1,  17
2019-09-14,Southern_Miss         , -1,  47,Troy                  ,  1,  42
2019-09-14,UCF                   ,  1,  45,Stanford              , -1,  27
2019-09-14,Stony_Brook           ,  1,  26,Wagner                , -1,  10
2019-09-14,Jackson_St            ,  0,  49,Tennessee_St          ,  0,  44
2019-09-14,Hampton               ,  0,  41,Howard                ,  0,  20
2019-09-14,Citadel               , -1,  27,Georgia_Tech          ,  1,  24
2019-09-14,Ohio_St               , -1,  51,Indiana               ,  1,  10
2019-09-14,Liberty               ,  1,  35,Buffalo               , -1,  17
2019-09-14,Clemson               , -1,  41,Syracuse              ,  1,   6
2019-09-14,Virginia              ,  1,  31,Florida_St            , -1,  24
2019-09-14,Arkansas              ,  1,  55,Colorado_St           , -1,  34
2019-09-14,Iowa                  , -1,  18,Iowa_St               ,  1,  17
2019-09-14,Louisiana             ,  1,  77,TX_Southern           , -1,   6
2019-09-14,BYU                   ,  1,  30,USC                   , -1,  27
2019-09-14,Kennesaw              , -1,  42,Alabama_St            ,  1,   7
2019-09-14,Central_Conn          , -1,  42,Valparaiso            ,  1,  13
2019-09-14,Fordham               , -1,  29,Bryant                ,  1,  14
2019-09-14,NC_A&T                , -1,  27,Charleston_So         ,  1,  21
2019-09-14,Dayton                , -1,  34,Robert_Morris         ,  1,  31
2019-09-14,St_Francis_PA         ,  1,  42,Merrimack             , -1,  14
2019-09-14,S_Dakota_St           ,  1,  38,Drake                 , -1,  10
2019-09-14,Jacksonville          , -1,  30,Presbyterian          ,  1,  20
2019-09-19,Tulane                ,  1,  38,Houston               , -1,  31
2019-09-20,Boise_St              ,  1,  30,Air_Force             , -1,  19
2019-09-20,Louisiana_Tech        ,  1,  43,Florida_Intl          , -1,  31
2019-09-20,USC                   ,  1,  30,Utah                  , -1,  23
2019-09-21,Abilene_Chr           ,  1,  17,McNeese_St            , -1,  10
2019-09-21,Troy                  , -1,  35,Akron                 ,  1,   7
2019-09-21,Alabama               ,  1,  49,Southern_Miss         , -1,   7
2019-09-21,Samford               ,  1,  55,Alabama_A&M           , -1,  21
2019-09-21,Alabama_St            ,  1,  23,Grambling             , -1,  20
2019-09-21,SUNY_Albany           ,  1,  36,Lafayette             , -1,   7
2019-09-21,Alcorn_St             ,  1,  45,Prairie_View          , -1,  41
2019-09-21,Appalachian_St        , -1,  34,North_Carolina        ,  1,  31
2019-09-21,Colorado              , -1,  34,Arizona_St            ,  1,  31
2019-09-21,Arkansas_St           ,  1,  41,S_Illinois            , -1,  28
2019-09-21,Ark_Pine_Bluff        , -1,  37,Tennessee_St          ,  1,  31
2019-09-21,Army                  ,  1,  52,Morgan_St             , -1,  21
2019-09-21,Auburn                , -1,  28,Texas_A&M             ,  1,  20
2019-09-21,ETSU                  ,  1,  20,Austin_Peay           , -1,  14
2019-09-21,Baylor                , -1,  21,Rice                  ,  1,  13
2019-09-21,Bethune-Cookman       , -1,  22,MS_Valley_St          ,  1,   6
2019-09-21,Boston_College        , -1,  30,Rutgers               ,  1,  16
2019-09-21,Kent                  ,  1,  62,Bowling_Green         , -1,  20
2019-09-21,Brown                 , -1,  35,Bryant                ,  1,  30
2019-09-21,Buffalo               ,  1,  38,Temple                , -1,  22
2019-09-21,California            , -1,  28,Mississippi           ,  1,  20
2019-09-21,Campbell              ,  1,  31,Davidson              , -1,  29
2019-09-21,Hawaii                ,  1,  35,Cent_Arkansas         , -1,  16
2019-09-21,Citadel               ,  1,  22,Charleston_So         , -1,  13
2019-09-21,James_Madison         , -1,  37,Chattanooga           ,  1,  14
2019-09-21,Miami_FL              ,  1,  17,C_Michigan            , -1,  12
2019-09-21,Coastal_Car           , -1,  62,Massachusetts         ,  1,  28
2019-09-21,Maine                 , -1,  35,Colgate               ,  1,  21
2019-09-21,Toledo                , -1,  41,Colorado_St           ,  1,  35
2019-09-21,Indiana               ,  1,  38,Connecticut           , -1,   3
2019-09-21,Fresno_St             ,  1,  34,CS_Sacramento         , -1,  20
2019-09-21,Duquesne              , -1,  35,Dayton                ,  1,  31
2019-09-21,East_Carolina         ,  1,  19,William_&_Mary        , -1,   7
2019-09-21,Indiana_St            ,  1,  16,E_Illinois            , -1,   6
2019-09-21,Wake_Forest           ,  1,  49,Elon                  , -1,   7
2019-09-21,Idaho                 ,  1,  35,E_Washington          , -1,  27
2019-09-21,FL_Atlantic           ,  1,  42,Wagner                , -1,   7
2019-09-21,Florida               ,  1,  34,Tennessee             , -1,   3
2019-09-21,Furman                ,  1,  45,Mercer                , -1,  10
2019-09-21,Wofford               ,  1,  49,Gardner_Webb          , -1,  10
2019-09-21,Georgia               ,  1,  23,Notre_Dame            , -1,  17
2019-09-21,Texas_St              ,  1,  37,Georgia_St            , -1,  34
2019-09-21,San_Diego             ,  1,  31,Harvard               , -1,  23
2019-09-21,Houston_Bap           ,  1,  48,Northwestern_LA       , -1,  21
2019-09-21,Northern_Iowa         ,  1,  13,Idaho_St              , -1,   6
2019-09-21,Nebraska              , -1,  42,Illinois              ,  1,  38
2019-09-21,Illinois_St           ,  1,  40,Northern_Arizona      , -1,  27
2019-09-21,Sam_Houston_St        ,  1,  45,Incarnate_Word        , -1,   6
2019-09-21,Jacksonville_St       ,  1,  30,North_Alabama         , -1,  12
2019-09-21,West_Virginia         , -1,  29,Kansas                ,  1,  24
2019-09-21,Mississippi_St        ,  1,  28,Kentucky              , -1,  13
2019-09-21,SE_Louisiana          ,  1,  45,Lamar                 , -1,  34
2019-09-21,Louisiana             , -1,  45,Ohio                  ,  1,  25
2019-09-21,LSU                   , -1,  66,Vanderbilt            ,  1,  38
2019-09-21,Wisconsin             ,  1,  35,Michigan              , -1,  14
2019-09-21,Michigan_St           , -1,  31,Northwestern          ,  1,  10
2019-09-21,Missouri              ,  1,  34,South_Carolina        , -1,  14
2019-09-21,Montana               ,  1,  47,Monmouth_NJ           , -1,  27
2019-09-21,Montana_St            ,  1,  56,Norfolk_St            , -1,  21
2019-09-21,Murray_St             ,  1,  59,Morehead_St           , -1,   7
2019-09-21,South_Dakota          , -1,  14,N_Colorado            ,  1,   6
2019-09-21,N_Dakota_St           ,  1,  27,UC_Davis              , -1,  16
2019-09-21,Nevada                , -1,  37,UTEP                  ,  1,  21
2019-09-21,New_Hampshire         ,  1,  27,Rhode_Island          , -1,  24
2019-09-21,New_Mexico            ,  1,  55,New_Mexico_St         , -1,  52
2019-09-21,Nicholls_St           , -1,  48,SF_Austin             ,  1,  30
2019-09-21,North_Texas           ,  1,  45,UT_San_Antonio        , -1,   3
2019-09-21,Texas                 ,  1,  36,Oklahoma_St           , -1,  30
2019-09-21,Virginia              ,  1,  28,Old_Dominion          , -1,  17
2019-09-21,Oregon                , -1,  21,Stanford              ,  1,   6
2019-09-21,Pittsburgh            ,  1,  35,UCF                   , -1,  34
2019-09-21,Utah_St               , -1,  23,San_Diego_St          ,  1,  17
2019-09-21,S_Dakota_St           ,  1,  43,Southern_Utah         , -1,   7
2019-09-21,SMU                   , -1,  41,TCU                   ,  1,  38
2019-09-21,UAB                   ,  1,  35,South_Alabama         , -1,   3
2019-09-21,Syracuse              ,  1,  52,W_Michigan            , -1,  33
2019-09-21,Tennessee_Tech        , -1,  38,W_Illinois            ,  1,  24
2019-09-21,Villanova             , -1,  52,Towson                ,  1,  45
2019-09-21,Tulsa                 ,  1,  24,Wyoming               , -1,  21
2019-09-21,UCLA                  , -1,  67,Washington_St         ,  1,  63
2019-09-21,Cornell               , -1,  21,Marist                ,  1,   7
2019-09-21,Howard                , -1,  24,Delaware_St           ,  1,   9
2019-09-21,Clemson               ,  1,  52,Charlotte             , -1,  10
2019-09-21,E_Michigan            ,  1,  34,Central_Conn          , -1,  29
2019-09-21,Florida_St            ,  1,  35,Louisville            , -1,  24
2019-09-21,Liberty               ,  1,  62,Hampton               , -1,  27
2019-09-21,NC_State              ,  1,  34,Ball_St               , -1,  23
2019-09-21,Ohio_St               ,  1,  76,Miami_OH              , -1,   5
2019-09-21,San_Jose_St           , -1,  31,Arkansas              ,  1,  24
2019-09-21,Iowa_St               ,  1,  72,ULM                   , -1,  20
2019-09-21,Washington            , -1,  45,BYU                   ,  1,  19
2019-09-21,Kennesaw              , -1,  35,Missouri_St           ,  1,  24
2019-09-21,Dartmouth             , -1,  35,Jacksonville          ,  1,   6
2019-09-21,Stony_Brook           ,  1,  45,Fordham               , -1,  10
2019-09-21,Robert_Morris         , -1,  31,VMI                   ,  1,  21
2019-09-21,Sacred_Heart          , -1,  34,LIU_Post              ,  1,  10
2019-09-21,Delaware              ,  1,  28,Penn                  , -1,  27
2019-09-21,Florida_A&M           ,  1,  27,Southern_Univ         , -1,  21
2019-09-21,E_Kentucky            , -1,  35,Presbyterian          ,  1,  10
2019-09-21,Princeton             ,  1,  49,Butler                , -1,   7
2019-09-21,Columbia              , -1,  31,St_Francis_PA         ,  1,  14
2019-09-21,Yale                  ,  1,  23,Holy_Cross            , -1,  10
2019-09-26,Memphis               ,  1,  35,Navy                  , -1,  23
2019-09-26,NC_A&T                ,  1,  37,Delaware_St           , -1,   0
2019-09-27,Air_Force             ,  1,  41,San_Jose_St           , -1,  24
2019-09-27,Arizona_St            , -1,  24,California            ,  1,  17
2019-09-27,Harvard               ,  1,  42,Brown                 , -1,   7
2019-09-27,Duke                  , -1,  45,Virginia_Tech         ,  1,  10
2019-09-27,Penn_St               , -1,  59,Maryland              ,  1,   0
2019-09-28,Incarnate_Word        ,  1,  31,Abilene_Chr           , -1,  24
2019-09-28,Massachusetts         ,  1,  37,Akron                 , -1,  29
2019-09-28,Alabama               ,  1,  59,Mississippi           , -1,  31
2019-09-28,SUNY_Albany           ,  1,  39,William_&_Mary        , -1,  31
2019-09-28,Alcorn_St             ,  1,  45,MS_Valley_St          , -1,  19
2019-09-28,Appalachian_St        ,  1,  56,Coastal_Car           , -1,  37
2019-09-28,Arizona               ,  1,  20,UCLA                  , -1,  17
2019-09-28,Arkansas_St           , -1,  50,Troy                  ,  1,  43
2019-09-28,Auburn                ,  1,  56,Mississippi_St        , -1,  23
2019-09-28,Austin_Peay           ,  1,  52,Jacksonville_St       , -1,  33
2019-09-28,Wake_Forest           , -1,  27,Boston_College        ,  1,  24
2019-09-28,Miami_OH              ,  1,  34,Buffalo               , -1,  20
2019-09-28,Cal_Poly              , -1,  24,Southern_Utah         ,  1,  21
2019-09-28,Campbell              , -1,  34,Mercer                ,  1,  27
2019-09-28,FL_Atlantic           , -1,  45,Charlotte             ,  1,  27
2019-09-28,Chattanooga           ,  1,  60,W_Carolina            , -1,  36
2019-09-28,Cincinnati            , -1,  52,Marshall              ,  1,  14
2019-09-28,Samford               ,  1,  61,Citadel               , -1,  55
2019-09-28,W_Michigan            ,  1,  31,C_Michigan            , -1,  15
2019-09-28,Utah_St               ,  1,  34,Colorado_St           , -1,  24
2019-09-28,UCF                   ,  1,  56,Connecticut           , -1,  21
2019-09-28,Pittsburgh            ,  1,  17,Delaware              , -1,  14
2019-09-28,New_Hampshire         ,  1,  23,Duquesne              , -1,   6
2019-09-28,East_Carolina         , -1,  24,Old_Dominion          ,  1,  21
2019-09-28,Tennessee_Tech        , -1,  40,E_Illinois            ,  1,  29
2019-09-28,E_Kentucky            ,  1,  42,Tennessee_St          , -1,  16
2019-09-28,James_Madison         , -1,  45,Elon                  ,  1,  10
2019-09-28,Furman                ,  1,  17,ETSU                  , -1,  10
2019-09-28,E_Washington          ,  1,  35,North_Dakota          , -1,  20
2019-09-28,Florida               ,  1,  38,Towson                , -1,   0
2019-09-28,Fresno_St             , -1,  30,New_Mexico_St         ,  1,  17
2019-09-28,Louisiana             , -1,  37,Ga_Southern           ,  1,  24
2019-09-28,Hawaii                , -1,  54,Nevada                ,  1,   3
2019-09-28,Syracuse              ,  1,  41,Holy_Cross            , -1,   3
2019-09-28,Houston               , -1,  46,North_Texas           ,  1,  25
2019-09-28,N_Colorado            ,  1,  27,Idaho                 , -1,  24
2019-09-28,Idaho_St              ,  1,  51,Portland_St           , -1,  24
2019-09-28,Michigan_St           ,  1,  40,Indiana               , -1,  31
2019-09-28,Iowa                  ,  1,  48,MTSU                  , -1,   3
2019-09-28,TCU                   ,  1,  51,Kansas                , -1,  14
2019-09-28,Oklahoma_St           ,  1,  26,Kansas_St             , -1,  13
2019-09-28,South_Carolina        ,  1,  24,Kentucky              , -1,   7
2019-09-28,SF_Austin             , -1,  24,Lamar                 ,  1,  17
2019-09-28,Louisiana_Tech        , -1,  23,Rice                  ,  1,  20
2019-09-28,Villanova             ,  1,  33,Maine                 , -1,  17
2019-09-28,Sam_Houston_St        , -1,  28,McNeese_St            ,  1,  17
2019-09-28,Michigan              ,  1,  52,Rutgers               , -1,   0
2019-09-28,Minnesota             , -1,  38,Purdue                ,  1,  31
2019-09-28,Montana               , -1,  45,UC_Davis              ,  1,  20
2019-09-28,Montana_St            ,  1,  49,Northern_Arizona      , -1,  31
2019-09-28,TN_Martin             ,  1,  40,Murray_St             , -1,   7
2019-09-28,Texas_St              ,  1,  24,Nicholls_St           , -1,   3
2019-09-28,Vanderbilt            ,  1,  24,N_Illinois            , -1,  18
2019-09-28,Weber_St              ,  1,  29,Northern_Iowa         , -1,  17
2019-09-28,SE_Louisiana          , -1,  44,Northwestern_LA       ,  1,  27
2019-09-28,Notre_Dame            ,  1,  35,Virginia              , -1,  20
2019-09-28,Oklahoma              ,  1,  55,Texas_Tech            , -1,  16
2019-09-28,Stanford              , -1,  31,Oregon_St             ,  1,  28
2019-09-28,Stony_Brook           , -1,  31,Rhode_Island          ,  1,  27
2019-09-28,SMU                   , -1,  48,South_Florida         ,  1,  21
2019-09-28,ULM                   ,  1,  30,South_Alabama         , -1,  17
2019-09-28,Southern_Miss         ,  1,  31,UTEP                  , -1,  13
2019-09-28,WKU                   ,  1,  20,UAB                   , -1,  13
2019-09-28,Wyoming               ,  1,  53,UNLV                  , -1,  17
2019-09-28,Washington            ,  1,  28,USC                   , -1,  14
2019-09-28,Utah                  ,  1,  38,Washington_St         , -1,  13
2019-09-28,Wofford               , -1,  51,VMI                   ,  1,  36
2019-09-28,Bethune-Cookman       , -1,  37,Howard                ,  1,  29
2019-09-28,St_Francis_PA         , -1,  16,Bryant                ,  1,   6
2019-09-28,Georgetown            , -1,  24,Columbia              ,  1,  10
2019-09-28,Florida_St            ,  1,  31,NC_State              , -1,  13
2019-09-28,Liberty               ,  1,  17,New_Mexico            , -1,  10
2019-09-28,Clemson               , -1,  21,North_Carolina        ,  1,  20
2019-09-28,Temple                ,  1,  24,Georgia_Tech          , -1,   2
2019-09-28,Toledo                ,  1,  28,BYU                   , -1,  21
2019-09-28,Texas_A&M             ,  0,  31,Arkansas              ,  0,  27
2019-09-28,Baylor                ,  1,  23,Iowa_St               , -1,  21
2019-09-28,Ohio_St               , -1,  48,Nebraska              ,  1,   7
2019-09-28,Wisconsin             ,  1,  24,Northwestern          , -1,  15
2019-09-28,Dartmouth             ,  1,  38,Colgate               , -1,   3
2019-09-28,Fordham               ,  1,  23,Richmond              , -1,  16
2019-09-28,Houston_Bap           ,  1,  68,TX_Southern           , -1,  31
2019-09-28,Lehigh                ,  1,  10,Merrimack             , -1,   3
2019-09-28,Youngstown_St         ,  1,  45,Robert_Morris         , -1,  10
2019-09-28,Drake                 , -1,  41,Marist                ,  1,  17
2019-09-28,Southern_Univ         , -1,  31,Ark_Pine_Bluff        ,  1,   7
2019-09-28,Princeton             , -1,  56,Bucknell              ,  1,  23
2019-09-28,Penn                  , -1,  28,Lafayette             ,  1,  24
2019-09-28,NC_Central            , -1,  27,Morgan_St             ,  1,  17
2019-09-28,Florida_A&M           , -1,  30,Norfolk_St            ,  1,  28
2019-09-28,North_Alabama         ,  1,  41,Presbyterian          , -1,  21
2019-09-28,Prairie_View          ,  0,  42,Grambling             ,  0,  36
2019-09-28,Wagner                ,  1,  24,LIU_Post              , -1,  14
2019-09-28,Yale                  ,  1,  27,Cornell               , -1,  16
2019-10-03,Temple                , -1,  27,East_Carolina         ,  1,  17
2019-10-03,Ga_Southern           , -1,  20,South_Alabama         ,  1,  17
2019-10-04,Cincinnati            ,  1,  27,UCF                   , -1,  24
2019-10-04,San_Jose_St           ,  1,  32,New_Mexico            , -1,  21
2019-10-04,Dartmouth             , -1,  28,Penn                  ,  1,  15
2019-10-05,Lamar                 ,  1,  27,Abilene_Chr           , -1,  24
2019-10-05,Navy                  ,  1,  34,Air_Force             , -1,  25
2019-10-05,Alcorn_St             , -1,  35,Alabama_St            ,  1,   7
2019-10-05,Richmond              ,  1,  23,SUNY_Albany           , -1,  20
2019-10-05,Arizona               , -1,  35,Colorado              ,  1,  30
2019-10-05,Georgia_St            ,  1,  52,Arkansas_St           , -1,  38
2019-10-05,Tulane                , -1,  42,Army                  ,  1,  33
2019-10-05,Florida               ,  1,  24,Auburn                , -1,  13
2019-10-05,Ball_St               , -1,  27,N_Illinois            ,  1,  20
2019-10-05,Baylor                , -1,  31,Kansas_St             ,  1,  12
2019-10-05,Bethune-Cookman       ,  1,  31,Morgan_St             , -1,  20
2019-10-05,Boise_St              , -1,  38,UNLV                  ,  1,  13
2019-10-05,Louisville            ,  1,  41,Boston_College        , -1,  39
2019-10-05,Notre_Dame            ,  1,  52,Bowling_Green         , -1,   0
2019-10-05,Rhode_Island          , -1,  31,Brown                 ,  1,  28
2019-10-05,Holy_Cross            , -1,  21,Bucknell              ,  1,  14
2019-10-05,Ohio                  , -1,  21,Buffalo               ,  1,  20
2019-10-05,Stetson               ,  1,  30,Butler                , -1,  27
2019-10-05,Oregon                ,  1,  17,California            , -1,   7
2019-10-05,Montana_St            , -1,  34,Cal_Poly              ,  1,  28
2019-10-05,Nicholls_St           ,  1,  34,Cent_Arkansas         , -1,  14
2019-10-05,Chattanooga           , -1,  34,Mercer                ,  1,  17
2019-10-05,VMI                   , -1,  34,Citadel               ,  1,  21
2019-10-05,C_Michigan            ,  1,  42,E_Michigan            , -1,  16
2019-10-05,Lehigh                , -1,  21,Colgate               ,  1,  14
2019-10-05,San_Diego_St          , -1,  24,Colorado_St           ,  1,  10
2019-10-05,South_Florida         , -1,  48,Connecticut           ,  1,  22
2019-10-05,CS_Sacramento         ,  1,  48,E_Washington          , -1,  27
2019-10-05,Davidson              , -1,  42,Morehead_St           ,  1,  31
2019-10-05,Dayton                ,  1,  56,Jacksonville          , -1,  28
2019-10-05,S_Carolina_St         , -1,  38,Delaware_St           ,  1,  24
2019-10-05,Pittsburgh            , -1,  33,Duke                  ,  1,  30
2019-10-05,Murray_St             ,  1,  24,E_Illinois            , -1,  17
2019-10-05,TN_Martin             , -1,  38,E_Kentucky            ,  1,  28
2019-10-05,New_Hampshire         ,  1,  26,Elon                  , -1,  10
2019-10-05,Wofford               , -1,  35,ETSU                  ,  1,  17
2019-10-05,Florida_Intl          ,  1,  44,Massachusetts         , -1,   0
2019-10-05,Furman                , -1,  58,Samford               ,  1,  14
2019-10-05,Gardner_Webb          , -1,  24,W_Carolina            ,  1,  21
2019-10-05,Georgia               , -1,  43,Tennessee             ,  1,  14
2019-10-05,Hampton               ,  1,  40,North_Alabama         , -1,  34
2019-10-05,Incarnate_Word        , -1,  38,Houston_Bap           ,  1,  36
2019-10-05,Weber_St              , -1,  41,Idaho                 ,  1,  35
2019-10-05,Montana               ,  1,  59,Idaho_St              , -1,  20
2019-10-05,Minnesota             ,  1,  40,Illinois              , -1,  17
2019-10-05,N_Dakota_St           , -1,  37,Illinois_St           ,  1,   3
2019-10-05,South_Dakota          ,  1,  38,Indiana_St            , -1,   0
2019-10-05,Michigan              ,  1,  10,Iowa                  , -1,   3
2019-10-05,Jacksonville_St       ,  1,  31,Tennessee_St          , -1,  23
2019-10-05,James_Madison         , -1,  45,Stony_Brook           ,  1,  38
2019-10-05,Oklahoma              , -1,  45,Kansas                ,  1,  20
2019-10-05,Wisconsin             ,  1,  48,Kent                  , -1,   0
2019-10-05,LSU                   ,  1,  42,Utah_St               , -1,   6
2019-10-05,San_Diego             ,  1,  31,Marist                , -1,   7
2019-10-05,MTSU                  ,  1,  24,Marshall              , -1,  13
2019-10-05,Maryland              , -1,  48,Rutgers               ,  1,   7
2019-10-05,McNeese_St            ,  1,  38,SE_Louisiana          , -1,  34
2019-10-05,Memphis               , -1,  52,ULM                   ,  1,  33
2019-10-05,Virginia_Tech         , -1,  42,Miami_FL              ,  1,  35
2019-10-05,Mississippi           ,  1,  31,Vanderbilt            , -1,   6
2019-10-05,Missouri              ,  1,  42,Troy                  , -1,  10
2019-10-05,Missouri_St           , -1,  37,W_Illinois            ,  1,  31
2019-10-05,Monmouth_NJ           , -1,  16,Wagner                ,  1,  14
2019-10-05,Northern_Arizona      ,  1,  41,N_Colorado            , -1,  23
2019-10-05,Nebraska              ,  1,  13,Northwestern          , -1,  10
2019-10-05,North_Dakota          ,  1,  38,UC_Davis              , -1,  36
2019-10-05,Northern_Iowa         ,  1,  21,Youngstown_St         , -1,  14
2019-10-05,Texas_Tech            ,  1,  45,Oklahoma_St           , -1,  35
2019-10-05,WKU                   , -1,  20,Old_Dominion          ,  1,   3
2019-10-05,Oregon_St             , -1,  48,UCLA                  ,  1,  31
2019-10-05,Penn_St               ,  1,  35,Purdue                , -1,   7
2019-10-05,Portland_St           ,  1,  52,Southern_Utah         , -1,  31
2019-10-05,UAB                   ,  1,  35,Rice                  , -1,  20
2019-10-05,Sam_Houston_St        ,  0,  31,SF_Austin             ,  0,  20
2019-10-05,S_Dakota_St           ,  1,  28,S_Illinois            , -1,  10
2019-10-05,SE_Missouri_St        ,  1,  43,Tennessee_Tech        , -1,  37
2019-10-05,SMU                   ,  1,  43,Tulsa                 , -1,  37
2019-10-05,Stanford              ,  1,  23,Washington            , -1,  13
2019-10-05,Texas                 , -1,  42,West_Virginia         ,  1,  31
2019-10-05,Toledo                ,  1,  31,W_Michigan            , -1,  24
2019-10-05,UT_San_Antonio        , -1,  26,UTEP                  ,  1,  16
2019-10-05,Villanova             , -1,  35,William_&_Mary        ,  1,  28
2019-10-05,Grambling             , -1,  44,Jackson_St            ,  1,  21
2019-10-05,Georgetown            , -1,  14,Cornell               ,  1,   8
2019-10-05,Harvard               ,  1,  62,Howard                , -1,  17
2019-10-05,North_Carolina        , -1,  38,Georgia_Tech          ,  1,  22
2019-10-05,Ohio_St               ,  1,  34,Michigan_St           , -1,  10
2019-10-05,Iowa_St               ,  1,  49,TCU                   , -1,  24
2019-10-05,Liberty               , -1,  20,New_Mexico_St         ,  1,  13
2019-10-05,Central_Conn          , -1,  28,Sacred_Heart          ,  1,   3
2019-10-05,Alabama_A&M           ,  1,  35,TX_Southern           , -1,  28
2019-10-05,Bryant                , -1,  24,Merrimack             ,  1,  17
2019-10-05,NC_A&T                , -1,  58,Norfolk_St            ,  1,  19
2019-10-05,Drake                 ,  1,  35,Valparaiso            , -1,   6
2019-10-05,Campbell              ,  1,  28,Presbyterian          , -1,  14
2019-10-05,Duquesne              ,  1,  21,LIU_Post              , -1,  14
2019-10-05,Florida_A&M           ,  1,  28,NC_Central            , -1,  21
2019-10-05,Princeton             ,  1,  21,Columbia              , -1,  10
2019-10-05,Yale                  ,  1,  48,Fordham               , -1,  24
2019-10-09,Appalachian_St        , -1,  17,Louisiana             ,  1,   7
2019-10-10,Bethune-Cookman       , -1,  27,NC_Central            ,  1,  13
2019-10-10,NC_State              ,  1,  16,Syracuse              , -1,  10
2019-10-10,ULM                   , -1,  24,Texas_St              ,  1,  14
2019-10-11,Oregon                ,  1,  45,Colorado              , -1,   3
2019-10-11,Colorado_St           , -1,  35,New_Mexico            ,  1,  21
2019-10-11,Miami_FL              ,  1,  17,Virginia              , -1,   9
2019-10-11,Princeton             ,  1,  28,Lafayette             , -1,   3
2019-10-12,Abilene_Chr           ,  1,  45,Houston_Bap           , -1,  20
2019-10-12,Air_Force             ,  1,  43,Fresno_St             , -1,  24
2019-10-12,Kent                  , -1,  26,Akron                 ,  1,   3
2019-10-12,Alabama               , -1,  47,Texas_A&M             ,  1,  28
2019-10-12,Grambling             ,  1,  23,Alabama_A&M           , -1,  10
2019-10-12,Washington            , -1,  51,Arizona               ,  1,  27
2019-10-12,Arizona_St            ,  1,  38,Washington_St         , -1,  34
2019-10-12,Ark_Pine_Bluff        ,  1,  38,MS_Valley_St          , -1,   6
2019-10-12,WKU                   ,  1,  17,Army                  , -1,   8
2019-10-12,Austin_Peay           ,  1,  28,SE_Missouri_St        , -1,  24
2019-10-12,Ball_St               , -1,  29,E_Michigan            ,  1,  23
2019-10-12,Baylor                ,  1,  33,Texas_Tech            , -1,  30
2019-10-12,Boise_St              ,  1,  59,Hawaii                , -1,  37
2019-10-12,Bowling_Green         ,  1,  20,Toledo                , -1,   7
2019-10-12,Holy_Cross            , -1,  47,Brown                 ,  1,  31
2019-10-12,Bucknell              , -1,  32,Colgate               ,  1,  14
2019-10-12,UC_Davis              ,  1,  48,Cal_Poly              , -1,  24
2019-10-12,Cent_Arkansas         ,  1,  40,McNeese_St            , -1,  31
2019-10-12,Kennesaw              ,  1,  45,Charleston_So         , -1,  23
2019-10-12,Florida_Intl          ,  1,  48,Charlotte             , -1,  23
2019-10-12,Cincinnati            , -1,  38,Houston               ,  1,  23
2019-10-12,Citadel               ,  1,  35,W_Carolina            , -1,  17
2019-10-12,C_Michigan            ,  1,  42,New_Mexico_St         , -1,  28
2019-10-12,Georgia_St            , -1,  31,Coastal_Car           ,  1,  21
2019-10-12,Tulane                ,  1,  49,Connecticut           , -1,   7
2019-10-12,CS_Sacramento         , -1,  34,Montana_St            ,  1,  21
2019-10-12,San_Diego             , -1,  37,Davidson              ,  1,  17
2019-10-12,Elon                  ,  1,  42,Delaware              , -1,   7
2019-10-12,Morgan_St             ,  1,  34,Delaware_St           , -1,   3
2019-10-12,Jacksonville_St       , -1,  28,E_Illinois            ,  1,  20
2019-10-12,E_Washington          ,  1,  54,N_Colorado            , -1,  21
2019-10-12,FL_Atlantic           ,  1,  28,MTSU                  , -1,  13
2019-10-12,LSU                   ,  1,  42,Florida               , -1,  28
2019-10-12,Gardner_Webb          ,  1,  35,Hampton               , -1,  27
2019-10-12,South_Carolina        , -1,  20,Georgia               ,  1,  17
2019-10-12,Portland_St           ,  1,  24,Idaho                 , -1,   0
2019-10-12,Idaho_St              ,  1,  55,North_Dakota          , -1,  20
2019-10-12,Michigan              , -1,  42,Illinois              ,  1,  25
2019-10-12,Illinois_St           , -1,  21,S_Illinois            ,  1,   7
2019-10-12,Incarnate_Word        , -1,  27,SE_Louisiana          ,  1,  21
2019-10-12,Indiana               ,  1,  35,Rutgers               , -1,   0
2019-10-12,Indiana_St            ,  1,  20,W_Illinois            , -1,  10
2019-10-12,Penn_St               , -1,  17,Iowa                  ,  1,  12
2019-10-12,Morehead_St           , -1,  30,Jacksonville          ,  1,  22
2019-10-12,James_Madison         ,  1,  38,Villanova             , -1,  24
2019-10-12,Lamar                 , -1,  20,Sam_Houston_St        ,  1,  17
2019-10-12,Louisiana_Tech        ,  1,  69,Massachusetts         , -1,  21
2019-10-12,Louisville            , -1,  62,Wake_Forest           ,  1,  59
2019-10-12,Richmond              , -1,  24,Maine                 ,  1,  17
2019-10-12,Marshall              ,  1,  31,Old_Dominion          , -1,  17
2019-10-12,Purdue                ,  1,  40,Maryland              , -1,  14
2019-10-12,Temple                ,  1,  30,Memphis               , -1,  28
2019-10-12,W_Michigan            ,  1,  38,Miami_OH              , -1,  16
2019-10-12,Wisconsin             ,  1,  38,Michigan_St           , -1,   0
2019-10-12,Minnesota             ,  1,  34,Nebraska              , -1,   7
2019-10-12,Missouri              ,  1,  38,Mississippi           , -1,  27
2019-10-12,Tennessee             ,  1,  20,Mississippi_St        , -1,  10
2019-10-12,South_Dakota          , -1,  45,Missouri_St           ,  1,  10
2019-10-12,Murray_St             , -1,  31,Tennessee_St          ,  1,  17
2019-10-12,Navy                  , -1,  45,Tulsa                 ,  1,  17
2019-10-12,N_Dakota_St           ,  1,  46,Northern_Iowa         , -1,  14
2019-10-12,Nevada                ,  1,  41,San_Jose_St           , -1,  38
2019-10-12,New_Hampshire         , -1,  20,Stony_Brook           ,  1,  14
2019-10-12,Nicholls_St           ,  1,  45,Northwestern_LA       , -1,  35
2019-10-12,N_Illinois            , -1,  39,Ohio                  ,  1,  36
2019-10-12,Southern_Miss         ,  1,  45,North_Texas           , -1,  27
2019-10-12,Notre_Dame            ,  1,  30,USC                   , -1,  27
2019-10-12,Oklahoma              ,  0,  34,Texas                 ,  0,  27
2019-10-12,Utah                  , -1,  52,Oregon_St             ,  1,   7
2019-10-12,Virginia_Tech         ,  1,  34,Rhode_Island          , -1,  17
2019-10-12,VMI                   ,  1,  48,Samford               , -1,  41
2019-10-12,San_Diego_St          ,  1,  26,Wyoming               , -1,  22
2019-10-12,S_Dakota_St           , -1,  38,Youngstown_St         ,  1,  28
2019-10-12,Weber_St              ,  1,  29,Southern_Utah         , -1,  14
2019-10-12,TN_Martin             , -1,  55,Tennessee_Tech        ,  1,  14
2019-10-12,UAB                   , -1,  33,UT_San_Antonio        ,  1,  14
2019-10-12,UNLV                  , -1,  34,Vanderbilt            ,  1,  10
2019-10-12,Alabama_St            , -1,  31,Jackson_St            ,  1,  16
2019-10-12,Harvard               ,  1,  35,Cornell               , -1,  22
2019-10-12,Dayton                , -1,  41,Valparaiso            ,  1,  28
2019-10-12,Norfolk_St            , -1,  49,Howard                ,  1,  21
2019-10-12,Clemson               ,  1,  45,Florida_St            , -1,  14
2019-10-12,Duke                  ,  1,  41,Georgia_Tech          , -1,  23
2019-10-12,Kentucky              ,  1,  24,Arkansas              , -1,  20
2019-10-12,South_Florida         ,  1,  27,BYU                   , -1,  23
2019-10-12,Iowa_St               , -1,  38,West_Virginia         ,  1,  14
2019-10-12,Central_Conn          , -1,  24,Columbia              ,  1,  14
2019-10-12,Fordham               , -1,  30,Georgetown            ,  1,  27
2019-10-12,Robert_Morris         , -1,  20,St_Francis_PA         ,  1,  17
2019-10-12,Drake                 , -1,  42,Butler                ,  1,   7
2019-10-12,Bryant                ,  1,  27,LIU_Post              , -1,  22
2019-10-12,Dartmouth             ,  1,  42,Yale                  , -1,  10
2019-10-12,Monmouth_NJ           ,  1,  45,Presbyterian          , -1,   0
2019-10-12,Penn                  ,  1,  38,Sacred_Heart          , -1,  24
2019-10-12,Florida_A&M           , -1,  42,S_Carolina_St         ,  1,  38
2019-10-12,Southern_Univ         ,  1,  34,Prairie_View          , -1,  28
2019-10-12,SUNY_Albany           , -1,  38,Towson                ,  1,  21
2019-10-16,Troy                  ,  1,  37,South_Alabama         , -1,  13
2019-10-17,Louisiana             , -1,  37,Arkansas_St           ,  1,  20
2019-10-17,Chattanooga           ,  1,  16,ETSU                  , -1,  13
2019-10-17,UCLA                  , -1,  34,Stanford              ,  1,  16
2019-10-18,Fresno_St             ,  1,  56,UNLV                  , -1,  27
2019-10-18,Pittsburgh            , -1,  27,Syracuse              ,  1,  20
2019-10-18,Marshall              , -1,  36,FL_Atlantic           ,  1,  31
2019-10-18,Ohio_St               , -1,  52,Northwestern          ,  1,   3
2019-10-19,Abilene_Chr           ,  1,  31,SF_Austin             , -1,  24
2019-10-19,Air_Force             , -1,  56,Hawaii                ,  1,  26
2019-10-19,Buffalo               , -1,  21,Akron                 ,  1,   0
2019-10-19,Alabama               ,  1,  35,Tennessee             , -1,  13
2019-10-19,SUNY_Albany           ,  1,  35,Rhode_Island          , -1,  28
2019-10-19,Appalachian_St        ,  1,  52,ULM                   , -1,   7
2019-10-19,USC                   ,  1,  41,Arizona               , -1,  14
2019-10-19,Utah                  ,  1,  21,Arizona_St            , -1,   3
2019-10-19,Georgia_St            ,  1,  28,Army                  , -1,  21
2019-10-19,Tennessee_St          ,  1,  26,Austin_Peay           , -1,  24
2019-10-19,Ball_St               ,  1,  52,Toledo                , -1,  14
2019-10-19,Baylor                , -1,  45,Oklahoma_St           ,  1,  27
2019-10-19,Bethune-Cookman       ,  1,  35,Norfolk_St            , -1,  22
2019-10-19,Boston_College        ,  1,  45,NC_State              , -1,  24
2019-10-19,C_Michigan            , -1,  38,Bowling_Green         ,  1,  20
2019-10-19,Towson                ,  1,  56,Bucknell              , -1,   7
2019-10-19,Morehead_St           ,  1,  31,Butler                , -1,  20
2019-10-19,Oregon_St             , -1,  21,California            ,  1,  17
2019-10-19,North_Dakota          , -1,  30,Cal_Poly              ,  1,  26
2019-10-19,Campbell              ,  1,  31,Hampton               , -1,  16
2019-10-19,Cent_Arkansas         , -1,  31,Northwestern_LA       ,  1,  30
2019-10-19,Charleston_So         , -1,  25,North_Alabama         ,  1,  20
2019-10-19,WKU                   ,  1,  30,Charlotte             , -1,  14
2019-10-19,Cincinnati            ,  1,  24,Tulsa                 , -1,  13
2019-10-19,Citadel               , -1,  27,Furman                ,  1,  10
2019-10-19,Ga_Southern           ,  1,  30,Coastal_Car           , -1,  27
2019-10-19,Washington_St         ,  1,  41,Colorado              , -1,  10
2019-10-19,Houston               , -1,  24,Connecticut           ,  1,  17
2019-10-19,CS_Sacramento         ,  1,  49,Montana               , -1,  22
2019-10-19,Davidson              , -1,  49,Jacksonville          ,  1,  19
2019-10-19,Stetson               ,  1,  38,Dayton                , -1,  21
2019-10-19,Delaware              ,  1,  16,New_Hampshire         , -1,  10
2019-10-19,Virginia              ,  1,  48,Duke                  , -1,  14
2019-10-19,Duquesne              , -1,  20,Sacred_Heart          ,  1,   6
2019-10-19,UCF                   ,  1,  41,East_Carolina         , -1,  28
2019-10-19,TN_Martin             ,  1,  27,E_Illinois            , -1,  18
2019-10-19,E_Kentucky            , -1,  34,Murray_St             ,  1,  27
2019-10-19,E_Michigan            ,  1,  34,W_Michigan            , -1,  27
2019-10-19,Florida               , -1,  38,South_Carolina        ,  1,  27
2019-10-19,Florida_Intl          ,  1,  32,UTEP                  , -1,  17
2019-10-19,Monmouth_NJ           ,  1,  49,Gardner_Webb          , -1,  28
2019-10-19,Georgetown            ,  1,  14,Lafayette             , -1,  10
2019-10-19,Georgia               ,  1,  21,Kentucky              , -1,   0
2019-10-19,Harvard               , -1,  31,Holy_Cross            ,  1,  21
2019-10-19,McNeese_St            ,  1,  42,Houston_Bap           , -1,  27
2019-10-19,Idaho                 ,  1,  45,Idaho_St              , -1,  21
2019-10-19,Illinois              ,  1,  24,Wisconsin             , -1,  23
2019-10-19,Illinois_St           , -1,  28,W_Illinois            ,  1,  14
2019-10-19,Incarnate_Word        ,  1,  35,Lamar                 , -1,  17
2019-10-19,S_Dakota_St           , -1,  42,Indiana_St            ,  1,  23
2019-10-19,Iowa                  ,  1,  26,Purdue                , -1,  20
2019-10-19,SE_Missouri_St        , -1,  24,Jacksonville_St       ,  1,  21
2019-10-19,James_Madison         , -1,  38,William_&_Mary        ,  1,  10
2019-10-19,Texas                 ,  1,  50,Kansas                , -1,  48
2019-10-19,Kansas_St             ,  1,  24,TCU                   , -1,  17
2019-10-19,Ohio                  ,  1,  45,Kent                  , -1,  38
2019-10-19,Louisiana_Tech        ,  1,  45,Southern_Miss         , -1,  30
2019-10-19,LSU                   , -1,  36,Mississippi_St        ,  1,  13
2019-10-19,Memphis               ,  1,  47,Tulane                , -1,  17
2019-10-19,Mercer                ,  1,  34,VMI                   , -1,  27
2019-10-19,Miami_OH              ,  1,  27,N_Illinois            , -1,  24
2019-10-19,Penn_St               ,  1,  28,Michigan              , -1,  21
2019-10-19,Minnesota             , -1,  42,Rutgers               ,  1,   7
2019-10-19,Texas_A&M             , -1,  24,Mississippi           ,  1,  17
2019-10-19,Vanderbilt            ,  1,  21,Missouri              , -1,  14
2019-10-19,N_Dakota_St           ,  1,  22,Missouri_St           , -1,   0
2019-10-19,S_Carolina_St         ,  1,  24,Morgan_St             , -1,  10
2019-10-19,North_Texas           ,  1,  33,MTSU                  , -1,  30
2019-10-19,Navy                  ,  1,  35,South_Florida         , -1,   3
2019-10-19,Portland_St           , -1,  38,N_Colorado            ,  1,  30
2019-10-19,Utah_St               ,  1,  36,Nevada                , -1,  10
2019-10-19,Wyoming               ,  1,  23,New_Mexico            , -1,  10
2019-10-19,Sam_Houston_St        ,  1,  17,Nicholls_St           , -1,   0
2019-10-19,Virginia_Tech         ,  1,  43,North_Carolina        , -1,  41
2019-10-19,Weber_St              ,  1,  51,Northern_Arizona      , -1,  28
2019-10-19,Northern_Iowa         ,  1,  42,South_Dakota          , -1,  27
2019-10-19,Oklahoma              ,  1,  52,West_Virginia         , -1,  14
2019-10-19,UAB                   ,  1,  38,Old_Dominion          , -1,  14
2019-10-19,Oregon                , -1,  35,Washington            ,  1,  31
2019-10-19,UT_San_Antonio        ,  1,  31,Rice                  , -1,  27
2019-10-19,San_Diego_St          , -1,  27,San_Jose_St           ,  1,  17
2019-10-19,S_Illinois            ,  1,  35,Youngstown_St         , -1,  10
2019-10-19,SMU                   ,  1,  45,Temple                , -1,  21
2019-10-19,UC_Davis              , -1,  33,Southern_Utah         ,  1,  25
2019-10-19,Wofford               ,  1,  59,W_Carolina            , -1,   7
2019-10-19,Jackson_St            , -1,  31,MS_Valley_St          ,  1,  28
2019-10-19,Colgate               , -1,  21,Cornell               ,  1,  20
2019-10-19,San_Diego             ,  1,  42,Valparaiso            , -1,  17
2019-10-19,Liberty               ,  1,  59,Maine                 , -1,  44
2019-10-19,Clemson               , -1,  45,Louisville            ,  1,  10
2019-10-19,Indiana               , -1,  34,Maryland              ,  1,  28
2019-10-19,Georgia_Tech          , -1,  28,Miami_FL              ,  1,  21
2019-10-19,Wake_Forest           ,  1,  22,Florida_St            , -1,  20
2019-10-19,Auburn                , -1,  51,Arkansas              ,  1,  10
2019-10-19,Iowa_St               , -1,  34,Texas_Tech            ,  1,  24
2019-10-19,BYU                   ,  1,  28,Boise_St              , -1,  25
2019-10-19,Central_Conn          ,  1,  52,Bryant                , -1,  14
2019-10-19,Dartmouth             , -1,  49,Marist                ,  1,   7
2019-10-19,Merrimack             , -1,  30,Delaware_St           ,  1,  21
2019-10-19,Lehigh                , -1,  30,Fordham               ,  1,  27
2019-10-19,Robert_Morris         , -1,  21,Wagner                ,  1,  13
2019-10-19,Princeton             , -1,  65,Brown                 ,  1,  22
2019-10-19,Columbia              ,  1,  44,Penn                  , -1,   6
2019-10-19,St_Francis_PA         , -1,  30,LIU_Post              ,  1,   0
2019-10-19,Kennesaw              , -1,  55,Presbyterian          ,  1,  10
2019-10-19,Yale                  , -1,  28,Richmond              ,  1,  27
2019-10-19,Southern_Univ         ,  0,  28,TX_Southern           ,  0,  21
2019-10-20,Florida_A&M           ,  1,  34,NC_A&T                , -1,  31
2019-10-24,SMU                   , -1,  34,Houston               ,  1,  31
2019-10-24,Jackson_St            , -1,  38,Prairie_View          ,  1,  35
2019-10-25,USC                   , -1,  35,Colorado              ,  1,  31
2019-10-25,Dartmouth             ,  1,  59,Columbia              , -1,  24
2019-10-26,Abilene_Chr           , -1,  37,Nicholls_St           ,  1,  31
2019-10-26,Air_Force             ,  1,  31,Utah_St               , -1,   7
2019-10-26,N_Illinois            ,  1,  49,Akron                 , -1,   0
2019-10-26,Alabama_A&M           ,  0,  43,Alabama_St            ,  0,  41
2019-10-26,Appalachian_St        , -1,  30,South_Alabama         ,  1,   3
2019-10-26,Stanford              ,  1,  41,Arizona               , -1,  31
2019-10-26,UCLA                  ,  1,  42,Arizona_St            , -1,  32
2019-10-26,Arkansas_St           ,  1,  38,Texas_St              , -1,  14
2019-10-26,Grambling             , -1,  39,Ark_Pine_Bluff        ,  1,  33
2019-10-26,San_Jose_St           , -1,  34,Army                  ,  1,  29
2019-10-26,LSU                   ,  1,  23,Auburn                , -1,  20
2019-10-26,Austin_Peay           , -1,  58,Tennessee_Tech        ,  1,  21
2019-10-26,Ohio                  , -1,  34,Ball_St               ,  1,  21
2019-10-26,S_Carolina_St         , -1,  27,Bethune-Cookman       ,  1,  19
2019-10-26,W_Michigan            ,  1,  49,Bowling_Green         , -1,  10
2019-10-26,Lafayette             ,  1,  21,Bucknell              , -1,  17
2019-10-26,Buffalo               ,  1,  43,C_Michigan            , -1,  20
2019-10-26,Butler                ,  1,  24,Jacksonville          , -1,  14
2019-10-26,Utah                  ,  1,  35,California            , -1,   0
2019-10-26,CS_Sacramento         , -1,  38,Cal_Poly              ,  1,  14
2019-10-26,Campbell              , -1,  49,Gardner_Webb          ,  1,  47
2019-10-26,Cent_Arkansas         ,  1,  29,Sam_Houston_St        , -1,  25
2019-10-26,Monmouth_NJ           , -1,  35,Charleston_So         ,  1,  13
2019-10-26,Charlotte             ,  1,  39,North_Texas           , -1,  38
2019-10-26,Wofford               ,  1,  35,Chattanooga           , -1,  34
2019-10-26,Citadel               ,  1,  35,Mercer                , -1,  24
2019-10-26,Holy_Cross            ,  1,  31,Colgate               , -1,  10
2019-10-26,Colorado_St           , -1,  41,Fresno_St             ,  1,  31
2019-10-26,Connecticut           , -1,  56,Massachusetts         ,  1,  35
2019-10-26,Marist                , -1,  27,Davidson              ,  1,  21
2019-10-26,San_Diego             , -1,  50,Dayton                ,  1,  38
2019-10-26,Richmond              , -1,  35,Delaware              ,  1,  25
2019-10-26,NC_Central            ,  1,  30,Delaware_St           , -1,  23
2019-10-26,North_Carolina        ,  1,  20,Duke                  , -1,  17
2019-10-26,Duquesne              ,  1,  28,Wagner                , -1,  24
2019-10-26,South_Florida         , -1,  45,East_Carolina         ,  1,  20
2019-10-26,E_Kentucky            , -1,  33,E_Illinois            ,  1,   6
2019-10-26,Elon                  , -1,  38,Rhode_Island          ,  1,  13
2019-10-26,Toledo                ,  1,  37,E_Michigan            , -1,  34
2019-10-26,Samford               ,  1,  24,ETSU                  , -1,  17
2019-10-26,Montana               ,  1,  34,E_Washington          , -1,  17
2019-10-26,FL_Atlantic           , -1,  41,Old_Dominion          ,  1,   3
2019-10-26,MTSU                  ,  1,  50,Florida_Intl          , -1,  17
2019-10-26,Furman                , -1,  28,W_Carolina            ,  1,   7
2019-10-26,Ga_Southern           ,  1,  41,New_Mexico_St         , -1,   7
2019-10-26,Lehigh                ,  1,  27,Georgetown            , -1,  24
2019-10-26,Georgia_St            ,  1,  52,Troy                  , -1,  33
2019-10-26,Hawaii                , -1,  45,New_Mexico            ,  1,  31
2019-10-26,SE_Louisiana          , -1,  52,Houston_Bap           ,  1,  13
2019-10-26,Southern_Utah         ,  1,  59,Idaho_St              , -1,  34
2019-10-26,Illinois              , -1,  24,Purdue                ,  1,   6
2019-10-26,Illinois_St           ,  1,  24,Indiana_St            , -1,   7
2019-10-26,Northwestern_LA       , -1,  44,Incarnate_Word        ,  1,  41
2019-10-26,Iowa                  , -1,  20,Northwestern          ,  1,   0
2019-10-26,Jacksonville_St       ,  1,  14,Murray_St             , -1,  12
2019-10-26,James_Madison         ,  1,  27,Towson                , -1,  10
2019-10-26,Kansas                ,  1,  37,Texas_Tech            , -1,  34
2019-10-26,Kansas_St             ,  1,  48,Oklahoma              , -1,  41
2019-10-26,Kennesaw              ,  1,  41,North_Alabama         , -1,  17
2019-10-26,Kentucky              ,  1,  29,Missouri              , -1,   7
2019-10-26,Louisiana_Tech        , -1,  42,UTEP                  ,  1,  21
2019-10-26,Louisville            ,  1,  28,Virginia              , -1,  21
2019-10-26,Marshall              ,  1,  26,WKU                   , -1,  23
2019-10-26,Minnesota             ,  1,  52,Maryland              , -1,  10
2019-10-26,McNeese_St            , -1,  33,SF_Austin             ,  1,  10
2019-10-26,Memphis               , -1,  42,Tulsa                 ,  1,  41
2019-10-26,Michigan              ,  1,  45,Notre_Dame            , -1,  14
2019-10-26,Penn_St               , -1,  28,Michigan_St           ,  1,   7
2019-10-26,Texas_A&M             ,  1,  49,Mississippi_St        , -1,  30
2019-10-26,Northern_Iowa         , -1,  29,Missouri_St           ,  1,   6
2019-10-26,North_Dakota          ,  1,  16,Montana_St            , -1,  12
2019-10-26,Navy                  ,  1,  41,Tulane                , -1,  38
2019-10-26,N_Dakota_St           , -1,  23,S_Dakota_St           ,  1,  16
2019-10-26,Wyoming               ,  1,  31,Nevada                , -1,   3
2019-10-26,Northern_Arizona      ,  1,  31,Portland_St           , -1,  29
2019-10-26,Oregon                ,  1,  37,Washington_St         , -1,  35
2019-10-26,Southern_Miss         , -1,  20,Rice                  ,  1,   6
2019-10-26,San_Diego_St          , -1,  20,UNLV                  ,  1,  17
2019-10-26,SE_Missouri_St        ,  1,  17,TN_Martin             , -1,  10
2019-10-26,S_Illinois            , -1,  48,South_Dakota          ,  1,  28
2019-10-26,Tennessee             ,  1,  41,South_Carolina        , -1,  21
2019-10-26,Stony_Brook           , -1,  36,Villanova             ,  1,  35
2019-10-26,TCU                   ,  1,  37,Texas                 , -1,  27
2019-10-26,UCF                   , -1,  63,Temple                ,  1,  21
2019-10-26,Weber_St              , -1,  36,UC_Davis              ,  1,  20
2019-10-26,Youngstown_St         ,  1,  59,W_Illinois            , -1,  14
2019-10-26,Cornell               ,  1,  37,Brown                 , -1,  35
2019-10-26,Sacred_Heart          , -1,  36,St_Francis_PA         ,  1,  33
2019-10-26,Valparaiso            ,  1,  19,Stetson               , -1,  10
2019-10-26,Clemson               ,  1,  59,Boston_College        , -1,   7
2019-10-26,Florida_St            ,  1,  35,Syracuse              , -1,  17
2019-10-26,Miami_OH              , -1,  23,Kent                  ,  1,  16
2019-10-26,Ohio_St               ,  1,  38,Wisconsin             , -1,   7
2019-10-26,Miami_FL              , -1,  16,Pittsburgh            ,  1,  12
2019-10-26,Rutgers               ,  1,  44,Liberty               , -1,  34
2019-10-26,Alabama               ,  1,  48,Arkansas              , -1,   7
2019-10-26,Oklahoma_St           , -1,  34,Iowa_St               ,  1,  27
2019-10-26,Indiana               , -1,  38,Nebraska              ,  1,  31
2019-10-26,Central_Conn          ,  1,  28,LIU_Post              , -1,   0
2019-10-26,Robert_Morris         ,  1,  24,Bryant                , -1,  20
2019-10-26,NC_A&T                ,  1,  64,Howard                , -1,   6
2019-10-26,MS_Valley_St          ,  1,  35,TX_Southern           , -1,  14
2019-10-26,Drake                 ,  1,  36,Morehead_St           , -1,  17
2019-10-26,Alcorn_St             ,  1,  27,Southern_Univ         , -1,  13
2019-10-26,Maine                 ,  1,  34,William_&_Mary        , -1,  25
2019-10-26,Merrimack             ,  1,  24,Presbyterian          , -1,  21
2019-10-26,Florida_A&M           , -1,  24,Morgan_St             ,  1,  12
2019-10-26,Princeton             ,  1,  30,Harvard               , -1,  24
2019-10-26,Yale                  ,  1,  46,Penn                  , -1,  41
2019-10-31,Ga_Southern           , -1,  24,Appalachian_St        ,  1,  21
2019-10-31,Baylor                ,  1,  17,West_Virginia         , -1,  14
2019-11-01,Navy                  , -1,  56,Connecticut           ,  1,  10
2019-11-01,Princeton             , -1,  21,Cornell               ,  1,   7
2019-11-02,Air_Force             ,  1,  17,Army                  , -1,  13
2019-11-02,Bowling_Green         ,  1,  35,Akron                 , -1,   6
2019-11-02,Alabama_St            , -1,  27,MS_Valley_St          ,  1,   0
2019-11-02,Maine                 , -1,  47,SUNY_Albany           ,  1,  31
2019-11-02,Oregon_St             , -1,  56,Arizona               ,  1,  38
2019-11-02,Arkansas_St           , -1,  48,ULM                   ,  1,  41
2019-11-02,Auburn                ,  1,  20,Mississippi           , -1,  14
2019-11-02,Austin_Peay           , -1,  28,E_Kentucky            ,  1,  21
2019-11-02,Boise_St              , -1,  52,San_Jose_St           ,  1,  42
2019-11-02,Boston_College        , -1,  58,Syracuse              ,  1,  27
2019-11-02,Sacred_Heart          , -1,  24,Bryant                ,  1,  17
2019-11-02,Buffalo               , -1,  43,E_Michigan            ,  1,  14
2019-11-02,Marist                ,  1,  37,Butler                , -1,  27
2019-11-02,Idaho                 ,  1,  21,Cal_Poly              , -1,   9
2019-11-02,North_Alabama         ,  1,  25,Campbell              , -1,  24
2019-11-02,Cent_Arkansas         , -1,  45,Lamar                 ,  1,  17
2019-11-02,Charleston_So         , -1,  30,Gardner_Webb          ,  1,  27
2019-11-02,Charlotte             ,  1,  34,MTSU                  , -1,  20
2019-11-02,Furman                , -1,  35,Chattanooga           ,  1,  20
2019-11-02,Cincinnati            , -1,  46,East_Carolina         ,  1,  43
2019-11-02,Citadel               , -1,  31,ETSU                  ,  1,  27
2019-11-02,C_Michigan            ,  1,  48,N_Illinois            , -1,  10
2019-11-02,Coastal_Car           ,  1,  36,Troy                  , -1,  35
2019-11-02,Colgate               , -1,  24,Georgetown            ,  1,  14
2019-11-02,UCLA                  ,  1,  31,Colorado              , -1,  14
2019-11-02,Colorado_St           ,  1,  37,UNLV                  , -1,  17
2019-11-02,Weber_St              , -1,  36,CS_Sacramento         ,  1,  17
2019-11-02,Dayton                , -1,  49,Morehead_St           ,  1,  35
2019-11-02,Towson                ,  1,  31,Delaware              , -1,  24
2019-11-02,William_&_Mary        , -1,  31,Elon                  ,  1,  29
2019-11-02,E_Washington          ,  1,  66,Northern_Arizona      , -1,  38
2019-11-02,FL_Atlantic           , -1,  35,WKU                   ,  1,  24
2019-11-02,Georgia               ,  0,  24,Florida               ,  0,  17
2019-11-02,Florida_Intl          ,  1,  24,Old_Dominion          , -1,  17
2019-11-02,Fresno_St             , -1,  41,Hawaii                ,  1,  38
2019-11-02,Holy_Cross            , -1,  24,Lehigh                ,  1,  17
2019-11-02,UCF                   ,  1,  44,Houston               , -1,  29
2019-11-02,N_Colorado            , -1,  26,Idaho_St              ,  1,  20
2019-11-02,Illinois              ,  1,  38,Rutgers               , -1,  10
2019-11-02,Northern_Iowa         , -1,  27,Illinois_St           ,  1,  10
2019-11-02,Nicholls_St           , -1,  27,Incarnate_Word        ,  1,  23
2019-11-02,Indiana               ,  1,  34,Northwestern          , -1,   3
2019-11-02,S_Illinois            , -1,  23,Indiana_St            ,  1,  14
2019-11-02,Stetson               , -1,  27,Jacksonville          ,  1,  24
2019-11-02,TN_Martin             ,  1,  22,Jacksonville_St       , -1,  17
2019-11-02,Kansas_St             , -1,  38,Kansas                ,  1,  10
2019-11-02,Monmouth_NJ           , -1,  45,Kennesaw              ,  1,  21
2019-11-02,Louisiana             ,  1,  31,Texas_St              , -1,   3
2019-11-02,Marshall              , -1,  20,Rice                  ,  1,   7
2019-11-02,McNeese_St            ,  1,  30,Northwestern_LA       , -1,  20
2019-11-02,Memphis               ,  1,  54,SMU                   , -1,  48
2019-11-02,Mercer                ,  1,  36,Samford               , -1,  33
2019-11-02,S_Dakota_St           , -1,  35,Missouri_St           ,  1,  14
2019-11-02,Montana               , -1,  38,Portland_St           ,  1,  23
2019-11-02,Montana_St            ,  1,  42,Southern_Utah         , -1,   7
2019-11-02,Norfolk_St            ,  1,  48,Morgan_St             , -1,   0
2019-11-02,Tennessee_Tech        , -1,  17,Murray_St             ,  1,   7
2019-11-02,Wake_Forest           ,  1,  44,NC_State              , -1,  10
2019-11-02,N_Dakota_St           , -1,  56,Youngstown_St         ,  1,  17
2019-11-02,Purdue                ,  1,  31,Nebraska              , -1,  27
2019-11-02,Nevada                ,  1,  21,New_Mexico            , -1,  10
2019-11-02,New_Hampshire         ,  1,  28,Villanova             , -1,  20
2019-11-02,Virginia              , -1,  38,North_Carolina        ,  1,  31
2019-11-02,North_Texas           ,  1,  52,UTEP                  , -1,  26
2019-11-02,Notre_Dame            ,  1,  21,Virginia_Tech         , -1,  20
2019-11-02,Oklahoma_St           ,  1,  34,TCU                   , -1,  27
2019-11-02,Oregon                , -1,  56,USC                   ,  1,  24
2019-11-02,Richmond              ,  1,  30,Stony_Brook           , -1,  10
2019-11-02,SE_Louisiana          ,  1,  47,SF_Austin             , -1,  30
2019-11-02,SE_Missouri_St        , -1,  32,Tennessee_St          ,  1,  13
2019-11-02,South_Carolina        ,  1,  24,Vanderbilt            , -1,   7
2019-11-02,W_Illinois            ,  1,  38,South_Dakota          , -1,  34
2019-11-02,Tennessee             ,  1,  30,UAB                   , -1,   7
2019-11-02,Texas_A&M             ,  1,  45,UT_San_Antonio        , -1,  14
2019-11-02,Tulane                ,  1,  38,Tulsa                 , -1,  26
2019-11-02,Utah                  , -1,  33,Washington            ,  1,  28
2019-11-02,W_Carolina            , -1,  43,VMI                   ,  1,  35
2019-11-02,Jackson_St            ,  1,  21,Ark_Pine_Bluff        , -1,  12
2019-11-02,Davidson              ,  1,  27,Valparaiso            , -1,  21
2019-11-02,Duquesne              ,  1,  30,St_Francis_PA         , -1,  21
2019-11-02,NC_Central            , -1,  28,Howard                ,  1,   6
2019-11-02,Clemson               ,  1,  59,Wofford               , -1,  14
2019-11-02,Miami_FL              , -1,  27,Florida_St            ,  1,  10
2019-11-02,Pittsburgh            , -1,  20,Georgia_Tech          ,  1,  10
2019-11-02,Michigan              , -1,  38,Maryland              ,  1,   7
2019-11-02,Liberty               , -1,  63,Massachusetts         ,  1,  21
2019-11-02,Mississippi_St        , -1,  54,Arkansas              ,  1,  24
2019-11-02,BYU                   , -1,  42,Utah_St               ,  1,  14
2019-11-02,Central_Conn          , -1,  27,Wagner                ,  1,  13
2019-11-02,Dartmouth             , -1,   9,Harvard               ,  1,   6
2019-11-02,Lafayette             ,  1,  38,Fordham               , -1,  34
2019-11-02,Grambling             ,  1,  55,TX_Southern           , -1,  20
2019-11-02,Rhode_Island          ,  1,  42,Merrimack             , -1,  14
2019-11-02,NC_A&T                , -1,  22,S_Carolina_St         ,  1,  20
2019-11-02,San_Diego             ,  1,  49,Drake                 , -1,   7
2019-11-02,Florida_A&M           ,  1,  52,Delaware_St           , -1,  30
2019-11-02,Hampton               ,  1,  40,Presbyterian          , -1,  17
2019-11-02,Penn                  ,  1,  38,Brown                 , -1,  36
2019-11-02,Robert_Morris         ,  1,  28,LIU_Post              , -1,  17
2019-11-02,Southern_Univ         ,  1,  35,Alabama_A&M           , -1,  31
2019-11-02,Yale                  ,  1,  45,Columbia              , -1,  10
2019-11-05,W_Michigan            ,  1,  35,Ball_St               , -1,  31
2019-11-05,Toledo                ,  1,  35,Kent                  , -1,  33
2019-11-06,Miami_OH              , -1,  24,Ohio                  ,  1,  21
2019-11-07,Louisiana             , -1,  48,Coastal_Car           ,  1,   7
2019-11-07,Temple                , -1,  17,South_Florida         ,  1,   7
2019-11-08,Washington            , -1,  19,Oregon_St             ,  1,   7
2019-11-08,Tulsa                 ,  1,  34,UCF                   , -1,  31
2019-11-09,Sam_Houston_St        , -1,  24,Abilene_Chr           ,  1,  10
2019-11-09,LSU                   , -1,  46,Alabama               ,  1,  41
2019-11-09,SUNY_Albany           , -1,  21,Delaware              ,  1,  17
2019-11-09,Grambling             ,  1,  19,Alcorn_St             , -1,  16
2019-11-09,Appalachian_St        , -1,  20,South_Carolina        ,  1,  15
2019-11-09,USC                   , -1,  31,Arizona_St            ,  1,  26
2019-11-09,Prairie_View          ,  1,  37,Ark_Pine_Bluff        , -1,  20
2019-11-09,Army                  ,  1,  63,Massachusetts         , -1,   7
2019-11-09,Austin_Peay           ,  1,  38,TN_Martin             , -1,  24
2019-11-09,Baylor                , -1,  29,TCU                   ,  1,  23
2019-11-09,Delaware_St           ,  1,  16,Bethune-Cookman       , -1,  13
2019-11-09,Boise_St              ,  1,  20,Wyoming               , -1,  17
2019-11-09,Bucknell              ,  1,  20,Lehigh                , -1,  10
2019-11-09,Davidson              , -1,  52,Butler                ,  1,  10
2019-11-09,California            ,  1,  33,Washington_St         , -1,  20
2019-11-09,Kennesaw              , -1,  38,Campbell              ,  1,  35
2019-11-09,SE_Louisiana          , -1,  34,Cent_Arkansas         ,  1,   0
2019-11-09,Charleston_So         ,  1,  27,Hampton               , -1,  20
2019-11-09,Charlotte             , -1,  28,UTEP                  ,  1,  21
2019-11-09,Chattanooga           , -1,  35,Samford               ,  1,  27
2019-11-09,Cincinnati            ,  1,  48,Connecticut           , -1,   3
2019-11-09,Colorado              ,  1,  16,Stanford              , -1,  13
2019-11-09,CS_Sacramento         , -1,  38,Northern_Arizona      ,  1,  34
2019-11-09,Dayton                ,  1,  59,Marist                , -1,  35
2019-11-09,Notre_Dame            , -1,  38,Duke                  ,  1,   7
2019-11-09,SMU                   ,  1,  59,East_Carolina         , -1,  51
2019-11-09,E_Illinois            , -1,  49,Tennessee_St          ,  1,  38
2019-11-09,SE_Missouri_St        ,  1,  38,E_Kentucky            , -1,  31
2019-11-09,Maine                 , -1,  31,Elon                  ,  1,  17
2019-11-09,W_Carolina            ,  1,  23,ETSU                  , -1,  20
2019-11-09,E_Washington          , -1,  48,Idaho_St              ,  1,   5
2019-11-09,FL_Atlantic           ,  1,  37,Florida_Intl          , -1,   7
2019-11-09,Florida               ,  1,  56,Vanderbilt            , -1,   0
2019-11-09,Utah_St               , -1,  37,Fresno_St             ,  1,  35
2019-11-09,Furman                ,  1,  60,VMI                   , -1,  21
2019-11-09,Troy                  ,  1,  49,Ga_Southern           , -1,  28
2019-11-09,Georgia               ,  1,  27,Missouri              , -1,   0
2019-11-09,ULM                   ,  1,  45,Georgia_St            , -1,  31
2019-11-09,Hawaii                ,  1,  42,San_Jose_St           , -1,  40
2019-11-09,Lafayette             , -1,  23,Holy_Cross            ,  1,  20
2019-11-09,Nicholls_St           ,  1,  48,Houston_Bap           , -1,  27
2019-11-09,Montana               ,  1,  42,Idaho                 , -1,  17
2019-11-09,Illinois              , -1,  37,Michigan_St           ,  1,  34
2019-11-09,Illinois_St           , -1,  27,S_Dakota_St           ,  1,  18
2019-11-09,SF_Austin             ,  1,  31,Incarnate_Word        , -1,  24
2019-11-09,Northern_Iowa         ,  1,  17,Indiana_St            , -1,   9
2019-11-09,Wisconsin             ,  1,  24,Iowa                  , -1,  22
2019-11-09,Tennessee_Tech        ,  1,  37,Jacksonville_St       , -1,  27
2019-11-09,James_Madison         ,  1,  54,New_Hampshire         , -1,  16
2019-11-09,Texas                 ,  1,  27,Kansas_St             , -1,  24
2019-11-09,Tennessee             , -1,  17,Kentucky              ,  1,  13
2019-11-09,Northwestern_LA       ,  1,  34,Lamar                 , -1,  13
2019-11-09,Louisiana_Tech        ,  1,  52,North_Texas           , -1,  17
2019-11-09,Miami_FL              ,  1,  52,Louisville            , -1,  27
2019-11-09,Wofford               , -1,  41,Mercer                ,  1,   7
2019-11-09,Minnesota             ,  1,  31,Penn_St               , -1,  26
2019-11-09,Mississippi           ,  1,  41,New_Mexico_St         , -1,   3
2019-11-09,S_Illinois            ,  1,  37,Missouri_St           , -1,  14
2019-11-09,Monmouth_NJ           ,  1,  49,North_Alabama         , -1,  38
2019-11-09,Montana_St            , -1,  45,N_Colorado            ,  1,  14
2019-11-09,Norfolk_St            , -1,  38,NC_Central            ,  1,  21
2019-11-09,N_Dakota_St           ,  1,  57,W_Illinois            , -1,  21
2019-11-09,Nevada                , -1,  17,San_Diego_St          ,  1,  13
2019-11-09,Weber_St              ,  1,  30,North_Dakota          , -1,  27
2019-11-09,Purdue                , -1,  24,Northwestern          ,  1,  22
2019-11-09,UT_San_Antonio        , -1,  24,Old_Dominion          ,  1,  23
2019-11-09,UC_Davis              , -1,  45,Portland_St           ,  1,  28
2019-11-09,William_&_Mary        ,  1,  55,Rhode_Island          , -1,  19
2019-11-09,Villanova             ,  1,  35,Richmond              , -1,  28
2019-11-09,Sacred_Heart          ,  1,  41,Wagner                , -1,   7
2019-11-09,San_Diego             , -1,  51,Stetson               ,  1,   7
2019-11-09,Texas_St              ,  1,  30,South_Alabama         , -1,  28
2019-11-09,South_Dakota          ,  1,  56,Youngstown_St         , -1,  21
2019-11-09,Southern_Miss         ,  1,  37,UAB                   , -1,   2
2019-11-09,Towson                , -1,  31,Stony_Brook           ,  1,  14
2019-11-09,Texas_Tech            , -1,  38,West_Virginia         ,  1,  17
2019-11-09,Virginia_Tech         ,  1,  36,Wake_Forest           , -1,  17
2019-11-09,Alabama_A&M           ,  1,  48,Jackson_St            , -1,  43
2019-11-09,Columbia              ,  1,  17,Harvard               , -1,  10
2019-11-09,S_Carolina_St         ,  1,  62,Howard                , -1,  21
2019-11-09,Morehead_St           , -1,  27,Valparaiso            ,  1,  21
2019-11-09,Florida_St            , -1,  38,Boston_College        ,  1,  31
2019-11-09,Clemson               , -1,  55,NC_State              ,  1,  10
2019-11-09,Ohio_St               ,  1,  73,Maryland              , -1,  14
2019-11-09,Virginia              ,  1,  33,Georgia_Tech          , -1,  28
2019-11-09,WKU                   , -1,  45,Arkansas              ,  1,  19
2019-11-09,Oklahoma              ,  1,  42,Iowa_St               , -1,  41
2019-11-09,BYU                   ,  1,  31,Liberty               , -1,  24
2019-11-09,Central_Conn          ,  1,  38,St_Francis_PA         , -1,  31
2019-11-09,Alabama_St            , -1,  27,TX_Southern           ,  1,  21
2019-11-09,Colgate               ,  1,  24,Fordham               , -1,  13
2019-11-09,Robert_Morris         ,  1,  41,Duquesne              , -1,  21
2019-11-09,Morgan_St             ,  1,  22,NC_A&T                , -1,  16
2019-11-09,Drake                 ,  1,  28,Jacksonville          , -1,  14
2019-11-09,Yale                  , -1,  59,Brown                 ,  1,  35
2019-11-09,Penn                  ,  1,  21,Cornell               , -1,  20
2019-11-09,Presbyterian          ,  1,  24,Gardner_Webb          , -1,  14
2019-11-09,Dartmouth             ,  0,  27,Princeton             ,  0,  10
2019-11-12,E_Michigan            , -1,  42,Akron                 ,  1,  14
2019-11-12,W_Michigan            , -1,  37,Ohio                  ,  1,  34
2019-11-13,N_Illinois            , -1,  31,Toledo                ,  1,  28
2019-11-13,Miami_OH              ,  1,  44,Bowling_Green         , -1,   3
2019-11-14,Kent                  ,  1,  30,Buffalo               , -1,  27
2019-11-14,Pittsburgh            ,  1,  34,North_Carolina        , -1,  27
2019-11-15,San_Diego_St          ,  1,  17,Fresno_St             , -1,   7
2019-11-15,Marshall              ,  1,  31,Louisiana_Tech        , -1,  10
2019-11-15,Villanova             ,  1,  35,LIU_Post              , -1,   7
2019-11-16,SE_Louisiana          , -1,  35,Abilene_Chr           ,  1,  14
2019-11-16,Air_Force             , -1,  38,Colorado_St           ,  1,  21
2019-11-16,Alabama               , -1,  38,Mississippi_St        ,  1,   7
2019-11-16,Alcorn_St             ,  1,  34,Alabama_A&M           , -1,  28
2019-11-16,SUNY_Albany           ,  1,  24,New_Hampshire         , -1,  17
2019-11-16,Appalachian_St        , -1,  56,Georgia_St            ,  1,  27
2019-11-16,Oregon                ,  1,  34,Arizona               , -1,   6
2019-11-16,Oregon_St             ,  1,  35,Arizona_St            , -1,  34
2019-11-16,Arkansas_St           ,  1,  28,Coastal_Car           , -1,  27
2019-11-16,Army                  ,  1,  47,VMI                   , -1,   6
2019-11-16,Georgia               , -1,  21,Auburn                ,  1,  14
2019-11-16,Austin_Peay           , -1,  42,Murray_St             ,  1,   7
2019-11-16,C_Michigan            , -1,  45,Ball_St               ,  1,  44
2019-11-16,Oklahoma              , -1,  34,Baylor                ,  1,  31
2019-11-16,Boise_St              ,  1,  42,New_Mexico            , -1,   9
2019-11-16,Bryant                ,  1,  20,Duquesne              , -1,  16
2019-11-16,Bucknell              ,  1,  20,Georgetown            , -1,  17
2019-11-16,USC                   , -1,  41,California            ,  1,  17
2019-11-16,E_Washington          , -1,  42,Cal_Poly              ,  1,  41
2019-11-16,Monmouth_NJ           , -1,  47,Campbell              ,  1,  10
2019-11-16,Cent_Arkansas         ,  1,  30,SF_Austin             , -1,   7
2019-11-16,Chattanooga           ,  1,  34,Citadel               , -1,  33
2019-11-16,Cincinnati            , -1,  20,South_Florida         ,  1,  17
2019-11-16,Colgate               , -1,  16,Lafayette             ,  1,   0
2019-11-16,CS_Sacramento         , -1,  31,Idaho                 ,  1,   7
2019-11-16,Davidson              , -1,  42,Stetson               ,  1,  14
2019-11-16,Delaware              ,  1,  17,Stony_Brook           , -1,  10
2019-11-16,Norfolk_St            , -1,  33,Delaware_St           ,  1,  17
2019-11-16,Syracuse              , -1,  49,Duke                  ,  1,   6
2019-11-16,SE_Missouri_St        , -1,  26,E_Illinois            ,  1,  12
2019-11-16,E_Kentucky            ,  1,  22,Tennessee_Tech        , -1,  10
2019-11-16,ETSU                  ,  1,  38,Mercer                , -1,  33
2019-11-16,Florida               , -1,  23,Missouri              ,  1,   6
2019-11-16,Wofford               ,  1,  24,Furman                , -1,   7
2019-11-16,North_Alabama         , -1,  34,Gardner_Webb          ,  1,  30
2019-11-16,Ga_Southern           ,  1,  51,ULM                   , -1,  29
2019-11-16,Grambling             , -1,  40,MS_Valley_St          ,  1,   0
2019-11-16,Kennesaw              , -1,  50,Hampton               ,  1,   7
2019-11-16,Hawaii                , -1,  21,UNLV                  ,  1,   7
2019-11-16,Memphis               , -1,  45,Houston               ,  1,  27
2019-11-16,Houston_Bap           ,  1,  31,Lamar                 , -1,  26
2019-11-16,Illinois_St           ,  1,  17,Missouri_St           , -1,  12
2019-11-16,New_Mexico_St         ,  1,  41,Incarnate_Word        , -1,  28
2019-11-16,Penn_St               ,  1,  34,Indiana               , -1,  27
2019-11-16,Indiana_St            ,  1,  24,Youngstown_St         , -1,  17
2019-11-16,Iowa                  ,  1,  23,Minnesota             , -1,  19
2019-11-16,Jacksonville          , -1,  52,Marist                ,  1,  45
2019-11-16,James_Madison         ,  1,  48,Richmond              , -1,   6
2019-11-16,Oklahoma_St           ,  1,  31,Kansas                , -1,  13
2019-11-16,West_Virginia         , -1,  24,Kansas_St             ,  1,  20
2019-11-16,Kentucky              , -1,  38,Vanderbilt            ,  1,  14
2019-11-16,Sacred_Heart          ,  1,  13,Lehigh                , -1,   6
2019-11-16,Louisiana             , -1,  37,South_Alabama         ,  1,  27
2019-11-16,Louisville            , -1,  34,NC_State              ,  1,  20
2019-11-16,LSU                   , -1,  58,Mississippi           ,  1,  37
2019-11-16,Maine                 ,  1,  34,Rhode_Island          , -1,  30
2019-11-16,Northwestern          ,  1,  45,Massachusetts         , -1,   6
2019-11-16,Nicholls_St           ,  1,  34,McNeese_St            , -1,  20
2019-11-16,Michigan              ,  1,  44,Michigan_St           , -1,  10
2019-11-16,Montana               ,  1,  35,Weber_St              , -1,  16
2019-11-16,Montana_St            , -1,  27,UC_Davis              ,  1,  17
2019-11-16,San_Diego             ,  1,  52,Morehead_St           , -1,  20
2019-11-16,Rice                  , -1,  31,MTSU                  ,  1,  28
2019-11-16,Notre_Dame            ,  1,  52,Navy                  , -1,  20
2019-11-16,S_Carolina_St         , -1,  24,NC_Central            ,  1,   0
2019-11-16,North_Dakota          ,  1,  45,N_Colorado            , -1,  38
2019-11-16,N_Dakota_St           ,  1,  49,South_Dakota          , -1,  14
2019-11-16,Wisconsin             , -1,  37,Nebraska              ,  1,  21
2019-11-16,Southern_Utah         ,  1,  31,Northern_Arizona      , -1,  30
2019-11-16,S_Dakota_St           ,  1,  38,Northern_Iowa         , -1,   7
2019-11-16,Northwestern_LA       , -1,  31,Sam_Houston_St        ,  1,  28
2019-11-16,Samford               , -1,  31,W_Carolina            ,  1,  13
2019-11-16,S_Illinois            , -1,  45,W_Illinois            ,  1,  21
2019-11-16,Texas_A&M             ,  1,  30,South_Carolina        , -1,   6
2019-11-16,Southern_Miss         , -1,  36,UT_San_Antonio        ,  1,  17
2019-11-16,Washington_St         ,  1,  49,Stanford              , -1,  22
2019-11-16,TCU                   , -1,  33,Texas_Tech            ,  1,  31
2019-11-16,Temple                ,  1,  29,Tulane                , -1,  21
2019-11-16,TN_Martin             ,  1,  28,Tennessee_St          , -1,  17
2019-11-16,Troy                  , -1,  63,Texas_St              ,  1,  27
2019-11-16,Towson                , -1,  31,William_&_Mary        ,  1,  10
2019-11-16,UAB                   ,  1,  37,UTEP                  , -1,  10
2019-11-16,Utah                  ,  1,  49,UCLA                  , -1,   3
2019-11-16,Utah_St               ,  1,  26,Wyoming               , -1,  21
2019-11-16,Brown                 , -1,  48,Columbia              ,  1,  24
2019-11-16,Butler                ,  1,  24,Valparaiso            , -1,  21
2019-11-16,Clemson               ,  1,  52,Wake_Forest           , -1,   3
2019-11-16,Florida_St            ,  1,  49,Alabama_St            , -1,  12
2019-11-16,Virginia_Tech         , -1,  45,Georgia_Tech          ,  1,   0
2019-11-16,Ohio_St               , -1,  56,Rutgers               ,  1,  21
2019-11-16,Iowa_St               ,  1,  23,Texas                 , -1,  21
2019-11-16,BYU                   ,  1,  42,Idaho_St              , -1,  10
2019-11-16,NC_A&T                ,  1,  47,Bethune-Cookman       , -1,  17
2019-11-16,Central_Conn          ,  1,  49,Robert_Morris         , -1,  28
2019-11-16,Cornell               , -1,  20,Dartmouth             ,  1,  17
2019-11-16,Holy_Cross            , -1,  49,Fordham               ,  1,  27
2019-11-16,Dayton                , -1,  46,Drake                 ,  1,  29
2019-11-16,Florida_A&M           ,  1,  39,Howard                , -1,   7
2019-11-16,Penn                  , -1,  24,Harvard               ,  1,  20
2019-11-16,Southern_Univ         , -1,  40,Jackson_St            ,  1,  34
2019-11-16,Charleston_So         , -1,  27,Presbyterian          ,  1,   7
2019-11-16,Yale                  , -1,  51,Princeton             ,  1,  14
2019-11-16,St_Francis_PA         ,  1,  42,Wagner                , -1,   8
2019-11-19,Ohio                  , -1,  66,Bowling_Green         ,  1,  24
2019-11-19,E_Michigan            , -1,  45,N_Illinois            ,  1,  17
2019-11-20,Miami_OH              ,  1,  20,Akron                 , -1,  17
2019-11-20,Buffalo               ,  1,  49,Toledo                , -1,  30
2019-11-21,Nicholls_St           , -1,  28,SE_Louisiana          ,  1,  27
2019-11-21,SF_Austin             , -1,  32,Northwestern_LA       ,  1,  20
2019-11-21,Georgia_Tech          ,  1,  28,NC_State              , -1,  26
2019-11-22,Cent_Arkansas         , -1,  52,Incarnate_Word        ,  1,  35
2019-11-22,Wyoming               ,  1,  17,Colorado_St           , -1,   7
2019-11-23,Alabama               ,  1,  66,W_Carolina            , -1,   3
2019-11-23,Alabama_A&M           ,  1,  30,MS_Valley_St          , -1,  13
2019-11-23,Appalachian_St        ,  1,  35,Texas_St              , -1,  13
2019-11-23,Utah                  , -1,  35,Arizona               ,  1,   7
2019-11-23,Arizona_St            ,  1,  31,Oregon                , -1,  28
2019-11-23,Arkansas_St           ,  1,  38,Ga_Southern           , -1,  33
2019-11-23,Auburn                ,  1,  52,Samford               , -1,   0
2019-11-23,Austin_Peay           ,  1,  35,E_Illinois            , -1,   7
2019-11-23,Kent                  ,  1,  41,Ball_St               , -1,  38
2019-11-23,Baylor                ,  1,  24,Texas                 , -1,  10
2019-11-23,Boise_St              , -1,  56,Utah_St               ,  1,  21
2019-11-23,Notre_Dame            ,  1,  40,Boston_College        , -1,   7
2019-11-23,Bryant                , -1,  14,Wagner                ,  1,  10
2019-11-23,Dayton                ,  1,  51,Butler                , -1,  38
2019-11-23,California            , -1,  24,Stanford              ,  1,  20
2019-11-23,Cal_Poly              , -1,  28,N_Colorado            ,  1,  21
2019-11-23,Charleston_So         ,  1,  41,Campbell              , -1,  31
2019-11-23,Charlotte             ,  1,  24,Marshall              , -1,  13
2019-11-23,VMI                   ,  1,  31,Chattanooga           , -1,  24
2019-11-23,Cincinnati            ,  1,  15,Temple                , -1,  13
2019-11-23,Wofford               , -1,  31,Citadel               ,  1,  11
2019-11-23,ULM                   ,  1,  45,Coastal_Car           , -1,  42
2019-11-23,Colorado              ,  1,  20,Washington            , -1,  14
2019-11-23,East_Carolina         , -1,  31,Connecticut           ,  1,  24
2019-11-23,CS_Sacramento         ,  1,  27,UC_Davis              , -1,  17
2019-11-23,Villanova             ,  1,  55,Delaware              , -1,  33
2019-11-23,Wake_Forest           ,  1,  39,Duke                  , -1,  27
2019-11-23,E_Kentucky            , -1,  29,Jacksonville_St       ,  1,  23
2019-11-23,Elon                  , -1,  25,Towson                ,  1,  23
2019-11-23,Vanderbilt            ,  1,  38,ETSU                  , -1,   0
2019-11-23,E_Washington          ,  1,  53,Portland_St           , -1,  46
2019-11-23,FL_Atlantic           , -1,  40,UT_San_Antonio        ,  1,  26
2019-11-23,Florida_Intl          ,  1,  30,Miami_FL              , -1,  24
2019-11-23,Nevada                , -1,  35,Fresno_St             ,  1,  28
2019-11-23,Kennesaw              ,  1,  42,Gardner_Webb          , -1,  14
2019-11-23,Holy_Cross            ,  1,  24,Georgetown            , -1,   0
2019-11-23,Georgia               ,  1,  19,Texas_A&M             , -1,  13
2019-11-23,Georgia_St            ,  1,  28,South_Alabama         , -1,  15
2019-11-23,Monmouth_NJ           ,  1,  48,Hampton               , -1,  13
2019-11-23,Hawaii                ,  1,  14,San_Diego_St          , -1,  11
2019-11-23,Houston               , -1,  24,Tulsa                 ,  1,  14
2019-11-23,Sam_Houston_St        ,  1,  37,Houston_Bap           , -1,  14
2019-11-23,Idaho                 , -1,  60,Northern_Arizona      ,  1,  53
2019-11-23,Weber_St              ,  1,  38,Idaho_St              , -1,  10
2019-11-23,Iowa                  ,  1,  19,Illinois              , -1,  10
2019-11-23,Youngstown_St         ,  1,  21,Illinois_St           , -1,   3
2019-11-23,Michigan              , -1,  39,Indiana               ,  1,  14
2019-11-23,Indiana_St            , -1,  51,Missouri_St           ,  1,  24
2019-11-23,San_Diego             , -1,  47,Jacksonville          ,  1,  28
2019-11-23,James_Madison         , -1,  55,Rhode_Island          ,  1,  21
2019-11-23,Kansas_St             , -1,  30,Texas_Tech            ,  1,  27
2019-11-23,Kentucky              ,  1,  50,TN_Martin             , -1,   7
2019-11-23,Lafayette             , -1,  17,Lehigh                ,  1,  16
2019-11-23,McNeese_St            , -1,  27,Lamar                 ,  1,   3
2019-11-23,Louisiana             ,  1,  53,Troy                  , -1,   3
2019-11-23,UAB                   ,  1,  20,Louisiana_Tech        , -1,  14
2019-11-23,Louisville            ,  1,  56,Syracuse              , -1,  34
2019-11-23,New_Hampshire         ,  1,  28,Maine                 , -1,  10
2019-11-23,Memphis               , -1,  49,South_Florida         ,  1,  10
2019-11-23,North_Carolina        ,  1,  56,Mercer                , -1,   7
2019-11-23,Michigan_St           , -1,  27,Rutgers               ,  1,   0
2019-11-23,Minnesota             , -1,  38,Northwestern          ,  1,  22
2019-11-23,Tennessee             , -1,  24,Missouri              ,  1,  20
2019-11-23,Montana_St            ,  1,  48,Montana               , -1,  14
2019-11-23,Stetson               , -1,  31,Morehead_St           ,  1,  16
2019-11-23,MTSU                  ,  1,  38,Old_Dominion          , -1,  17
2019-11-23,SE_Missouri_St        ,  1,  31,Murray_St             , -1,  24
2019-11-23,Navy                  ,  1,  35,SMU                   , -1,  28
2019-11-23,N_Dakota_St           , -1,  21,S_Illinois            ,  1,   7
2019-11-23,New_Mexico_St         ,  1,  44,UTEP                  , -1,  35
2019-11-23,S_Carolina_St         , -1,  20,Norfolk_St            ,  1,  17
2019-11-23,North_Dakota          ,  1,  36,Southern_Utah         , -1,  18
2019-11-23,Northern_Iowa         ,  1,  38,W_Illinois            , -1,   7
2019-11-23,Rice                  ,  1,  20,North_Texas           , -1,  14
2019-11-23,Oklahoma              ,  1,  28,TCU                   , -1,  24
2019-11-23,Oklahoma_St           , -1,  20,West_Virginia         ,  1,  13
2019-11-23,Washington_St         ,  1,  54,Oregon_St             , -1,  53
2019-11-23,Virginia_Tech         ,  1,  28,Pittsburgh            , -1,   0
2019-11-23,Wisconsin             ,  1,  45,Purdue                , -1,  24
2019-11-23,William_&_Mary        , -1,  21,Richmond              ,  1,  15
2019-11-23,UNLV                  ,  1,  38,San_Jose_St           , -1,  35
2019-11-23,South_Dakota          ,  1,  24,S_Dakota_St           , -1,  21
2019-11-23,WKU                   , -1,  28,Southern_Miss         ,  1,  10
2019-11-23,Tennessee_St          , -1,  37,Tennessee_Tech        ,  1,  27
2019-11-23,UCF                   , -1,  34,Tulane                ,  1,  31
2019-11-23,USC                   ,  1,  52,UCLA                  , -1,  35
2019-11-23,Alcorn_St             , -1,  41,Jackson_St            ,  1,   6
2019-11-23,Cornell               ,  1,  35,Columbia              , -1,   9
2019-11-23,St_Francis_PA         , -1,  35,Delaware_St           ,  1,  21
2019-11-23,Howard                ,  1,  20,Morgan_St             , -1,  15
2019-11-23,Marist                , -1,  26,Valparaiso            ,  1,  14
2019-11-23,Nebraska              , -1,  54,Maryland              ,  1,   7
2019-11-23,BYU                   , -1,  56,Massachusetts         ,  1,  24
2019-11-23,Ohio_St               ,  1,  28,Penn_St               , -1,  17
2019-11-23,Virginia              ,  1,  55,Liberty               , -1,  27
2019-11-23,Iowa_St               ,  1,  41,Kansas                , -1,  31
2019-11-23,LSU                   ,  1,  56,Arkansas              , -1,  20
2019-11-23,Mississippi_St        ,  1,  45,Abilene_Chr           , -1,   7
2019-11-23,Central_Conn          , -1,  43,Duquesne              ,  1,  10
2019-11-23,Ark_Pine_Bluff        ,  1,  45,TX_Southern           , -1,  13
2019-11-23,Dartmouth             , -1,  29,Brown                 ,  1,  23
2019-11-23,Fordham               ,  1,  31,Bucknell              , -1,  14
2019-11-23,NC_A&T                ,  1,  54,NC_Central            , -1,   0
2019-11-23,Robert_Morris         ,  1,  16,Sacred_Heart          , -1,  14
2019-11-23,Drake                 , -1,  31,Davidson              ,  1,  28
2019-11-23,Bethune-Cookman       ,  0,  31,Florida_A&M           ,  0,  27
2019-11-23,Merrimack             , -1,  24,LIU_Post              ,  1,  10
2019-11-23,Princeton             , -1,  28,Penn                  ,  1,   7
2019-11-23,SUNY_Albany           , -1,  31,Stony_Brook           ,  1,  26
2019-11-23,Yale                  ,  1,  50,Harvard               , -1,  43
2019-11-23,Air_Force             , -1,  44,New_Mexico            ,  1,  22
2019-11-26,Ohio                  , -1,  52,Akron                 ,  1,   3
2019-11-26,N_Illinois            ,  1,  17,W_Michigan            , -1,  14
2019-11-28,Prairie_View          , -1,  20,Alabama_St            ,  1,  17
2019-11-28,Mississippi_St        ,  1,  21,Mississippi           , -1,  20
2019-11-29,Appalachian_St        , -1,  48,Troy                  ,  1,  13
2019-11-29,South_Alabama         ,  1,  34,Arkansas_St           , -1,  30
2019-11-29,Ball_St               ,  1,  41,Miami_OH              , -1,  27
2019-11-29,Boise_St              , -1,  31,Colorado_St           ,  1,  24
2019-11-29,Buffalo               ,  1,  49,Bowling_Green         , -1,   7
2019-11-29,Memphis               ,  1,  34,Cincinnati            , -1,  24
2019-11-29,C_Michigan            ,  1,  49,Toledo                , -1,   7
2019-11-29,Kent                  , -1,  34,E_Michigan            ,  1,  26
2019-11-29,Iowa                  , -1,  27,Nebraska              ,  1,  24
2019-11-29,UCF                   ,  1,  34,South_Florida         , -1,   7
2019-11-29,West_Virginia         , -1,  20,TCU                   ,  1,  17
2019-11-29,Texas                 ,  1,  49,Texas_Tech            , -1,  24
2019-11-29,Virginia              ,  1,  39,Virginia_Tech         , -1,  30
2019-11-29,Washington            ,  1,  31,Washington_St         , -1,  13
2019-11-29,Missouri              ,  0,  24,Arkansas              ,  0,  14
2019-11-30,Air_Force             ,  1,  20,Wyoming               , -1,   6
2019-11-30,Auburn                ,  1,  48,Alabama               , -1,  45
2019-11-30,Arizona_St            ,  1,  24,Arizona               , -1,  14
2019-11-30,Hawaii                ,  1,  52,Army                  , -1,  31
2019-11-30,Baylor                , -1,  61,Kansas                ,  1,   6
2019-11-30,Boston_College        , -1,  26,Pittsburgh            ,  1,  19
2019-11-30,California            , -1,  28,UCLA                  ,  1,  18
2019-11-30,Charlotte             , -1,  38,Old_Dominion          ,  1,  22
2019-11-30,Coastal_Car           ,  1,  24,Texas_St              , -1,  21
2019-11-30,Utah                  ,  1,  45,Colorado              , -1,  15
2019-11-30,Temple                ,  1,  49,Connecticut           , -1,  17
2019-11-30,Duke                  ,  1,  27,Miami_FL              , -1,  17
2019-11-30,Tulsa                 , -1,  49,East_Carolina         ,  1,  24
2019-11-30,FL_Atlantic           ,  1,  34,Southern_Miss         , -1,  17
2019-11-30,Marshall              ,  1,  30,Florida_Intl          , -1,  27
2019-11-30,San_Jose_St           ,  1,  17,Fresno_St             , -1,  16
2019-11-30,Ga_Southern           ,  1,  38,Georgia_St            , -1,  10
2019-11-30,Navy                  , -1,  56,Houston               ,  1,  41
2019-11-30,Northwestern          , -1,  29,Illinois              ,  1,  10
2019-11-30,Indiana               , -1,  44,Purdue                ,  1,  41
2019-11-30,Kentucky              ,  1,  45,Louisville            , -1,  13
2019-11-30,Louisiana_Tech        ,  1,  41,UT_San_Antonio        , -1,  27
2019-11-30,LSU                   ,  1,  50,Texas_A&M             , -1,   7
2019-11-30,Michigan_St           ,  1,  19,Maryland              , -1,  16
2019-11-30,Wisconsin             , -1,  38,Minnesota             ,  1,  17
2019-11-30,WKU                   ,  1,  31,MTSU                  , -1,  26
2019-11-30,UNLV                  , -1,  33,Nevada                ,  1,  30
2019-11-30,Utah_St               , -1,  38,New_Mexico            ,  1,  25
2019-11-30,UAB                   , -1,  26,North_Texas           ,  1,  21
2019-11-30,Notre_Dame            , -1,  45,Stanford              ,  1,  24
2019-11-30,Oklahoma              , -1,  34,Oklahoma_St           ,  1,  16
2019-11-30,Oregon                ,  1,  24,Oregon_St             , -1,  10
2019-11-30,Penn_St               ,  1,  27,Rutgers               , -1,   6
2019-11-30,Rice                  , -1,  30,UTEP                  ,  1,  16
2019-11-30,SMU                   ,  1,  37,Tulane                , -1,  20
2019-11-30,Syracuse              ,  1,  39,Wake_Forest           , -1,  30
2019-11-30,Tennessee             ,  1,  28,Vanderbilt            , -1,  10
2019-11-30,Florida               ,  1,  40,Florida_St            , -1,  17
2019-11-30,Georgia               , -1,  52,Georgia_Tech          ,  1,   7
2019-11-30,Liberty               ,  1,  49,New_Mexico_St         , -1,  28
2019-11-30,Ohio_St               , -1,  56,Michigan              ,  1,  27
2019-11-30,North_Carolina        , -1,  41,NC_State              ,  1,  10
2019-11-30,Clemson               , -1,  38,South_Carolina        ,  1,   3
2019-11-30,Kansas_St             ,  1,  27,Iowa_St               , -1,  17
2019-11-30,Louisiana             ,  1,  31,ULM                   , -1,  30
2019-11-30,San_Diego_St          ,  1,  13,BYU                   , -1,   3
2019-11-30,Southern_Univ         ,  0,  30,Grambling             ,  0,  28
2019-11-30,Monmouth_NJ           ,  1,  44,Holy_Cross            , -1,  27
2019-11-30,SUNY_Albany           ,  1,  42,Central_Conn          , -1,  14
2019-11-30,Illinois_St           , -1,  24,SE_Missouri_St        ,  1,   6
2019-11-30,Nicholls_St           ,  1,  24,North_Dakota          , -1,   6
2019-11-30,SE_Louisiana          ,  1,  45,Villanova             , -1,  44
2019-11-30,Northern_Iowa         ,  1,  17,San_Diego             , -1,   3
2019-11-30,Kennesaw              , -1,  28,Wofford               ,  1,  21
2019-11-30,Austin_Peay           ,  1,  42,Furman                , -1,   6
2019-12-06,Oregon                ,  0,  37,Utah                  ,  0,  15
2019-12-07,Illinois_St           , -1,  24,Cent_Arkansas         ,  1,  14
2019-12-07,Austin_Peay           , -1,  42,CS_Sacramento         ,  1,  28
2019-12-07,Weber_St              ,  1,  26,Kennesaw              , -1,  20
2019-12-07,Montana_St            ,  1,  47,SUNY_Albany           , -1,  21
2019-12-07,James_Madison         ,  1,  66,Monmouth_NJ           , -1,  21
2019-12-07,Montana               ,  1,  73,SE_Louisiana          , -1,  28
2019-12-07,N_Dakota_St           ,  1,  37,Nicholls_St           , -1,  13
2019-12-07,Northern_Iowa         , -1,  13,S_Dakota_St           ,  1,  10
2019-12-07,Appalachian_St        ,  1,  45,Louisiana             , -1,  38
2019-12-07,Miami_OH              ,  0,  26,C_Michigan            ,  0,  21
2019-12-07,Oklahoma              ,  0,  30,Baylor                ,  0,  23
2019-12-07,FL_Atlantic           ,  1,  49,UAB                   , -1,   6
2019-12-07,Memphis               ,  1,  29,Cincinnati            , -1,  24
2019-12-07,Boise_St              ,  1,  31,Hawaii                , -1,  10
2019-12-07,LSU                   ,  0,  37,Georgia               ,  0,  10
2019-12-07,Clemson               ,  0,  62,Virginia              ,  0,  17
2019-12-07,Ohio_St               ,  0,  34,Wisconsin             ,  0,  21
2019-12-07,Alcorn_St             ,  1,  39,Southern_Univ         , -1,  24
2019-12-13,James_Madison         ,  1,  17,Northern_Iowa         , -1,   0
2019-12-13,Montana_St            ,  1,  24,Austin_Peay           , -1,  10
2019-12-13,Weber_St              ,  1,  17,Montana               , -1,  10
2019-12-14,Navy                  ,  0,  31,Army                  ,  0,   7
2019-12-14,N_Dakota_St           ,  1,   9,Illinois_St           , -1,   3
2019-12-20,Buffalo               ,  0,  31,Charlotte             ,  0,   9
2019-12-20,Kent                  ,  0,  51,Utah_St               ,  0,  41
2019-12-21,San_Diego_St          ,  0,  48,C_Michigan            ,  0,  11
2019-12-21,Liberty               ,  0,  23,Ga_Southern           ,  0,  16
2019-12-21,FL_Atlantic           ,  1,  52,SMU                   , -1,  28
2019-12-21,Washington            ,  0,  38,Boise_St              ,  0,   7
2019-12-21,Appalachian_St        ,  0,  31,UAB                   ,  0,  17
2019-12-21,Arkansas_St           ,  0,  34,Florida_Intl          ,  0,  26
2019-12-21,NC_A&T                ,  0,  64,Alcorn_St             ,  0,  44
2019-12-21,James_Madison         ,  1,  30,Weber_St              , -1,  14
2019-12-21,N_Dakota_St           ,  1,  42,Montana_St            , -1,  14
2019-12-23,UCF                   ,  0,  48,Marshall              ,  0,  25
2019-12-24,Hawaii                ,  1,  38,BYU                   , -1,  34
2019-12-26,Louisiana_Tech        ,  0,  14,Miami_FL              ,  0,   0
2019-12-26,Pittsburgh            ,  0,  34,E_Michigan            ,  0,  30
2019-12-27,North_Carolina        ,  0,  55,Temple                ,  0,  13
2019-12-27,Michigan_St           ,  0,  27,Wake_Forest           ,  0,  21
2019-12-27,Texas_A&M             ,  0,  24,Oklahoma_St           ,  0,  21
2019-12-27,Iowa                  ,  0,  49,USC                   ,  0,  24
2019-12-27,Air_Force             ,  0,  31,Washington_St         ,  0,  21
2019-12-28,Notre_Dame            ,  0,  33,Iowa_St               ,  0,   9
2019-12-28,Penn_St               ,  0,  53,Memphis               ,  0,  39
2019-12-28,LSU                   ,  0,  63,Oklahoma              ,  0,  28
2019-12-28,Clemson               ,  0,  29,Ohio_St               ,  0,  23
2019-12-30,WKU                   ,  0,  23,W_Michigan            ,  0,  20
2019-12-30,California            ,  1,  35,Illinois              , -1,  20
2019-12-30,Louisville            ,  0,  38,Mississippi_St        ,  0,  28
2019-12-30,Florida               ,  0,  36,Virginia              ,  0,  28
2019-12-31,Kentucky              ,  0,  37,Virginia_Tech         ,  0,  30
2019-12-31,Arizona_St            ,  0,  20,Florida_St            ,  0,  14
2019-12-31,Navy                  ,  0,  20,Kansas_St             ,  0,  17
2019-12-31,Texas                 ,  0,  38,Utah                  ,  0,  10
2019-12-31,Wyoming               ,  0,  38,Georgia_St            ,  0,  17
2020-01-01,Minnesota             ,  0,  31,Auburn                ,  0,  24
2020-01-01,Alabama               ,  0,  35,Michigan              ,  0,  16
2020-01-01,Oregon                ,  0,  28,Wisconsin             ,  0,  27
2020-01-01,Georgia               ,  0,  26,Baylor                ,  0,  14
2020-01-02,Cincinnati            ,  0,  38,Boston_College        ,  0,   6
2020-01-02,Tennessee             ,  0,  23,Indiana               ,  0,  22
2020-01-03,Ohio                  ,  0,  30,Nevada                ,  0,  21
2020-01-04,Tulane                ,  0,  30,Southern_Miss         ,  0,  13
2020-01-06,Louisiana             ,  0,  27,Miami_OH              ,  0,  17
2020-01-11,N_Dakota_St           ,  0,  28,James_Madison         ,  0,  20
2020-01-13,LSU                   ,  0,  42,Clemson               ,  0,  25
