U.S. STEEL	1	0	1969	WALKER,W.A.
U.S. STEEL	1	0	1969	TYSON,R.C.
U.S. STEEL	1	0	1969	TENNANT,J.S.
U.S. STEEL	1	0	1969	SPEER,E.B.
U.S. STEEL	1	0	1969	RAWLINS,B.L.
U.S. STEEL	1	0	1969	LARRY,R.H.
U.S. STEEL	1	0	1969	HYDE,R.W.
U.S. STEEL	1	0	1969	GOTT,E.H.
U.S. STEEL	1	2	1969	WORTHINGTON,L.B.
U.S. STEEL	1	2	1969	WINGATE,H.S.
U.S. STEEL	1	2	1969	WALKER,W.A.
U.S. STEEL	1	2	1969	TYSON,R.C.
U.S. STEEL	1	2	1969	SPEER,E.B.
U.S. STEEL	1	2	1969	SAUNDERS,S.T.
U.S. STEEL	1	2	1969	ROMNES,H.I.
U.S. STEEL	1	2	1969	MOORE,G.S.
U.S. STEEL	1	2	1969	MEYER,JR,J.M.
U.S. STEEL	1	2	1969	METCALF,G.M.
U.S. STEEL	1	2	1969	LUNDING,F.J.
U.S. STEEL	1	2	1969	LARRY,R.H.
U.S. STEEL	1	2	1969	JONES,T.V.
U.S. STEEL	1	2	1969	HOUGHTON,JR,A.A.
U.S. STEEL	1	2	1969	HEALD,H.T.
U.S. STEEL	1	2	1969	GOTT,E.H.
U.S. STEEL	1	2	1969	BRANCH,JR,H.
U.S. STEEL	1	2	1969	BLOUGH,R.M.
WESTINGHOUSE ELECTRIC & MFG.	1	0	1969	SIMPSON,J.W.
WESTINGHOUSE ELECTRIC & MFG.	1	0	1969	MC GANNON,D.H.
WESTINGHOUSE ELECTRIC & MFG.	1	0	1969	KIRBY,R.E.
WESTINGHOUSE ELECTRIC & MFG.	1	0	1969	HAMMOND,C.E.
WESTINGHOUSE ELECTRIC & MFG.	1	0	1969	EVANS,M.K.
WESTINGHOUSE ELECTRIC & MFG.	1	0	1969	DANFORTH,D.D.
WESTINGHOUSE ELECTRIC & MFG.	1	0	1969	BURNHAM,D.C.
WESTINGHOUSE ELECTRIC & MFG.	1	2	1969	WILCOX,G.L.
WESTINGHOUSE ELECTRIC & MFG.	1	2	1969	STRATTON,J.A.
WESTINGHOUSE ELECTRIC & MFG.	1	2	1969	SCHIFF,J.M.
WESTINGHOUSE ELECTRIC & MFG.	1	2	1969	REAVES,J.W.
WESTINGHOUSE ELECTRIC & MFG.	1	2	1969	PATTERSON,W.A.
WESTINGHOUSE ELECTRIC & MFG.	1	2	1969	MILLIKEN,R.
WESTINGHOUSE ELECTRIC & MFG.	1	2	1969	KIRBY,R.E.
WESTINGHOUSE ELECTRIC & MFG.	1	2	1969	KALTENBORN,H.S.
WESTINGHOUSE ELECTRIC & MFG.	1	2	1969	JONES,A.W.
WESTINGHOUSE ELECTRIC & MFG.	1	2	1969	EVANS,M.K.
WESTINGHOUSE ELECTRIC & MFG.	1	2	1969	EILERS,L.K.
WESTINGHOUSE ELECTRIC & MFG.	1	2	1969	DENTON,F.R.
WESTINGHOUSE ELECTRIC & MFG.	1	2	1969	BURNHAM,D.C.
WESTINGHOUSE ELECTRIC & MFG.	1	2	1969	BERCHER,H.O.
WESTINGHOUSE ELECTRIC & MFG.	1	2	1969	BENDETSEN,K.R.
WESTINGHOUSE ELECTRIC & MFG.	1	2	1969	ANDERSON,D.
AMERICAN CAN	1	0	1969	WOODSIDE,W.S.
AMERICAN CAN	1	0	1969	WIESLEY,D.B.
AMERICAN CAN	1	0	1969	WECKERLEY,H.R.
AMERICAN CAN	1	0	1969	MAY,W.F.
AMERICAN CAN	1	0	1969	LIBRESCO,E.
AMERICAN CAN	1	0	1969	HENRY,J.R.
AMERICAN CAN	1	0	1969	FUNKHOUSER,JR,E.N.
AMERICAN CAN	1	0	1969	CHRISTIANSON,A.H.
AMERICAN CAN	1	2	1969	WILSON,J.C.
AMERICAN CAN	1	2	1969	VANSCHAICK,C.L.
AMERICAN CAN	1	2	1969	STOLK,W.C.
AMERICAN CAN	1	2	1969	PEALE,M.I.
AMERICAN CAN	1	2	1969	MOORE,W.H.
AMERICAN CAN	1	2	1969	MAY,W.F.
AMERICAN CAN	1	2	1969	KIPP,D.B.
AMERICAN CAN	1	2	1969	HOUGH,R.R.
AMERICAN CAN	1	2	1969	BUCHANAN,W.E.
AMERICAN CAN	1	2	1969	BABB,J.J.
ALUMINUM CO. OF AMERICA	1	0	1969	MITCHELL,J.M.
ALUMINUM CO. OF AMERICA	1	0	1969	IRVING,JR,F.C.
ALUMINUM CO. OF AMERICA	1	0	1969	HARRISON,J.S.
ALUMINUM CO. OF AMERICA	1	0	1969	HARPER,J.D.
ALUMINUM CO. OF AMERICA	1	0	1969	GEORGE,W.H.K.
ALUMINUM CO. OF AMERICA	1	0	1969	ENGLISH,T.O.
ALUMINUM CO. OF AMERICA	1	0	1969	COLWELL,M.O.
ALUMINUM CO. OF AMERICA	1	0	1969	CLOSE,F.J.
ALUMINUM CO. OF AMERICA	1	2	1969	WILSON,I.W.
ALUMINUM CO. OF AMERICA	1	2	1969	PEARSON,N.W.
ALUMINUM CO. OF AMERICA	1	2	1969	MITCHELL,J.M.
ALUMINUM CO. OF AMERICA	1	2	1969	MILLER,P.L.
ALUMINUM CO. OF AMERICA	1	2	1969	MELLON,R.K.
ALUMINUM CO. OF AMERICA	1	2	1969	MAYER,J.A.
ALUMINUM CO. OF AMERICA	1	2	1969	MAGEE,F.L.
ALUMINUM CO. OF AMERICA	1	2	1969	KROME,W.H.
ALUMINUM CO. OF AMERICA	1	2	1969	HUNT,A.M.
ALUMINUM CO. OF AMERICA	1	2	1969	HICKMAN,L.E.
ALUMINUM CO. OF AMERICA	1	2	1969	HARRISON,J.S.
ALUMINUM CO. OF AMERICA	1	2	1969	HARPER,J.D.
ALUMINUM CO. OF AMERICA	1	2	1969	CLOSE,F.J.
AMERICAN TOBACCO (2)	1	0	1969	WALKER,R.B.
AMERICAN TOBACCO (2)	1	0	1969	STINNETTE,R.H.
AMERICAN TOBACCO (2)	1	0	1969	SCHRAMM,G.J.
AMERICAN TOBACCO (2)	1	0	1969	MEHOS,C.A.
AMERICAN TOBACCO (2)	1	0	1969	MC KEEVER,C.R.
AMERICAN TOBACCO (2)	1	0	1969	HETSKO,C.F.
AMERICAN TOBACCO (2)	1	0	1969	HEIMANN,R.K.
AMERICAN TOBACCO (2)	1	0	1969	HANLON,J.W.
AMERICAN TOBACCO (2)	1	2	1969	WOODARD,G.H.
AMERICAN TOBACCO (2)	1	2	1969	WHELAN,F.X.
AMERICAN TOBACCO (2)	1	2	1969	WALKER,R.B.
AMERICAN TOBACCO (2)	1	2	1969	SPARROW,J.B.
AMERICAN TOBACCO (2)	1	2	1969	SCHRAMM,G.J.
AMERICAN TOBACCO (2)	1	2	1969	NORMAN,M.R.
AMERICAN TOBACCO (2)	1	2	1969	MOONEY,E.F.
AMERICAN TOBACCO (2)	1	2	1969	MEHOS,C.A.
AMERICAN TOBACCO (2)	1	2	1969	MC CARTHY,J.B.
AMERICAN TOBACCO (2)	1	2	1969	KOVLER,E.
AMERICAN TOBACCO (2)	1	2	1969	KLOCK,D.M.
AMERICAN TOBACCO (2)	1	2	1969	HETSKO,C.F.
AMERICAN TOBACCO (2)	1	2	1969	HEIMANN,R.K.
AMERICAN TOBACCO (2)	1	2	1969	GROSS,B.
AMERICAN TOBACCO (2)	1	2	1969	FRENCH,H.G.
AMERICAN TOBACCO (2)	1	2	1969	DENK,H.G.
AMERICAN TOBACCO (2)	1	2	1969	COHEN,P.H.
BETHLEHEM STEEL (2)	1	0	1969	SIMS,I.D.
BETHLEHEM STEEL (2)	1	0	1969	MARTIN,E.F.
BETHLEHEM STEEL (2)	1	0	1969	JACOBS,J.E.
BETHLEHEM STEEL (2)	1	0	1969	FOY,L.W.
BETHLEHEM STEEL (2)	1	0	1969	CORT,S.S.
BETHLEHEM STEEL (2)	1	0	1969	BROEKER,B.D.
BETHLEHEM STEEL (2)	1	0	1969	BLICKWEDE,D.J.
BETHLEHEM STEEL (2)	1	0	1969	BICKFORD,E.D.
BETHLEHEM STEEL (2)	1	2	1969	SIMS,I.D.
BETHLEHEM STEEL (2)	1	2	1969	REED,A.M.
BETHLEHEM STEEL (2)	1	2	1969	MARTIN,E.F.
BETHLEHEM STEEL (2)	1	2	1969	JACOBS,J.E.
BETHLEHEM STEEL (2)	1	2	1969	HOBBS,R.B.
BETHLEHEM STEEL (2)	1	2	1969	HELM,H.H.
BETHLEHEM STEEL (2)	1	2	1969	GATES,T.S.
BETHLEHEM STEEL (2)	1	2	1969	FOY,L.W.
BETHLEHEM STEEL (2)	1	2	1969	DAVIS,J.H.
BETHLEHEM STEEL (2)	1	2	1969	CORT,S.S.
BETHLEHEM STEEL (2)	1	2	1969	BROEKER,B.D.
BETHLEHEM STEEL (2)	1	2	1969	BICKFORD,E.D.
BETHLEHEM STEEL (2)	1	2	1969	BAKER,C.
BORDENS MILK	1	0	1969	WARD,H.H.
BORDENS MILK	1	0	1969	SULLIVAN,E.J.
BORDENS MILK	1	0	1969	OLMSTEAD,W.R.
BORDENS MILK	1	0	1969	O'CONNOR,J.J.
BORDENS MILK	1	0	1969	NEMTZOW,B.
BORDENS MILK	1	0	1969	MONTAGUE,JR,T.G.
BORDENS MILK	1	0	1969	MARUSI,A.R.
BORDENS MILK	1	0	1969	BOARD,F.J.
BORDENS MILK	1	2	1969	WIEN,L.A.
BORDENS MILK	1	2	1969	WARD,H.H.
BORDENS MILK	1	2	1969	SULLIVAN,E.J.
BORDENS MILK	1	2	1969	ROWLEY,E.R.
BORDENS MILK	1	2	1969	RENCHARD,W.S.
BORDENS MILK	1	2	1969	OLMSTEAD,W.R.
BORDENS MILK	1	2	1969	OLIVER,W.F.
BORDENS MILK	1	2	1969	MARUSI,A.R.
BORDENS MILK	1	2	1969	GORDON,J.R.
BORDENS MILK	1	2	1969	FORSTER,J.F.
BORDENS MILK	1	2	1969	FINLEY,J.D.
BORDENS MILK	1	2	1969	BROWN,C.C.
BORDENS MILK	1	2	1969	BEVAN,D.C.
DEERE & CO.	1	0	1969	UKKELBERG,E.W.
DEERE & CO.	1	0	1969	PETERSON,C.L.
DEERE & CO.	1	0	1969	MC GUIRE,F.T.
DEERE & CO.	1	0	1969	LUNDAHL,A.B.
DEERE & CO.	1	0	1969	HEWITT,W.A.
DEERE & CO.	1	0	1969	FRENCH,G.T.
DEERE & CO.	1	0	1969	DICKEY,F.M.
DEERE & CO.	1	0	1969	CURTIS,E.F.
DEERE & CO.	1	2	1969	UKKELBERG,E.W.
DEERE & CO.	1	2	1969	PETERSON,C.M.
DEERE & CO.	1	2	1969	PETERSON,C.L.
DEERE & CO.	1	2	1969	MC GUIRE,F.T.
DEERE & CO.	1	2	1969	MASTIN,C.S.
DEERE & CO.	1	2	1969	MASON,R.L.
DEERE & CO.	1	2	1969	LUNDAHL,A.B.
DEERE & CO.	1	2	1969	HOSFORD,JR,W.D.
DEERE & CO.	1	2	1969	HEWITT,W.A.
DEERE & CO.	1	2	1969	GRAFLUND,J.H.
DEERE & CO.	1	2	1969	GLOVER,D.C.
DEERE & CO.	1	2	1969	FRENCH,G.T.
DEERE & CO.	1	2	1969	EDWARDS,R.
DEERE & CO.	1	2	1969	DICKEY,F.M.
DEERE & CO.	1	2	1969	DAIN,JR,J.
DEERE & CO.	1	2	1969	CURTIS,E.F.
DEERE & CO.	1	2	1969	BROWN,D.W.
MOBIL OIL	1	0	1969	WARNER,JR,R.
MOBIL OIL	1	0	1969	TUCKER,R.F.
MOBIL OIL	1	0	1969	TAVOULAREAS,W.P.
MOBIL OIL	1	0	1969	SOLOMON,C.E.
MOBIL OIL	1	0	1969	SCHMIDT,H.J.
MOBIL OIL	1	0	1969	NELSON,T.W.
MOBIL OIL	1	0	1969	MOODY,J.D.
MOBIL OIL	1	0	1969	CLEWELL,D.H.
MOBIL OIL	1	2	1969	WILLIAMS,A.L.
MOBIL OIL	1	2	1969	WARNER,JR,R.
MOBIL OIL	1	2	1969	TAVOULAREAS,W.P.
MOBIL OIL	1	2	1969	SOLOMON,C.E.
MOBIL OIL	1	2	1969	SCHMIDT,H.J.
MOBIL OIL	1	2	1969	RIORDAN,J.Q.
MOBIL OIL	1	2	1969	NICKERSON,A.L.
MOBIL OIL	1	2	1969	NELSON,T.W.
MOBIL OIL	1	2	1969	MORTIMER,C.G.
MOBIL OIL	1	2	1969	MC GHEE,G.C.
MOBIL OIL	1	2	1969	LAPHAM,L.A.
MOBIL OIL	1	2	1969	KIRK,G.L.
MOBIL OIL	1	2	1969	BAKER,G.P.
GENERAL MOTORS	1	0	1969	WARNER,H.G.
GENERAL MOTORS	1	0	1969	ROCHE,J.M.
GENERAL MOTORS	1	0	1969	LUNDIN,O.A.
GENERAL MOTORS	1	0	1969	KYES,R.M.
GENERAL MOTORS	1	0	1969	GERSTENBERG,R.C.
GENERAL MOTORS	1	0	1969	COLE,E.N.
GENERAL MOTORS	1	0	1969	BRAMBLETT,E.R.
GENERAL MOTORS	1	0	1969	BELTZ,J.B.
GENERAL MOTORS	1	2	1969	WARNER,H.G.
GENERAL MOTORS	1	2	1969	SIVAGE,G.A.
GENERAL MOTORS	1	2	1969	RUSSELL,G.
GENERAL MOTORS	1	2	1969	ROCHE,J.M.
GENERAL MOTORS	1	2	1969	PERKINS,T.L.
GENERAL MOTORS	1	2	1969	MOTT,C.S.
GENERAL MOTORS	1	2	1969	MORGENS,H.J.
GENERAL MOTORS	1	2	1969	MC LAUGHLIN,W.E.
GENERAL MOTORS	1	2	1969	MC AFFEE,J.W.
GENERAL MOTORS	1	2	1969	MAYER,J.A.
GENERAL MOTORS	1	2	1969	LUNDIN,C.A.
GENERAL MOTORS	1	2	1969	KYES,R.M.
GENERAL MOTORS	1	2	1969	KILLIAN,JR,J.R.
GENERAL MOTORS	1	2	1969	GORDON,J.F.
GENERAL MOTORS	1	2	1969	GERSTENBERG,R.C.
GENERAL MOTORS	1	2	1969	DONNER,F.G.
GENERAL MOTORS	1	2	1969	CONNOR,J.T.
GENERAL MOTORS	1	2	1969	COLE,E.N.
GENERAL MOTORS	1	2	1969	BRANCH,JR,H.
GENERAL MOTORS	1	2	1969	BRADLEY,A.
GENERAL MOTORS	1	2	1969	BRACE,L.D.
GENERAL MOTORS	1	2	1969	BEESLEY,E.N.
GENERAL MOTORS	1	2	1969	BECHTEL,JR,S.D.
ALLIED CHEMICAL & DYE	1	0	1969	SYKES,W.H.
ALLIED CHEMICAL & DYE	1	0	1969	RUCINSKI,J.
ALLIED CHEMICAL & DYE	1	0	1969	FORROW,B.D.
ALLIED CHEMICAL & DYE	1	0	1969	CONNOR,J.T.
ALLIED CHEMICAL & DYE	1	0	1969	COLI,G.J.
ALLIED CHEMICAL & DYE	1	0	1969	BRADFORD,D.H.
ALLIED CHEMICAL & DYE	1	0	1969	BISSINGER,F.L.
ALLIED CHEMICAL & DYE	1	0	1969	BARNARD,J.H.
ALLIED CHEMICAL & DYE	1	2	1969	TROWBRIDGE,JR,A.B.
ALLIED CHEMICAL & DYE	1	2	1969	SOLVAY,J.
ALLIED CHEMICAL & DYE	1	2	1969	PERKINS,R.S.
ALLIED CHEMICAL & DYE	1	2	1969	NOTMAN,J.G.
ALLIED CHEMICAL & DYE	1	2	1969	NICHOLS,JR,C.W.
ALLIED CHEMICAL & DYE	1	2	1969	MINTON,H.M.
ALLIED CHEMICAL & DYE	1	2	1969	MEYER,A.
ALLIED CHEMICAL & DYE	1	2	1969	MC CLOY,J.J.
ALLIED CHEMICAL & DYE	1	2	1969	LOEB,J.L.
ALLIED CHEMICAL & DYE	1	2	1969	FORROW,B.D.
ALLIED CHEMICAL & DYE	1	2	1969	CONNOR,J.T.
ALLIED CHEMICAL & DYE	1	2	1969	COLI,G.J.
ALLIED CHEMICAL & DYE	1	2	1969	BROWN,C.M.
ALLIED CHEMICAL & DYE	1	2	1969	BRADFORD,JR,D.H.
ALLIED CHEMICAL & DYE	1	2	1969	BISSINGER,F.L.
ALLIED CHEMICAL & DYE	1	2	1969	BEEBE,F.S.
EASTMAN KODAK (2)	1	0	1969	ZORNOW,G.B.
EASTMAN KODAK (2)	1	0	1969	VAUGHN,W.S.
EASTMAN KODAK (2)	1	0	1969	SCHELLBERG,R.E.
EASTMAN KODAK (2)	1	0	1969	LEERMAKERS,J.A.
EASTMAN KODAK (2)	1	0	1969	GOULD,A.J.
EASTMAN KODAK (2)	1	0	1969	EILERS,L.K.
EASTMAN KODAK (2)	1	0	1969	BRERETON,H.
EASTMAN KODAK (2)	1	0	1969	BEACH,N.F.
EASTMAN KODAK (2)	1	2	1969	ZORNOW,G.B.
EASTMAN KODAK (2)	1	2	1969	WRIGHT,J.D.
EASTMAN KODAK (2)	1	2	1969	WELSH,F.S.
EASTMAN KODAK (2)	1	2	1969	WALLIS,W.A.
EASTMAN KODAK (2)	1	2	1969	WAGGERSHAUSER,H.H.
EASTMAN KODAK (2)	1	2	1969	VAUGHN,W.S.
EASTMAN KODAK (2)	1	2	1969	PRICE,G.A.
EASTMAN KODAK (2)	1	2	1969	MILLER,R.W.
EASTMAN KODAK (2)	1	2	1969	MEYER,JR,J.M.
EASTMAN KODAK (2)	1	2	1969	MC NEELEY,H.D.
EASTMAN KODAK (2)	1	2	1969	HORNIG,D.F.
EASTMAN KODAK (2)	1	2	1969	GOULD,A.J.
EASTMAN KODAK (2)	1	2	1969	EILERS,L.K.
EASTMAN KODAK (2)	1	2	1969	BRERETON,H.
EASTMAN KODAK (2)	1	2	1969	BEACH,N.F.
EASTMAN KODAK (2)	1	2	1969	ACHILLES,T.C.
GENERAL ELECTRIC	1	0	1969	WEISS,H.L.
GENERAL ELECTRIC	1	0	1969	PARKER,J.S.
GENERAL ELECTRIC	1	0	1969	JONES,R.H.
GENERAL ELECTRIC	1	0	1969	ESTES,R.M.
GENERAL ELECTRIC	1	0	1969	DENNLER,W.H.
GENERAL ELECTRIC	1	0	1969	DANCE,W.D.
GENERAL ELECTRIC	1	0	1969	CROSS,H.
GENERAL ELECTRIC	1	0	1969	BORCH,F.J.
GENERAL ELECTRIC	1	2	1969	WRISTON,W.B.
GENERAL ELECTRIC	1	2	1969	WEISS,H.L.
GENERAL ELECTRIC	1	2	1969	STEVENS,R.T.
GENERAL ELECTRIC	1	2	1969	SCRIBNER,JR,G.H.
GENERAL ELECTRIC	1	2	1969	PARKER,J.S.
GENERAL ELECTRIC	1	2	1969	MORGAN,H.S.
GENERAL ELECTRIC	1	2	1969	MC GEE,D.A.
GENERAL ELECTRIC	1	2	1969	MC ELROY,N.H.
GENERAL ELECTRIC	1	2	1969	LOVE,G.H.
GENERAL ELECTRIC	1	2	1969	LITTLEFIELD,E.W.
GENERAL ELECTRIC	1	2	1969	LAZARUS,R.
GENERAL ELECTRIC	1	2	1969	LAWRENCE,J.E.
GENERAL ELECTRIC	1	2	1969	HUMPHREY,G.W.
GENERAL ELECTRIC	1	2	1969	HOVDE,F.L.
GENERAL ELECTRIC	1	2	1969	GATES,T.S.
GENERAL ELECTRIC	1	2	1969	DENT,F.B.
GENERAL ELECTRIC	1	2	1969	DENNLER,W.H.
GENERAL ELECTRIC	1	2	1969	BORCH,F.J.
GENERAL ELECTRIC	1	2	1969	AUSTIN,J.P.
INTERNATIONAL HARVESTER	1	0	1969	WARREN,B.H.
INTERNATIONAL HARVESTER	1	0	1969	VOSS,O.G.
INTERNATIONAL HARVESTER	1	0	1969	MC CORMICK,B.
INTERNATIONAL HARVESTER	1	0	1969	CHIMENTI,D.
INTERNATIONAL HARVESTER	1	0	1969	CALLAHAN,W.E.
INTERNATIONAL HARVESTER	1	0	1969	BURNSIDE,R.H.
INTERNATIONAL HARVESTER	1	0	1969	BERCHER,H.O.
INTERNATIONAL HARVESTER	1	0	1969	BATTS,R.W.
INTERNATIONAL HARVESTER	1	2	1969	WARD,J.H.
INTERNATIONAL HARVESTER	1	2	1969	VOSS,O.G.
INTERNATIONAL HARVESTER	1	2	1969	SMITH,H.B.
INTERNATIONAL HARVESTER	1	2	1969	RETTALIATA,J.T.
INTERNATIONAL HARVESTER	1	2	1969	PALMER,J.L.
INTERNATIONAL HARVESTER	1	2	1969	MORGAN,G.J.
INTERNATIONAL HARVESTER	1	2	1969	MC CORMICK,B.
INTERNATIONAL HARVESTER	1	2	1969	LOURIE,D.B.
INTERNATIONAL HARVESTER	1	2	1969	LANTERMAN,J.B.
INTERNATIONAL HARVESTER	1	2	1969	KECK,G.E.
INTERNATIONAL HARVESTER	1	2	1969	JARVIS,P.M.
INTERNATIONAL HARVESTER	1	2	1969	GOODRICH,P.W.
INTERNATIONAL HARVESTER	1	2	1969	CALLAHAN,W.E.
INTERNATIONAL HARVESTER	1	2	1969	CAIN,G.R.
INTERNATIONAL HARVESTER	1	2	1969	BUZARD,R.M.
INTERNATIONAL HARVESTER	1	2	1969	BURNSIDE,R.H.
INTERNATIONAL HARVESTER	1	2	1969	BUDD,J.M.
INTERNATIONAL HARVESTER	1	2	1969	BERCHER,H.O.
INTERNATIONAL PAPER	1	0	1969	WARD,G.T.
INTERNATIONAL PAPER	1	0	1969	MONGE,J.P.
INTERNATIONAL PAPER	1	0	1969	KAPPEL,F.R.
INTERNATIONAL PAPER	1	0	1969	HINMAN,E.B.
INTERNATIONAL PAPER	1	0	1969	FOSTER,A.P.
INTERNATIONAL PAPER	1	0	1969	ELLIS,E.E.
INTERNATIONAL PAPER	1	0	1969	DALSEMER,L.
INTERNATIONAL PAPER	1	0	1969	BEALL,C.R.
INTERNATIONAL PAPER	1	2	1969	WARD,G.T.
INTERNATIONAL PAPER	1	2	1969	STODDARD,R.W.
INTERNATIONAL PAPER	1	2	1969	NOLEN,H.C.
INTERNATIONAL PAPER	1	2	1969	MURPHY,W.B.
INTERNATIONAL PAPER	1	2	1969	MONGE,J.P.
INTERNATIONAL PAPER	1	2	1969	LOURIE,D.B.
INTERNATIONAL PAPER	1	2	1969	KINGSLEY,J.M.
INTERNATIONAL PAPER	1	2	1969	KELLEY,L.B.
INTERNATIONAL PAPER	1	2	1969	KAPPEL,F.R.
INTERNATIONAL PAPER	1	2	1969	HINMAN,E.B.
INTERNATIONAL PAPER	1	2	1969	HANNIGAN,J.
INTERNATIONAL PAPER	1	2	1969	DALSEMER,L.
INTERNATIONAL PAPER	1	2	1969	CHAMPION,G.
INTERNATIONAL PAPER	1	2	1969	CHACE,JR,M.G.
INTERNATIONAL PAPER	1	2	1969	BREWSTER,W.S.
UNIROYAL	1	0	1969	WRIGHTNOUR,W.F.
UNIROYAL	1	0	1969	VILA,G.R.
UNIROYAL	1	0	1969	POWNALL,G.T.
UNIROYAL	1	0	1969	EBERS,E.S.
UNIROYAL	1	0	1969	DANOWITZ,S.H.
UNIROYAL	1	0	1969	CRANE,W.J.
UNIROYAL	1	0	1969	CRANDALL,G.E.
UNIROYAL	1	0	1969	BALDWIN,W.D.
UNIROYAL	1	2	1969	VILA,G.R.
UNIROYAL	1	2	1969	TYSON,R.C.
UNIROYAL	1	2	1969	SPOFFORD,C.M.
UNIROYAL	1	2	1969	SMITH,W.D.
UNIROYAL	1	2	1969	SCHIFF,J.M.
UNIROYAL	1	2	1969	POWNALL,G.T.
UNIROYAL	1	2	1969	MELHOUSE,H.G.
UNIROYAL	1	2	1969	MC GOVERN,J.W.
UNIROYAL	1	2	1969	LEWIS,J.P.
UNIROYAL	1	2	1969	HELM,H.H.
UNIROYAL	1	2	1969	HART,G.A.
UNIROYAL	1	2	1969	HALABY,N.E.
UNIROYAL	1	2	1969	FERGUSON,M.P.
UNIROYAL	1	2	1969	DEAN,J.S.
UNIROYAL	1	2	1969	CHINN,JR,J.W.
UNIROYAL	1	2	1969	BALDWIN,W.D.
AMERICAN RADIATOR & STAND.SANITARY	1	0	1969	WARD,L.C.
AMERICAN RADIATOR & STAND.SANITARY	1	0	1969	WALKLEY,L.E.
AMERICAN RADIATOR & STAND.SANITARY	1	0	1969	MARQUARD,JR,W.A.
AMERICAN RADIATOR & STAND.SANITARY	1	0	1969	GRANT,J.L.
AMERICAN RADIATOR & STAND.SANITARY	1	0	1969	EBERLE,W.D.
AMERICAN RADIATOR & STAND.SANITARY	1	0	1969	DURANT,B.S.
AMERICAN RADIATOR & STAND.SANITARY	1	0	1969	BRIGGS,J.L.
AMERICAN RADIATOR & STAND.SANITARY	1	0	1969	AUGENSTEIN,P.M.
AMERICAN RADIATOR & STAND.SANITARY	1	2	1969	WORTHINGTON,L.B.
AMERICAN RADIATOR & STAND.SANITARY	1	2	1969	WOODMAN,H.B.
AMERICAN RADIATOR & STAND.SANITARY	1	2	1969	WINGATE,H.S.
AMERICAN RADIATOR & STAND.SANITARY	1	2	1969	WARD,L.C.
AMERICAN RADIATOR & STAND.SANITARY	1	2	1969	SHOEMAKER,G.A.
AMERICAN RADIATOR & STAND.SANITARY	1	2	1969	SCHWARTZ,F.N.
AMERICAN RADIATOR & STAND.SANITARY	1	2	1969	POOL,L.P.
AMERICAN RADIATOR & STAND.SANITARY	1	2	1969	MC CORD,A.K.
AMERICAN RADIATOR & STAND.SANITARY	1	2	1969	MACNICHOL,JR,G.P.
AMERICAN RADIATOR & STAND.SANITARY	1	2	1969	KINGSLEY,J.M.
AMERICAN RADIATOR & STAND.SANITARY	1	2	1969	HANLEY,E.J.
AMERICAN RADIATOR & STAND.SANITARY	1	2	1969	GRISWOLD,J.C.
AMERICAN RADIATOR & STAND.SANITARY	1	2	1969	GRAZIER,J.A.
AMERICAN RADIATOR & STAND.SANITARY	1	2	1969	EBERLE,W.D.
AMERICAN RADIATOR & STAND.SANITARY	1	2	1969	CUTLER,JR,E.N.
AMERICAN RADIATOR & STAND.SANITARY	1	2	1969	AUGENSTEIN,P.M.
GOODRICH (B.F.)	1	0	1969	YOHE,R.V.
GOODRICH (B.F.)	1	0	1969	WARNER,H.B.
GOODRICH (B.F.)	1	0	1969	PERDRIAU,P.W.
GOODRICH (B.F.)	1	0	1969	MILLER,JR,J.W.
GOODRICH (B.F.)	1	0	1969	KEENER,J.W.
GOODRICH (B.F.)	1	0	1969	JETER,R.G.
GOODRICH (B.F.)	1	0	1969	JANSEN,J.E.
GOODRICH (B.F.)	1	0	1969	HART,J.N.
GOODRICH (B.F.)	1	2	1969	WEINBERG,J.L.
GOODRICH (B.F.)	1	2	1969	WARNER,H.B.
GOODRICH (B.F.)	1	2	1969	NOLEN,H.C.
GOODRICH (B.F.)	1	2	1969	LUKE,III,D.L.
GOODRICH (B.F.)	1	2	1969	LINDSETH,E.L.
GOODRICH (B.F.)	1	2	1969	LEITHEAD,B.T.
GOODRICH (B.F.)	1	2	1969	LAING,R.S.
GOODRICH (B.F.)	1	2	1969	KELLY,A.
GOODRICH (B.F.)	1	2	1969	KEENER,J.W.
GOODRICH (B.F.)	1	2	1969	GROSS,B.
GOODRICH (B.F.)	1	2	1969	EDWARDS,G.
GOODRICH (B.F.)	1	2	1969	CABOT,P.C.
PITTSBURGH PLATE GLASS	1	0	1969	WILLIAMS,L.S.
PITTSBURGH PLATE GLASS	1	0	1969	OWENS,J.T.
PITTSBURGH PLATE GLASS	1	0	1969	OGILVIE,D.D.
PITTSBURGH PLATE GLASS	1	0	1969	NEWTON,W.F.
PITTSBURGH PLATE GLASS	1	0	1969	NEUBAUER,J.E.
PITTSBURGH PLATE GLASS	1	0	1969	FULLER,III,W.P.
PITTSBURGH PLATE GLASS	1	0	1969	CARPENTER,W.
PITTSBURGH PLATE GLASS	1	0	1969	BARKER,R.F.
PITTSBURGH PLATE GLASS	1	2	1969	WOODS,G.D.
PITTSBURGH PLATE GLASS	1	2	1969	SULLIVAN,V.C.
PITTSBURGH PLATE GLASS	1	2	1969	ROBBINS,J.W.
PITTSBURGH PLATE GLASS	1	2	1969	NEUBAUER,J.A.
PITTSBURGH PLATE GLASS	1	2	1969	MORSE,R.W.
PITTSBURGH PLATE GLASS	1	2	1969	JUNGLE,J.F.
PITTSBURGH PLATE GLASS	1	2	1969	HILL,D.G.
PITTSBURGH PLATE GLASS	1	2	1969	EBERLE,W.D.
PITTSBURGH PLATE GLASS	1	2	1969	DENTON,F.R.
PITTSBURGH PLATE GLASS	1	2	1969	BEEGHLY,C.M.
PITTSBURGH PLATE GLASS	1	2	1969	BARKER,R.F.
AMK	1	0	1969	PRATT,P.B.
AMK	1	0	1969	MC AULEY,C.B.
AMK	1	0	1969	MASON,W.B.
AMK	1	0	1969	LEVINE,M.L.
AMK	1	0	1969	LAUER,W.W.
AMK	1	0	1969	FOX,J.M.
AMK	1	0	1969	BLACK,E.M.
AMK	1	0	1969	BERRY,R.W.
AMK	1	2	1969	WELLS,J.
AMK	1	2	1969	WARNER,T.K.
AMK	1	2	1969	WALLACE,D.W.
AMK	1	2	1969	TURK,L.G.
AMK	1	2	1969	SCHAFLER,N.I.
AMK	1	2	1969	MC DANIEL,JR,J.M.
AMK	1	2	1969	MC CALLUM,W.W.
AMK	1	2	1969	LUNT,S.D.
AMK	1	2	1969	KAPLAN,M.C.
AMK	1	2	1969	GALLOP,M.R.
AMK	1	2	1969	BROFFMAN,M.H.
AMK	1	2	1969	BLACK,E.M.
PROCTER & GAMBLE	1	0	1969	SNOW,E.A.
PROCTER & GAMBLE	1	0	1969	MORGENS,H.J.
PROCTER & GAMBLE	1	0	1969	MC ELROY,N.H.
PROCTER & GAMBLE	1	0	1969	HARNESS,E.G.
PROCTER & GAMBLE	1	0	1969	HANLEY,J.W.
PROCTER & GAMBLE	1	0	1969	FITE,D.P.
PROCTER & GAMBLE	1	0	1969	DEUPREE,R.R.
PROCTER & GAMBLE	1	0	1969	CHASE,W.R.
PROCTER & GAMBLE	1	2	1969	VAUGHN,W.S.
PROCTER & GAMBLE	1	2	1969	THOMAS,E.J.
PROCTER & GAMBLE	1	2	1969	SNOW,E.A.
PROCTER & GAMBLE	1	2	1969	OELMAN,R.S.
PROCTER & GAMBLE	1	2	1969	MORGENS,H.J.
PROCTER & GAMBLE	1	2	1969	MC ELROY,N.H.
PROCTER & GAMBLE	1	2	1969	LINGLE,JR,W.L.
PROCTER & GAMBLE	1	2	1969	HARNESS,E.G.
PROCTER & GAMBLE	1	2	1969	HANLEY,J.W.
PROCTER & GAMBLE	1	2	1969	GEIER,JR,P.O.
PROCTER & GAMBLE	1	2	1969	GAMBLE,D.G.
PROCTER & GAMBLE	1	2	1969	FITE,D.P.
PROCTER & GAMBLE	1	2	1969	EWELL,J.M.
PROCTER & GAMBLE	1	2	1969	DEUPREE,R.R.
PROCTER & GAMBLE	1	2	1969	CHASE,W.R.
PROCTER & GAMBLE	1	2	1969	BOYER,W.B.
PROCTER & GAMBLE	1	2	1969	BEESLEY,E.N.
REPUBLIC IRON & STEEL	1	0	1969	PATTON,T.F.
REPUBLIC IRON & STEEL	1	0	1969	HOPWOOD,H.W.
REPUBLIC IRON & STEEL	1	0	1969	FEIEL,G.M.
REPUBLIC IRON & STEEL	1	0	1969	DELANCEY,W.J.
REPUBLIC IRON & STEEL	1	0	1969	CRAVENS,C.W.
REPUBLIC IRON & STEEL	1	0	1969	CARPENTER,R.P.
REPUBLIC IRON & STEEL	1	0	1969	BOYER,W.B.
REPUBLIC IRON & STEEL	1	0	1969	ALLEN,H.L.
REPUBLIC IRON & STEEL	1	2	1969	WRIGHT,J.D.
REPUBLIC IRON & STEEL	1	2	1969	STOUFFER,V.
REPUBLIC IRON & STEEL	1	2	1969	SPAHR,C.E.
REPUBLIC IRON & STEEL	1	2	1969	PATTON,T.F.
REPUBLIC IRON & STEEL	1	2	1969	KERR,J.R.
REPUBLIC IRON & STEEL	1	2	1969	GLENNAN,T.K.
REPUBLIC IRON & STEEL	1	2	1969	FUNSTON,G.K.
REPUBLIC IRON & STEEL	1	2	1969	ECKLEY,F.R.
REPUBLIC IRON & STEEL	1	2	1969	DELANCEY,W.J.
REPUBLIC IRON & STEEL	1	2	1969	BRICKER,J.W.
REPUBLIC IRON & STEEL	1	2	1969	BOYER,W.B.
REPUBLIC IRON & STEEL	1	2	1969	BALDWIN,E.C.
REPUBLIC IRON & STEEL	1	2	1969	ALLEN,H.L.
REPUBLIC IRON & STEEL	1	2	1969	ALLEN,G.E.
ARMCO STEEL	1	0	1969	VERITY,JR,C.W.
ARMCO STEEL	1	0	1969	REICHELDERFER,D.E.
ARMCO STEEL	1	0	1969	HOLIDAY,H.
ARMCO STEEL	1	0	1969	BROWNING,JR,W.B.
ARMCO STEEL	1	0	1969	BOONE,D.C.
ARMCO STEEL	1	0	1969	BILLMAN,B.D.
ARMCO STEEL	1	0	1969	BAILEY,W.R.
ARMCO STEEL	1	0	1969	ARNOLD,G.J.
ARMCO STEEL	1	2	1969	VERITY,JR,C.W.
ARMCO STEEL	1	2	1969	THOMAS,E.J.
ARMCO STEEL	1	2	1969	SHORE,T.S.
ARMCO STEEL	1	2	1969	ROWLES,C.W.
ARMCO STEEL	1	2	1969	REICHELDERFER,D.E.
ARMCO STEEL	1	2	1969	MAYER,J.A.
ARMCO STEEL	1	2	1969	MACNICHOL,JR,G.P.
ARMCO STEEL	1	2	1969	LAING,R.S.
ARMCO STEEL	1	2	1969	JOHNSTON,L.T.
ARMCO STEEL	1	2	1969	HOLIDAY,JR,H.
ARMCO STEEL	1	2	1969	HANLEY,J.W.
ARMCO STEEL	1	2	1969	HALL,J.B.
ARMCO STEEL	1	2	1969	GEIER,JR,P.O.
ARMCO STEEL	1	2	1969	FRENSLEY,H.J.
ARMCO STEEL	1	2	1969	DONNELL,II,J.C.
ARMCO STEEL	1	2	1969	DENTON,J.C.
ARMCO STEEL	1	2	1969	BOOTHE,D.P.
ARMCO STEEL	1	2	1969	BOONE,D.C.
STANDARD OIL (NJ)	1	0	1969	VAZQUEZ,S.
STANDARD OIL (NJ)	1	0	1969	PIERCY,G.T.
STANDARD OIL (NJ)	1	0	1969	PAGE,H.W.
STANDARD OIL (NJ)	1	0	1969	MILBRATH,R.H.
STANDARD OIL (NJ)	1	0	1969	JAMIESON,J.K.
STANDARD OIL (NJ)	1	0	1969	GARVIN,JR,C.C.
STANDARD OIL (NJ)	1	0	1969	COLLADO,E.G.
STANDARD OIL (NJ)	1	0	1969	BRISCO,M.M.
STANDARD OIL (NJ)	1	2	1969	WHITE,J.R.
STANDARD OIL (NJ)	1	2	1969	VAZQUEZ,S.
STANDARD OIL (NJ)	1	2	1969	PIERCY,G.T.
STANDARD OIL (NJ)	1	2	1969	PAGE,H.W.
STANDARD OIL (NJ)	1	2	1969	MILBRATH,R.H.
STANDARD OIL (NJ)	1	2	1969	MACNAUGHTON,D.S.
STANDARD OIL (NJ)	1	2	1969	LONG,F.A.
STANDARD OIL (NJ)	1	2	1969	LEARSON,T.V.
STANDARD OIL (NJ)	1	2	1969	JAMIESON,J.K.
STANDARD OIL (NJ)	1	2	1969	GARVIN,JR,C.C.
STANDARD OIL (NJ)	1	2	1969	FRANKLIN,W.H.
STANDARD OIL (NJ)	1	2	1969	CROSS,B.S.
STANDARD OIL (NJ)	1	2	1969	COLLADO,E.G.
STANDARD OIL (NJ)	1	2	1969	BRISCO,M.M.
UNION CARBIDE	1	0	1969	WILSON,F.P.
UNION CARBIDE	1	0	1969	SHANKLIN,J.F.
UNION CARBIDE	1	0	1969	MASON,JR,B.
UNION CARBIDE	1	0	1969	HANNAN,K.H.
UNION CARBIDE	1	0	1969	HAGEMAN,C.H.
UNION CARBIDE	1	0	1969	FLOOD,R.F.
UNION CARBIDE	1	0	1969	BURGOYNE,B.T.
UNION CARBIDE	1	0	1969	ANDERSON,W.M.
UNION CARBIDE	1	2	1969	WILSON,F.P.
UNION CARBIDE	1	2	1969	WARD,J.H.
UNION CARBIDE	1	2	1969	SNEATH,W.S.
UNION CARBIDE	1	2	1969	MC NEILL,JR,R.E.
UNION CARBIDE	1	2	1969	MASON,JR,B.
UNION CARBIDE	1	2	1969	LOVE,G.H.
UNION CARBIDE	1	2	1969	LAMBERT,A.T.
UNION CARBIDE	1	2	1969	HESTER,J.M.
UNION CARBIDE	1	2	1969	HERD,J.V.
UNION CARBIDE	1	2	1969	HANNAN,K.H.
UNION CARBIDE	1	2	1969	DRYE,JR,J.W.
UNION CARBIDE	1	2	1969	CROMER,E.
UNION CARBIDE	1	2	1969	BROWN,JR,R.M.
AVCO	1	0	1969	WILSON,JR,K.R.
AVCO	1	0	1969	MITCHELL,J.E.
AVCO	1	0	1969	MIHALIC,J.M.
AVCO	1	0	1969	LARSON,F.S.
AVCO	1	0	1969	KERR,J.R.
AVCO	1	0	1969	KANTROWITZ,A.R.
AVCO	1	0	1969	GOSNELL,J.R.
AVCO	1	0	1969	ADAMS,M.C.
AVCO	1	2	1969	YANTIS,R.W.
AVCO	1	2	1969	MC LAUGHLIN,M.A.
AVCO	1	2	1969	MC DOUGALD,J.A.
AVCO	1	2	1969	KERR,J.R.
AVCO	1	2	1969	KANTROWITZ,A.R.
AVCO	1	2	1969	KAHN,H.H.
AVCO	1	2	1969	JONES,G.W.P.
AVCO	1	2	1969	HODGKINS,E.R.
AVCO	1	2	1969	HARRINGTON,F.L.
AVCO	1	2	1969	HARRINGTON,F.A.
AVCO	1	2	1969	GRAHAME,O.F.
AVCO	1	2	1969	GOSNELL,J.R.
AVCO	1	2	1969	GLENNAN,T.K.
AVCO	1	2	1969	FUNSTON,G.K.
AVCO	1	2	1969	ALLEN,G.E.
BOEING AIRPLANE	1	0	1969	WILSON,T.A.
BOEING AIRPLANE	1	0	1969	WELLS,E.C.
BOEING AIRPLANE	1	0	1969	MAULDEN,W.M.
BOEING AIRPLANE	1	0	1969	MARTIN,G.C.
BOEING AIRPLANE	1	0	1969	HAYNES,H.W.
BOEING AIRPLANE	1	0	1969	HAGE,G.H.
BOEING AIRPLANE	1	0	1969	GRACEY,C.B.
BOEING AIRPLANE	1	0	1969	ALLEN,W.M.
BOEING AIRPLANE	1	2	1969	YEASTING,J.O.
BOEING AIRPLANE	1	2	1969	WILSON,T.A.
BOEING AIRPLANE	1	2	1969	WILCOX,T.R.
BOEING AIRPLANE	1	2	1969	WEYERHAEUSER,G.H.
BOEING AIRPLANE	1	2	1969	WELLS,E.C.
BOEING AIRPLANE	1	2	1969	SKINNER,D.E.
BOEING AIRPLANE	1	2	1969	REED,W.G.
BOEING AIRPLANE	1	2	1969	PRINCE,J.E.
BOEING AIRPLANE	1	2	1969	MICKELWAIT,L.P.
BOEING AIRPLANE	1	2	1969	HAYNES,H.W.
BOEING AIRPLANE	1	2	1969	GREENEWALT,C.H.
BOEING AIRPLANE	1	2	1969	CAMPBELL,W.L.
BOEING AIRPLANE	1	2	1969	BATTEN,W.M.
BOEING AIRPLANE	1	2	1969	ALLEN,W.M.
BOISE CASCADE	1	0	1969	TAYLOR,C.
BOISE CASCADE	1	0	1969	MOSER,S.B.
BOISE CASCADE	1	0	1969	MILLER,J.H.
BOISE CASCADE	1	0	1969	HUGHES,E.W.
BOISE CASCADE	1	0	1969	HANSBERGER,R.V.
BOISE CASCADE	1	0	1969	GURNSEY,V.L.
BOISE CASCADE	1	0	1969	FREY,J.B.
BOISE CASCADE	1	0	1969	DELVALLE,J.
BOISE CASCADE	1	2	1969	WELCH,L.D.
BOISE CASCADE	1	2	1969	WEINER,J.L.
BOISE CASCADE	1	2	1969	TITCOMB,E.R.
BOISE CASCADE	1	2	1969	TEMPLETON,H.
BOISE CASCADE	1	2	1969	SMYTH,T.H.
BOISE CASCADE	1	2	1969	PILLSBURY,JR,J.S.
BOISE CASCADE	1	2	1969	OSGOOD,G.H.
BOISE CASCADE	1	2	1969	MOSER,S.B.
BOISE CASCADE	1	2	1969	HANSBERGER,R.V.
BOISE CASCADE	1	2	1969	FLOTRON,G.D.
BOISE CASCADE	1	2	1969	FIENUP,W.G.
BOISE CASCADE	1	2	1969	FERY,J.B.
BOISE CASCADE	1	2	1969	FAEGRE,R.
BOISE CASCADE	1	2	1969	DEMING,F.L.
BOISE CASCADE	1	2	1969	BRYSON,J.E.
BOISE CASCADE	1	2	1969	BRONSON,J.D.
BOISE CASCADE	1	2	1969	BLACK,E.R.
BURLINGTON INDUSTRIES	1	0	1969	STAFF,G.L.
BURLINGTON INDUSTRIES	1	0	1969	RAUCH,H,E,
BURLINGTON INDUSTRIES	1	0	1969	OSMER,R.E.
BURLINGTON INDUSTRIES	1	0	1969	MYERS,JR,C.F.
BURLINGTON INDUSTRIES	1	0	1969	MC CONNELL,B.M.
BURLINGTON INDUSTRIES	1	0	1969	JONES,H.C.
BURLINGTON INDUSTRIES	1	0	1969	CALLAWAY,E.R.
BURLINGTON INDUSTRIES	1	0	1969	BARBEE,J.D.
BURLINGTON INDUSTRIES	1	2	1969	STAFF,G.L.
BURLINGTON INDUSTRIES	1	2	1969	SCHWARZENBACH,H.R.
BURLINGTON INDUSTRIES	1	2	1969	RAUCH,H.E.
BURLINGTON INDUSTRIES	1	2	1969	OSMER,R.E.
BURLINGTON INDUSTRIES	1	2	1969	MYERS,JR,C.F.
BURLINGTON INDUSTRIES	1	2	1969	MC GUIRE,P.
BURLINGTON INDUSTRIES	1	2	1969	MC CONNELL,B.M.
BURLINGTON INDUSTRIES	1	2	1969	LINGLE,JR,W.L.
BURLINGTON INDUSTRIES	1	2	1969	KNIGHT,H.W.
BURLINGTON INDUSTRIES	1	2	1969	JONES,H.C.
BURLINGTON INDUSTRIES	1	2	1969	HUDGINS,D.E.
BURLINGTON INDUSTRIES	1	2	1969	HOLDERNESS,H.
BURLINGTON INDUSTRIES	1	2	1969	GORDON,A.H.
BURLINGTON INDUSTRIES	1	2	1969	FRENCH,W.T.
BURLINGTON INDUSTRIES	1	2	1969	CAVE,J.B.
BURLINGTON INDUSTRIES	1	2	1969	CALLAWAY,JR,E.R.
BURLINGTON INDUSTRIES	1	2	1969	BARBEE,J.D.
BURLINGTON INDUSTRIES	1	2	1969	BAKER,R.C.
BURROUGHS	1	0	1969	MIRABITO,P.S.
BURROUGHS	1	0	1969	MACDONALD,R.W.
BURROUGHS	1	0	1969	HALL,S.F.
BURROUGHS	1	0	1969	EXLEY,JR,C.E.
BURROUGHS	1	0	1969	CLARK,E.G.
BURROUGHS	1	0	1969	CLABAULT,J.M.
BURROUGHS	1	0	1969	BOWLES,H.G.
BURROUGHS	1	0	1969	BAILY,R.O.
BURROUGHS	1	2	1969	TRAVIS,I.
BURROUGHS	1	2	1969	SURDAM,R.M.
BURROUGHS	1	2	1969	SAWYER,C.
BURROUGHS	1	2	1969	MIRABITO,P.S.
BURROUGHS	1	2	1969	MC CULLOUGH,J.A.
BURROUGHS	1	2	1969	MACDONALD,R.W.
BURROUGHS	1	2	1969	LONG,T.G.
BURROUGHS	1	2	1969	DAY,W.M.
BURROUGHS	1	2	1969	CISLER,W.L.
BURROUGHS	1	2	1969	BOWLES,H.G.
MARATHON OIL	1	0	1969	YOUNG,G.H.
MARATHON OIL	1	0	1969	MORIARITY,F.C.
MARATHON OIL	1	0	1969	MC MILLEN,R.E.
MARATHON OIL	1	0	1969	DONNELL,J.R.
MARATHON OIL	1	0	1969	DONNELL,II,J.C.
MARATHON OIL	1	0	1969	CLARK,G.A.
MARATHON OIL	1	0	1969	CHURCHWELL,R.M.
MARATHON OIL	1	0	1969	ANDERSON,J.D.
MARATHON OIL	1	2	1969	YOUNG,G.H.
MARATHON OIL	1	2	1969	MULFORD,R.H.
MARATHON OIL	1	2	1969	MORIARTY,F.C.
MARATHON OIL	1	2	1969	MC MILLEN,R.E.
MARATHON OIL	1	2	1969	FISHER,M.M.
MARATHON OIL	1	2	1969	DONNELL,J.R.
MARATHON OIL	1	2	1969	DONNELL,II,J.C.
MARATHON OIL	1	2	1969	COUCH,J.O.
MARATHON OIL	1	2	1969	BOYER,W.B.
MARATHON OIL	1	2	1969	ANDERSON,J.D.
CATIPILLAR TRACTOR	1	0	1969	NAUMANN.W.L.
CATIPILLAR TRACTOR	1	0	1969	MORGAN,L.L.
CATIPILLAR TRACTOR	1	0	1969	FRANKLIN,W.H.
CATIPILLAR TRACTOR	1	0	1969	CLEMENTS,M.A.
CATIPILLAR TRACTOR	1	0	1969	CHAPMAN,E.C.
CATIPILLAR TRACTOR	1	0	1969	BORNHOLDT,W.J.
CATIPILLAR TRACTOR	1	0	1969	BLACKIE,W.
CATIPILLAR TRACTOR	1	0	1969	ARMSTRONG,G.R.
CATIPILLAR TRACTOR	1	2	1969	NAUMANN,W.L.
CATIPILLAR TRACTOR	1	2	1969	MORGAN,L.L.
CATIPILLAR TRACTOR	1	2	1969	MARTIN,JR,W.M.
CATIPILLAR TRACTOR	1	2	1969	MAGOWAN,R.A.
CATIPILLAR TRACTOR	1	2	1969	GRONSDAHL,D.S.
CATIPILLAR TRACTOR	1	2	1969	FREEMAN,JR,G.A.
CATIPILLAR TRACTOR	1	2	1969	FRANKLIN,W.H.
CATIPILLAR TRACTOR	1	2	1969	FOLGER,J.A.
CATIPILLAR TRACTOR	1	2	1969	EBERHARD,H.S.
CATIPILLAR TRACTOR	1	2	1969	DAVIES,P.L.
CATIPILLAR TRACTOR	1	2	1969	BRAWNER,A.H.
CATIPILLAR TRACTOR	1	2	1969	BLACKIE,W.
CATIPILLAR TRACTOR	1	2	1969	ARMSTRONG,G.R.
CELANESE	1	0	1969	TULLY,C.R.
CELANESE	1	0	1969	PARLIN,C.C.
CELANESE	1	0	1969	MARX,W.T.
CELANESE	1	0	1969	KENNEDY,J.R.
CELANESE	1	0	1969	FRANCIS,JR,C.D.
CELANESE	1	0	1969	CONZE,P.H.
CELANESE	1	0	1969	COCHRAN,A.R.
CELANESE	1	0	1969	BROOKS,J.W.
CELANESE	1	2	1969	WIESNER,J.B.
CELANESE	1	2	1969	STICHT,J.P.
CELANESE	1	2	1969	SHIVERS,A.
CELANESE	1	2	1969	PLACE,J.B.M.
CELANESE	1	2	1969	PARLIN,C.C.
CELANESE	1	2	1969	MURPHY,G.M.P.
CELANESE	1	2	1969	MARX,W.T.
CELANESE	1	2	1969	MARKS,W.C.
CELANESE	1	2	1969	KIXMILLER,R.W.
CELANESE	1	2	1969	KENNEDY,J.R.
CELANESE	1	2	1969	JOHNSON,B.D.
CELANESE	1	2	1969	CONZE,P.H.
CELANESE	1	2	1969	BROOKS,J.W.
CHRYSLER	1	0	1969	TOWNSEND,L.A.
CHRYSLER	1	0	1969	RICCARDO,J.
CHRYSLER	1	0	1969	BUCKMINSTER,P.N.
CHRYSLER	1	0	1969	BROWN,R.K.
CHRYSLER	1	0	1969	BRIGHT,R.S.
CHRYSLER	1	0	1969	BOYD,V.E.
CHRYSLER	1	0	1969	BORNHAUSER,L.B.
CHRYSLER	1	0	1969	BLAKESLEE,W.S.
CHRYSLER	1	2	1969	YOUNG,G.B.
CHRYSLER	1	2	1969	WARREN,L.B.
CHRYSLER	1	2	1969	TOWNSEND,L.A.
CHRYSLER	1	2	1969	SEMPLE,R.B.
CHRYSLER	1	2	1969	RICCARDO,J.J.
CHRYSLER	1	2	1969	PERRING,R.T.
CHRYSLER	1	2	1969	PAGE,R.G.
CHRYSLER	1	2	1969	MINETT,I.J.
CHRYSLER	1	2	1969	MC NEILL,JR,R.E.
CHRYSLER	1	2	1969	MC ELROY,N.H.
CHRYSLER	1	2	1969	LOVE,G.H.
CHRYSLER	1	2	1969	LITTLEFIELD,E.W.
CHRYSLER	1	2	1969	LEARY,J.D.
CHRYSLER	1	2	1969	KILLEFER,T.
CHRYSLER	1	2	1969	HEWLETT,W.R.
CHRYSLER	1	2	1969	HEREIL,G.
CHRYSLER	1	2	1969	HALABY,N.E.
CHRYSLER	1	2	1969	DILWORTH,J.R.
CHRYSLER	1	2	1969	COLEMAN,J.A.
CHRYSLER	1	2	1969	CLARK,H.L.
CHRYSLER	1	2	1969	CAFIERO,E.A.
CHRYSLER	1	2	1969	BUCKMINSTER,P.N.
CHRYSLER	1	2	1969	BRIGHT,R.S.
CHRYSLER	1	2	1969	BOYD,V.E.
CITIES SERVICE	1	0	1969	WIRGES,M.F.
CITIES SERVICE	1	0	1969	WIAND,B.F.
CITIES SERVICE	1	0	1969	WAIDELICH,C.J.
CITIES SERVICE	1	0	1969	SELLERS,R.V.
CITIES SERVICE	1	0	1969	PLATT,H.E.
CITIES SERVICE	1	0	1969	MITCHELL,C.S.
CITIES SERVICE	1	0	1969	HOLLAND,JR,P.
CITIES SERVICE	1	0	1969	HESTON,J.E.
CITIES SERVICE	1	2	1969	WHEELER,C.V.
CITIES SERVICE	1	2	1969	WAIDELICH,C.J.
CITIES SERVICE	1	2	1969	VANMARKEN,E.P.
CITIES SERVICE	1	2	1969	SELLERS,R.V.
CITIES SERVICE	1	2	1969	SCHRAM,E.
CITIES SERVICE	1	2	1969	ROMNES,H.I.
CITIES SERVICE	1	2	1969	O'BRIEN,H.L.
CITIES SERVICE	1	2	1969	MORTON,J.W.
CITIES SERVICE	1	2	1969	MITCHELL,C.S.
CITIES SERVICE	1	2	1969	MICHEL,C.W.
CITIES SERVICE	1	2	1969	HESTON,J.E.
CITIES SERVICE	1	2	1969	GATES,T.S.
CITIES SERVICE	1	2	1969	FARRELL,J.P.
CITIES SERVICE	1	2	1969	CRENSHAW,K.E.
CITIES SERVICE	1	2	1969	BURNS,R.R.
CITIES SERVICE	1	2	1969	BROWN,W.L.
CITIES SERVICE	1	2	1969	BROOKS,E.B.
CITY INVESTING	1	0	1969	SILVER,J.
CITY INVESTING	1	0	1969	SHANAHAN,M.P.
CITY INVESTING	1	0	1969	SCHARFFENBERGER,G.
CITY INVESTING	1	0	1969	NOONAN,H.F.
CITY INVESTING	1	0	1969	LYONS,D.E.
CITY INVESTING	1	0	1969	HUANG,P.C.
CITY INVESTING	1	0	1969	DOWLING,R.W.
CITY INVESTING	1	0	1969	CHAMBERS,S.
CITY INVESTING	1	2	1969	WOLFF,E.
CITY INVESTING	1	2	1969	WASHBURN,S.H.
CITY INVESTING	1	2	1969	WALKER,JR,G.H.
CITY INVESTING	1	2	1969	WALKER,A.L.
CITY INVESTING	1	2	1969	SCHARFFENBERGER,G.
CITY INVESTING	1	2	1969	ROUSUCK,E.J.
CITY INVESTING	1	2	1969	PYNE,E.W.
CITY INVESTING	1	2	1969	PINCUS,L.I.
CITY INVESTING	1	2	1969	MESSING,JR,R.
CITY INVESTING	1	2	1969	JEFFERS,L.F.
CITY INVESTING	1	2	1969	HOUSER,J.W.
CITY INVESTING	1	2	1969	HATCH,E.I.
CITY INVESTING	1	2	1969	GIBBONS,J.L.
CITY INVESTING	1	2	1969	FULLER,N.E.
CITY INVESTING	1	2	1969	FORST,L.
CITY INVESTING	1	2	1969	FLETCHER,W.D.
CITY INVESTING	1	2	1969	FELT,J.
CITY INVESTING	1	2	1969	DUNNING,J.R.
CITY INVESTING	1	2	1969	DOWLING,R.W.
CITY INVESTING	1	2	1969	CAPPAERT,F.L.
CITY INVESTING	1	2	1969	BLACK,K.E.
CITY INVESTING	1	2	1969	BABSON,A.C.
CONTINENTAL CAN	1	0	1969	STEWART,J.A.
CONTINENTAL CAN	1	0	1969	STAUFFACHER,C.B.
CONTINENTAL CAN	1	0	1969	SMART,JR,S.B.
CONTINENTAL CAN	1	0	1969	HOOVER,JR,F.W.
CONTINENTAL CAN	1	0	1969	HAZARD,E.L.
CONTINENTAL CAN	1	0	1969	HATFIELD,R.S.
CONTINENTAL CAN	1	0	1969	FISHER,R.G.
CONTINENTAL CAN	1	0	1969	ALLIN,W.M.
CONTINENTAL CAN	1	2	1969	WARNER,L.H.
CONTINENTAL CAN	1	2	1969	STRAUS,J.I.
CONTINENTAL CAN	1	2	1969	STAUFFACHER,C.B.
CONTINENTAL CAN	1	2	1969	STARE,F.J.
CONTINENTAL CAN	1	2	1969	SMITH,L.B.
CONTINENTAL CAN	1	2	1969	SALTZMAN,C.E.
CONTINENTAL CAN	1	2	1969	PERIN,R.L.
CONTINENTAL CAN	1	2	1969	MURPHY,G.A.
CONTINENTAL CAN	1	2	1969	JOHNSON,H.R.
CONTINENTAL CAN	1	2	1969	HAZARD,E.L.
CONTINENTAL CAN	1	2	1969	HATFIELD,R.S.
CONTINENTAL CAN	1	2	1969	FOGARTY,T.C.
CONTINENTAL CAN	1	2	1969	EDMONDS,G.P.
CONTINENTAL CAN	1	2	1969	DUBRUL,JR,S.M.
CONTINENTAL CAN	1	2	1969	CABOT,P.C.
CONTINENTAL OIL	1	0	1969	MORROW,J.D.
CONTINENTAL OIL	1	0	1969	MC COLLUM,L.F.
CONTINENTAL OIL	1	0	1969	MC CLEAN,J.G.
CONTINENTAL OIL	1	0	1969	KIRCHER,J.E.
CONTINENTAL OIL	1	0	1969	HARDESTY,JR,C.H.
CONTINENTAL OIL	1	0	1969	GLENN,W.E.
CONTINENTAL OIL	1	0	1969	CORCORAN,J.
CONTINENTAL OIL	1	0	1969	BAUVELT,H.W.
CONTINENTAL OIL	1	2	1969	TARKINGTON,A.W.
CONTINENTAL OIL	1	2	1969	SCHNEIDER,F.
CONTINENTAL OIL	1	2	1969	ROYDS,J.S.
CONTINENTAL OIL	1	2	1969	PACE,JR,F.
CONTINENTAL OIL	1	2	1969	NORSTAD,L.
CONTINENTAL OIL	1	2	1969	MC NEELY,E.J.
CONTINENTAL OIL	1	2	1969	MC LEAN,J.G.
CONTINENTAL OIL	1	2	1969	MC KINNON,N.J.
CONTINENTAL OIL	1	2	1969	MC COLLUM,L.F.
CONTINENTAL OIL	1	2	1969	MALOZEMOFF,P.
CONTINENTAL OIL	1	2	1969	LOVE,G.H.
CONTINENTAL OIL	1	2	1969	LAWRENCE,A.B.
CONTINENTAL OIL	1	2	1969	LAUINGER,P.C.
CONTINENTAL OIL	1	2	1969	KIRCHER,J.E.
CONTINENTAL OIL	1	2	1969	JONES,G.E.
CONTINENTAL OIL	1	2	1969	HEWITT,W.A.
CONTINENTAL OIL	1	2	1969	GLENN,W.E.
CONTINENTAL OIL	1	2	1969	CORCORAN,J.
CONTINENTAL OIL	1	2	1969	BLAUVELT,H.W.
CONTINENTAL OIL	1	2	1969	BENTSEN,JR,L.M.
CONTINENTAL OIL	1	2	1969	AUSTIN,J.P.
CONTROL DATA	1	0	1969	SCHMIDT,R.D.
CONTROL DATA	1	0	1969	ROGERS,M.G.
CONTROL DATA	1	0	1969	NORRIS,W.C.
CONTROL DATA	1	0	1969	MILES,J.G.
CONTROL DATA	1	0	1969	KEYE,W.R.
CONTROL DATA	1	0	1969	HAMMER,H.H.
CONTROL DATA	1	0	1969	FORREST,H.S.
CONTROL DATA	1	0	1969	CRAY,S.R.
CONTROL DATA	1	2	1969	WILLARD,JR,L.S.
CONTROL DATA	1	2	1969	SCHRIEVER,B.A.
CONTROL DATA	1	2	1969	NORRIS,W.C.
CONTROL DATA	1	2	1969	MORSE,P.M.
CONTROL DATA	1	2	1969	LEACH,R.F.
CONTROL DATA	1	2	1969	KEYE,W.R.
CONTROL DATA	1	2	1969	JONES,D.S.
CONTROL DATA	1	2	1969	HAMMER,H.H.
CONTROL DATA	1	2	1969	BEMIS,J.
CONTROL DATA	1	2	1969	ANDREWS,W.G.
DOW CHEMICAL	1	0	1969	JOHNSON,J.E.
DOW CHEMICAL	1	0	1969	GERSTACKER,C.A.
DOW CHEMICAL	1	0	1969	DOAN,L.I.
DOW CHEMICAL	1	0	1969	DOAN,H.D.
DOW CHEMICAL	1	0	1969	BRANCH,C.B.
DOW CHEMICAL	1	0	1969	BEUTELA.P.
DOW CHEMICAL	1	0	1969	BARNES,E.B.
DOW CHEMICAL	1	0	1969	BALLMAN,D.K.
DOW CHEMICAL	1	2	1969	WILLIAMS,G.J.
DOW CHEMICAL	1	2	1969	WHITING,M.
DOW CHEMICAL	1	2	1969	SMITHERS,L.D.
DOW CHEMICAL	1	2	1969	MERSZEI,Z.
DOW CHEMICAL	1	2	1969	KEY,M.
DOW CHEMICAL	1	2	1969	JOHNSON,J.E.
DOW CHEMICAL	1	2	1969	GERSTACKER,C.A.
DOW CHEMICAL	1	2	1969	DOW,H.H.
DOW CHEMICAL	1	2	1969	DOAN,L.I.
DOW CHEMICAL	1	2	1969	DOAN,H.D.
DOW CHEMICAL	1	2	1969	DIXON,W.R.
DOW CHEMICAL	1	2	1969	CALVIN,M.
DOW CHEMICAL	1	2	1969	BRANCH,C.B.
DOW CHEMICAL	1	2	1969	BEUTEL,A.P.
DOW CHEMICAL	1	2	1969	BENNETT,R.B.
DOW CHEMICAL	1	2	1969	BARNES,E.B.
DOW CHEMICAL	1	2	1969	BALLMAN,D.K.
FOOD MACHINERY & CHEMICAL	1	0	1969	TOWER,R.C.
FOOD MACHINERY & CHEMICAL	1	0	1969	POPE,J.M.
FOOD MACHINERY & CHEMICAL	1	0	1969	OSKIN,D.C.
FOOD MACHINERY & CHEMICAL	1	0	1969	NIELSEN,E.T.
FOOD MACHINERY & CHEMICAL	1	0	1969	MALOTT,R.H.
FOOD MACHINERY & CHEMICAL	1	0	1969	HAIT,J.M.
FOOD MACHINERY & CHEMICAL	1	0	1969	CARTER,B.C.
FOOD MACHINERY & CHEMICAL	1	0	1969	BYRD,H.L.
FOOD MACHINERY & CHEMICAL	1	2	1969	TOWER,R.C.
FOOD MACHINERY & CHEMICAL	1	2	1969	SIBLEY,S.L.
FOOD MACHINERY & CHEMICAL	1	2	1969	PRUTTON,C.F.
FOOD MACHINERY & CHEMICAL	1	2	1969	POPE,J.M.
FOOD MACHINERY & CHEMICAL	1	2	1969	OSKIN,D.C.
FOOD MACHINERY & CHEMICAL	1	2	1969	NIELSON,JR,E.T.
FOOD MACHINERY & CHEMICAL	1	2	1969	MALOTT,R.H.
FOOD MACHINERY & CHEMICAL	1	2	1969	LUND,G.
FOOD MACHINERY & CHEMICAL	1	2	1969	HEWLETT,W.R.
FOOD MACHINERY & CHEMICAL	1	2	1969	HAIT,J.M.
FOOD MACHINERY & CHEMICAL	1	2	1969	GORDON,A.H.
FOOD MACHINERY & CHEMICAL	1	2	1969	GIFFEN,R.
FOOD MACHINERY & CHEMICAL	1	2	1969	DAVIES,P.L.
FOOD MACHINERY & CHEMICAL	1	2	1969	DAVIES,JR,P.L.
FOOD MACHINERY & CHEMICAL	1	2	1969	CRUMMEY,J.D.
FOOD MACHINERY & CHEMICAL	1	2	1969	CARTER,B.C.
FOOD MACHINERY & CHEMICAL	1	2	1969	BYRD,H.L.
FOOD MACHINERY & CHEMICAL	1	2	1969	BECHERER,R.C.
GENERAL DYNAMICS	1	0	1969	LEWIS,R.
GENERAL DYNAMICS	1	0	1969	HEINEMANN,E.H.
GENERAL DYNAMICS	1	0	1969	HAYWARD,J.T.
GENERAL DYNAMICS	1	0	1969	HARRIS,R.I.
GENERAL DYNAMICS	1	0	1969	GOLDEN,M.
GENERAL DYNAMICS	1	0	1969	DAVIS,F.W.
GENERAL DYNAMICS	1	0	1969	BOWERS,J.L.
GENERAL DYNAMICS	1	0	1969	BERGESON,L.
GENERAL DYNAMICS	1	2	1969	WELCH,L.D.
GENERAL DYNAMICS	1	2	1969	WALKER,E.A.
GENERAL DYNAMICS	1	2	1969	OSBORNE,S.D.
GENERAL DYNAMICS	1	2	1969	MOORE,M.T.
GENERAL DYNAMICS	1	2	1969	LEWIS,R.
GENERAL DYNAMICS	1	2	1969	JENNER,JR,J.E.
GENERAL DYNAMICS	1	2	1969	HANSBERGER,R.
GENERAL DYNAMICS	1	2	1969	FLOBERG,J.F.
GENERAL DYNAMICS	1	2	1969	FALKOFF,M.
GENERAL DYNAMICS	1	2	1969	CUMMINGS,N.
GENERAL DYNAMICS	1	2	1969	CROWN,H.
GENERAL DYNAMICS	1	2	1969	COLEMAN,S.C.
GENERAL DYNAMICS	1	2	1969	BURNS,H.S.M.
GENERAL DYNAMICS	1	2	1969	BOLENIUS,W.C.
GENERAL FOODS	1	0	1969	THOMPSON,T.S.
GENERAL FOODS	1	0	1969	LARKIN,JR,A.E.
GENERAL FOODS	1	0	1969	FERGUSON,J.L.
GENERAL FOODS	1	0	1969	COOK,C.W.
GENERAL FOODS	1	0	1969	CLEAVES,H.M.
GENERAL FOODS	1	0	1969	BREMSER,JR,G.
GENERAL FOODS	1	0	1969	BOHM,M.R.
GENERAL FOODS	1	0	1969	BAUMAN,R.P.
GENERAL FOODS	1	2	1969	WILLIAMS,A.L.
GENERAL FOODS	1	2	1969	ROBERTS,H.R.
GENERAL FOODS	1	2	1969	NEWMAN,J.W.
GENERAL FOODS	1	2	1969	MORTIMER,C.G.
GENERAL FOODS	1	2	1969	LARKIN,JR,A.E.
GENERAL FOODS	1	2	1969	KAPPEL,F.R.
GENERAL FOODS	1	2	1969	HOBBY,O.C.
GENERAL FOODS	1	2	1969	GRAY,II,E.
GENERAL FOODS	1	2	1969	DORSEY,B.R.
GENERAL FOODS	1	2	1969	CUSHMAN,A.T.
GENERAL FOODS	1	2	1969	COOK,C.W.
GENERAL FOODS	1	2	1969	CONNOR,J.T.
GENERAL FOODS	1	2	1969	CLEAVES,H.M.
GENERAL FOODS	1	2	1969	BOHM,M.R.
GENERAL TELEPHONE & ELECTRONICS	1	0	1969	WARNER,L.H.
GENERAL TELEPHONE & ELECTRONICS	1	0	1969	JARMON,W.R.
GENERAL TELEPHONE & ELECTRONICS	1	0	1969	HARRISON,W.H.
GENERAL TELEPHONE & ELECTRONICS	1	0	1969	GRIFFIN,JR,G.W.
GENERAL TELEPHONE & ELECTRONICS	1	0	1969	DOUGLAS,J.J.
GENERAL TELEPHONE & ELECTRONICS	1	0	1969	CLERKIN,JR,J.J.
GENERAL TELEPHONE & ELECTRONICS	1	0	1969	BROPHY,T.F.
GENERAL TELEPHONE & ELECTRONICS	1	0	1969	BEARE,G.K.
GENERAL TELEPHONE & ELECTRONICS	1	2	1969	WARNER,L.H.
GENERAL TELEPHONE & ELECTRONICS	1	2	1969	WALTER,J.W.
GENERAL TELEPHONE & ELECTRONICS	1	2	1969	SYMONDS,G.
GENERAL TELEPHONE & ELECTRONICS	1	2	1969	PRIZER,J.B.
GENERAL TELEPHONE & ELECTRONICS	1	2	1969	POWER,D.C.
GENERAL TELEPHONE & ELECTRONICS	1	2	1969	PATTERSON,G.D.
GENERAL TELEPHONE & ELECTRONICS	1	2	1969	MURPHY,G.A.
GENERAL TELEPHONE & ELECTRONICS	1	2	1969	JONES,R.W.
GENERAL TELEPHONE & ELECTRONICS	1	2	1969	GARY,T.S.
GENERAL TELEPHONE & ELECTRONICS	1	2	1969	FULLER,W.M.
GENERAL TELEPHONE & ELECTRONICS	1	2	1969	DOUGLAS,J.J.
GENERAL TELEPHONE & ELECTRONICS	1	2	1969	DARLING,JR,N.J.
GENERAL TELEPHONE & ELECTRONICS	1	2	1969	CLERKIN,JR,J.J.
GENERAL TELEPHONE & ELECTRONICS	1	2	1969	BUTTON,J.W.
GENERAL TELEPHONE & ELECTRONICS	1	2	1969	BROPHY,T.F.
GENERAL TELEPHONE & ELECTRONICS	1	2	1969	BOYD,T.A.
GENERAL TELEPHONE & ELECTRONICS	1	2	1969	BEARE,G.K.
GEORGIA-PACIFIC	1	0	1969	SAND,H.E.
GEORGIA-PACIFIC	1	0	1969	PAMPLIN,R.B.
GEORGIA-PACIFIC	1	0	1969	KANE,H.J.
GEORGIA-PACIFIC	1	0	1969	HUNT,W.H.
GEORGIA-PACIFIC	1	0	1969	FLOWERREE,R.E.
GEORGIA-PACIFIC	1	0	1969	CHEATHAM,O.R.
GEORGIA-PACIFIC	1	0	1969	CHEATHAM,J.N.
GEORGIA-PACIFIC	1	0	1969	BEST,D.P.
GEORGIA-PACIFIC	1	2	1969	WATLINGTON,JR,J.F.
GEORGIA-PACIFIC	1	2	1969	SAUNDERS,S.T.
GEORGIA-PACIFIC	1	2	1969	PAMPLIN,R.B.
GEORGIA-PACIFIC	1	2	1969	MURPHY,G.M.P.
GEORGIA-PACIFIC	1	2	1969	MILLER,J.F.
GEORGIA-PACIFIC	1	2	1969	KANE,H.J.
GEORGIA-PACIFIC	1	2	1969	HUNT,W.H.
GEORGIA-PACIFIC	1	2	1969	HAIT,J.M.
GEORGIA-PACIFIC	1	2	1969	FRUEHAUF,JR,H.C.
GEORGIA-PACIFIC	1	2	1969	FLOWERREE,R.E.
GEORGIA-PACIFIC	1	2	1969	CHEATHAM,O.R.
GEORGIA-PACIFIC	1	2	1969	CHEATHAM,J.N.
GEORGIA-PACIFIC	1	2	1969	BEISE,S.C.
GETTY OIL	1	0	1969	TOMFOHRDE,JR,H.F.
GETTY OIL	1	0	1969	MC CABE,J.P.
GETTY OIL	1	0	1969	KRUG,C.F.
GETTY OIL	1	0	1969	JONES,J.D.
GETTY OIL	1	0	1969	GRAY,J.E.
GETTY OIL	1	0	1969	GETTY,J.P.
GETTY OIL	1	0	1969	GETTY,II,G.F.
GETTY OIL	1	0	1969	BERG,H.E.
GETTY OIL	1	2	1969	TOMFOHRDE,JR,H.F.
GETTY OIL	1	2	1969	THOMAS,J.A.
GETTY OIL	1	2	1969	SCHIFF,J.M.
GETTY OIL	1	2	1969	LUNDBORG,L.B.
GETTY OIL	1	2	1969	LARKIN,JR,F.G.
GETTY OIL	1	2	1969	KEILLIHER,T.G.
GETTY OIL	1	2	1969	HAYS,JR,C.L.
GETTY OIL	1	2	1969	GRAY,J.E.
GETTY OIL	1	2	1969	GETTY,J.P.
GETTY OIL	1	2	1969	GETTY,II,G.F.
GETTY OIL	1	2	1969	BARTON,D.F.
GRACE (W.R.)	1	0	1969	LARKIN,F.E.
GRACE (W.R.)	1	0	1969	KAUFMAN,A.
GRACE (W.R.)	1	0	1969	HUTTON,E.L.
GRACE (W.R.)	1	0	1969	GRACE,J.P.
GRACE (W.R.)	1	0	1969	GOODALL,R.D.
GRACE (W.R.)	1	0	1969	DUNCAN.J.C.
GRACE (W.R.)	1	0	1969	DAIGNAULT,A.T.
GRACE (W.R.)	1	0	1969	BLACKWOOD,G.W.
GRACE (W.R.)	1	2	1969	RUPLEY,A.S.
GRACE (W.R.)	1	2	1969	ROBBINS,JR,D.W.
GRACE (W.R.)	1	2	1969	PYNE,E.W.
GRACE (W.R.)	1	2	1969	PUELICHER,J.A.
GRACE (W.R.)	1	2	1969	PRINCE,W.W.
GRACE (W.R.)	1	2	1969	PHIPPS,M.G.
GRACE (W.R.)	1	2	1969	PHIPPS,J.H.
GRACE (W.R.)	1	2	1969	MOORE,G.S.
GRACE (W.R.)	1	2	1969	MILLIKEN,R.
GRACE (W.R.)	1	2	1969	MILLER,C.W.
GRACE (W.R.)	1	2	1969	MC KAY,L.J.
GRACE (W.R.)	1	2	1969	MACKLE,JR,F.E.
GRACE (W.R.)	1	2	1969	LENESS,G.J.
GRACE (W.R.)	1	2	1969	LARKIN,F.E.
GRACE (W.R.)	1	2	1969	JOHNSON,A.A.
GRACE (W.R.)	1	2	1969	HIEBERT,J.M.
GRACE (W.R.)	1	2	1969	HELLMUTH,P.F.
GRACE (W.R.)	1	2	1969	GRISWOLD,J.C.
GRACE (W.R.)	1	2	1969	GRACE,J.P.
GRACE (W.R.)	1	2	1969	GOODALL,R.D.
GRACE (W.R.)	1	2	1969	GARDNER,JR,G.P.
GRACE (W.R.)	1	2	1969	ERHART,JR,C.H.
GRACE (W.R.)	1	2	1969	DUNCAN,J.C.
GRACE (W.R.)	1	2	1969	DAIGNAULT,A.T.
GRACE (W.R.)	1	2	1969	CARMICHAEL,JR,O.C.
GULF & WESTERN INDUSTRIES	1	0	1969	JUDELSON,D.N.
GULF & WESTERN INDUSTRIES	1	0	1969	JONES,R.L.
GULF & WESTERN INDUSTRIES	1	0	1969	GASTON,D.F.
GULF & WESTERN INDUSTRIES	1	0	1969	DOLKART,J.
GULF & WESTERN INDUSTRIES	1	0	1969	DEVRIES,J.H.
GULF & WESTERN INDUSTRIES	1	0	1969	DAVIS,M.
GULF & WESTERN INDUSTRIES	1	0	1969	BLUDHORN,C.G.
GULF & WESTERN INDUSTRIES	1	0	1969	ABBOTT,JR,R.T.
GULF & WESTERN INDUSTRIES	1	2	1969	ZERBE,H.U.
GULF & WESTERN INDUSTRIES	1	2	1969	WEISL,E.L.
GULF & WESTERN INDUSTRIES	1	2	1969	SMATHERS,G.A.
GULF & WESTERN INDUSTRIES	1	2	1969	SILBERMAN,S.J.
GULF & WESTERN INDUSTRIES	1	2	1969	SCHLOSS,I.
GULF & WESTERN INDUSTRIES	1	2	1969	NEYLAND,T.H.
GULF & WESTERN INDUSTRIES	1	2	1969	MC CANN,R.L.
GULF & WESTERN INDUSTRIES	1	2	1969	LEVIN,P.U.
GULF & WESTERN INDUSTRIES	1	2	1969	LEVIEN,F.S.
GULF & WESTERN INDUSTRIES	1	2	1969	LEIGHTON,J.
GULF & WESTERN INDUSTRIES	1	2	1969	JUDELSON,D.N.
GULF & WESTERN INDUSTRIES	1	2	1969	HODGES,L.H.
GULF & WESTERN INDUSTRIES	1	2	1969	GOULD,H.E.
GULF & WESTERN INDUSTRIES	1	2	1969	GASTON,D.F.
GULF & WESTERN INDUSTRIES	1	2	1969	FIFE,D.L.
GULF & WESTERN INDUSTRIES	1	2	1969	DUNCAN,J.H.
GULF & WESTERN INDUSTRIES	1	2	1969	DOLKART,J.
GULF & WESTERN INDUSTRIES	1	2	1969	DAVIS,M.S.
GULF & WESTERN INDUSTRIES	1	2	1969	CARMICHAEL,JR,O.C.
GULF & WESTERN INDUSTRIES	1	2	1969	BLUHDORN,C.G.
GULF & WESTERN INDUSTRIES	1	2	1969	BAYLIS,J.R.
GULF & WESTERN INDUSTRIES	1	2	1969	BARNETTE,J.D.
GULF & WESTERN INDUSTRIES	1	2	1969	ABBOTT,JR,R.T.
TEXAS CO.	1	0	1969	RAMBIN,JR,J.H.
TEXAS CO.	1	0	1969	PIPKIN,J.H.
TEXAS CO.	1	0	1969	GREEN,J.W.
TEXAS CO.	1	0	1969	EPLEY,JR,M.J.
TEXAS CO.	1	0	1969	COPPOC,W.J.
TEXAS CO.	1	0	1969	COPELAND,W.G.
TEXAS CO.	1	0	1969	BAUCUM,A.W.
TEXAS CO.	1	0	1969	AVERY,W.E.
TEXAS CO.	1	2	1969	WILLIAMS,L.M.
TEXAS CO.	1	2	1969	ROOSA,R.V.
TEXAS CO.	1	2	1969	ROBINSON,JR,D.P.
TEXAS CO.	1	2	1969	RAMBIN,JR,J.H.
TEXAS CO.	1	2	1969	PHIPPS,O.
TEXAS CO.	1	2	1969	PARKER,JR,G.
TEXAS CO.	1	2	1969	NORRIS,L.J.
TEXAS CO.	1	2	1969	LONG,A.C.
TEXAS CO.	1	2	1969	HUMPHREY,G.W.
TEXAS CO.	1	2	1969	HARRIS,H.U.
TEXAS CO.	1	2	1969	EPLEY,JR,M.J.
TEXAS CO.	1	2	1969	BURKE,A.
ILLINOIS CENTRAL INDUSTRIES	1	0	1969	WEIGEL,G.K.
ILLINOIS CENTRAL INDUSTRIES	1	0	1969	TAYLOR,W.J.
ILLINOIS CENTRAL INDUSTRIES	1	0	1969	MITTEN,R.
ILLINOIS CENTRAL INDUSTRIES	1	0	1969	JOHNSON,W.B.
ILLINOIS CENTRAL INDUSTRIES	1	0	1969	JENSEN,H.S.
ILLINOIS CENTRAL INDUSTRIES	1	0	1969	HILLMAN,S.E.G.
ILLINOIS CENTRAL INDUSTRIES	1	0	1969	FAGAN,J.P.
ILLINOIS CENTRAL INDUSTRIES	1	0	1969	BOOTHBY,B.C.
ILLINOIS CENTRAL INDUSTRIES	1	2	1969	VANGORKOM,J.W.
ILLINOIS CENTRAL INDUSTRIES	1	2	1969	SMITH,J.C.
ILLINOIS CENTRAL INDUSTRIES	1	2	1969	RUSSELL,JR,T.W.
ILLINOIS CENTRAL INDUSTRIES	1	2	1969	NEMEC,F.A.
ILLINOIS CENTRAL INDUSTRIES	1	2	1969	MORGAN,G.J.
ILLINOIS CENTRAL INDUSTRIES	1	2	1969	LOURIE,D.B.
ILLINOIS CENTRAL INDUSTRIES	1	2	1969	JOHNSON,W.B.
ILLINOIS CENTRAL INDUSTRIES	1	2	1969	JARVIS,P.M.
ILLINOIS CENTRAL INDUSTRIES	1	2	1969	HUMPHREYS,H.
ILLINOIS CENTRAL INDUSTRIES	1	2	1969	HORD,S.Y.
ILLINOIS CENTRAL INDUSTRIES	1	2	1969	HILLMAN,S.E.G.
ILLINOIS CENTRAL INDUSTRIES	1	2	1969	HIGGINS,E.J.
ILLINOIS CENTRAL INDUSTRIES	1	2	1969	GAGNEBIN,A.P.
ILLINOIS CENTRAL INDUSTRIES	1	2	1969	FUNSTON,G.K.
ILLINOIS CENTRAL INDUSTRIES	1	2	1969	EBERHARD,H.S.
ILLINOIS CENTRAL INDUSTRIES	1	2	1969	BRADLEY,C.H.
ILLINOIS CENTRAL INDUSTRIES	1	2	1969	BOYD,A.S.
ILLINOIS CENTRAL INDUSTRIES	1	2	1969	BIGGS,R.W.
INTERNATIONAL BUSINESS MACHINES	1	0	1969	WATSON,JR,T.J.
INTERNATIONAL BUSINESS MACHINES	1	0	1969	OPEL,J.R.
INTERNATIONAL BUSINESS MACHINES	1	0	1969	MC KAY,D.R.
INTERNATIONAL BUSINESS MACHINES	1	0	1969	LEARSON,T.V.
INTERNATIONAL BUSINESS MACHINES	1	0	1969	JONES,G.E.
INTERNATIONAL BUSINESS MACHINES	1	0	1969	HUME,W.C.
INTERNATIONAL BUSINESS MACHINES	1	0	1969	CARY,F.T.
INTERNATIONAL BUSINESS MACHINES	1	0	1969	BULLEN,R.H.
INTERNATIONAL BUSINESS MACHINES	1	2	1969	WILLIAMS,A.L.
INTERNATIONAL BUSINESS MACHINES	1	2	1969	WATSON,JR,T.J.
INTERNATIONAL BUSINESS MACHINES	1	2	1969	VANCE,C.R.
INTERNATIONAL BUSINESS MACHINES	1	2	1969	PIORE,E.R.
INTERNATIONAL BUSINESS MACHINES	1	2	1969	MOORE,W.H.
INTERNATIONAL BUSINESS MACHINES	1	2	1969	MARTIN,JR,W.M.
INTERNATIONAL BUSINESS MACHINES	1	2	1969	LEARSON,T.V.
INTERNATIONAL BUSINESS MACHINES	1	2	1969	LAMOTTE,L.H.
INTERNATIONAL BUSINESS MACHINES	1	2	1969	KIRK,G.L.
INTERNATIONAL BUSINESS MACHINES	1	2	1969	JONES,G.E.
INTERNATIONAL BUSINESS MACHINES	1	2	1969	IRWIN,II,J.N.
INTERNATIONAL BUSINESS MACHINES	1	2	1969	HOUGHTON,JR,A.A.
INTERNATIONAL BUSINESS MACHINES	1	2	1969	HINMAN,G.L.
INTERNATIONAL BUSINESS MACHINES	1	2	1969	FUNSTON,G.K.
INTERNATIONAL BUSINESS MACHINES	1	2	1969	FOX,J.M.
INTERNATIONAL BUSINESS MACHINES	1	2	1969	FOLGER,J.C.
INTERNATIONAL BUSINESS MACHINES	1	2	1969	DAVIES,P.L.
INTERNATIONAL BUSINESS MACHINES	1	2	1969	CARY,F.T.
INTERNATIONAL BUSINESS MACHINES	1	2	1969	BROMLEY,B.
INTERNATIONAL TEL. & TEL.	1	0	1969	WESTFALL,T.B.
INTERNATIONAL TEL. & TEL.	1	0	1969	PERRY,H.
INTERNATIONAL TEL. & TEL.	1	0	1969	LESTER,J.V.
INTERNATIONAL TEL. & TEL.	1	0	1969	GENEEN,H.S.
INTERNATIONAL TEL. & TEL.	1	0	1969	DUNLEAVY,F.J.
INTERNATIONAL TEL. & TEL.	1	0	1969	BRITTENHAM,R.L.
INTERNATIONAL TEL. & TEL.	1	0	1969	BENNETT,R.E.
INTERNATIONAL TEL. & TEL.	1	0	1969	AIBEL,H.J.
INTERNATIONAL TEL. & TEL.	1	2	1969	WESTFALL,T.B.
INTERNATIONAL TEL. & TEL.	1	2	1969	ROHATYN,F.G.
INTERNATIONAL TEL. & TEL.	1	2	1969	PIERSON,W.L.
INTERNATIONAL TEL. & TEL.	1	2	1969	PERRY,H.
INTERNATIONAL TEL. & TEL.	1	2	1969	PERKINS,R.S.
INTERNATIONAL TEL. & TEL.	1	2	1969	MC CONE,J.A.
INTERNATIONAL TEL. & TEL.	1	2	1969	LAUGHLIN,R.N.
INTERNATIONAL TEL. & TEL.	1	2	1969	LANNAN,J.P.
INTERNATIONAL TEL. & TEL.	1	2	1969	IRELAND,JR,C.T.
INTERNATIONAL TEL. & TEL.	1	2	1969	HILL,A.M.
INTERNATIONAL TEL. & TEL.	1	2	1969	GENEEN,H.S.
INTERNATIONAL TEL. & TEL.	1	2	1969	FRIEDMAN,A.E.
INTERNATIONAL TEL. & TEL.	1	2	1969	ERICKSON,R.F.
INTERNATIONAL TEL. & TEL.	1	2	1969	DUNLEAVY,F.J.
INTERNATIONAL TEL. & TEL.	1	2	1969	BROWN,G.R.
INTERNATIONAL TEL. & TEL.	1	2	1969	BRITTENHAM,R.L.
INTERNATIONAL TEL. & TEL.	1	2	1969	BLACK,E.R.
INTERNATIONAL TEL. & TEL.	1	2	1969	BENNETT,R.E.
INTERNATIONAL UTILITIES	1	0	1969	YORATH,D.K.
INTERNATIONAL UTILITIES	1	0	1969	STEWART,M.E.
INTERNATIONAL UTILITIES	1	0	1969	SEABROOK,J.M.
INTERNATIONAL UTILITIES	1	0	1969	RUBENSTEIN,J.G.
INTERNATIONAL UTILITIES	1	0	1969	MANN,E.H.
INTERNATIONAL UTILITIES	1	0	1969	LARSEN,H.I.
INTERNATIONAL UTILITIES	1	0	1969	JACKSON,J.T.
INTERNATIONAL UTILITIES	1	0	1969	BIELENBERG,I.L.
INTERNATIONAL UTILITIES	1	2	1969	YORATH,D.K.
INTERNATIONAL UTILITIES	1	2	1969	WILLSON,B.F.
INTERNATIONAL UTILITIES	1	2	1969	WENDER,I.T.
INTERNATIONAL UTILITIES	1	2	1969	SEABROOK,J.M.
INTERNATIONAL UTILITIES	1	2	1969	MC LEESE,W.S.
INTERNATIONAL UTILITIES	1	2	1969	MANNING,F.C.
INTERNATIONAL UTILITIES	1	2	1969	LARSEN,H.I.
INTERNATIONAL UTILITIES	1	2	1969	HEIM,R.C.
INTERNATIONAL UTILITIES	1	2	1969	DESMARAIS,P.G.
INTERNATIONAL UTILITIES	1	2	1969	DALE,J.C.
INTERNATIONAL UTILITIES	1	2	1969	CROWTHER,L.
KAISER ALUMINUM & CHEMICAL	1	0	1969	WHITE,S.B.
KAISER ALUMINUM & CHEMICAL	1	0	1969	TREFETHEN,JR,E.E.
KAISER ALUMINUM & CHEMICAL	1	0	1969	READY,JR,T.J.
KAISER ALUMINUM & CHEMICAL	1	0	1969	MACGREGOR,W.
KAISER ALUMINUM & CHEMICAL	1	0	1969	KAISER,E.F.
KAISER ALUMINUM & CHEMICAL	1	0	1969	GESSLER,H.E.
KAISER ALUMINUM & CHEMICAL	1	0	1969	CASHIN,F.M.
KAISER ALUMINUM & CHEMICAL	1	0	1969	BOYD,R.G.
KAISER ALUMINUM & CHEMICAL	1	2	1969	WHITE,S.B.
KAISER ALUMINUM & CHEMICAL	1	2	1969	TREFETHEN,JR,E.E.
KAISER ALUMINUM & CHEMICAL	1	2	1969	STERLING,J.E.
KAISER ALUMINUM & CHEMICAL	1	2	1969	SHEA,J.F.
KAISER ALUMINUM & CHEMICAL	1	2	1969	RHOADES,D.A.
KAISER ALUMINUM & CHEMICAL	1	2	1969	READY,JR,T.J.
KAISER ALUMINUM & CHEMICAL	1	2	1969	MC CARTHY,T.K.
KAISER ALUMINUM & CHEMICAL	1	2	1969	MARKS,W.
KAISER ALUMINUM & CHEMICAL	1	2	1969	KAISER,E.F.
KAISER ALUMINUM & CHEMICAL	1	2	1969	FOSHAY,W.W.
KAISER ALUMINUM & CHEMICAL	1	2	1969	CASHIN,F.M.
LING-TEMCO-VOUGHT	1	0	1969	STEWART,III,R.H.
LING-TEMCO-VOUGHT	1	0	1969	MC CULLOCH,R.
LING-TEMCO-VOUGHT	1	0	1969	LING,J.J.
LING-TEMCO-VOUGHT	1	0	1969	HAYNIE,R.G.
LING-TEMCO-VOUGHT	1	0	1969	FITTS,E.G.
LING-TEMCO-VOUGHT	1	0	1969	BURNEY,D.
LING-TEMCO-VOUGHT	1	0	1969	BROWN,B.L.
LING-TEMCO-VOUGHT	1	0	1969	ASH,F.C.
LING-TEMCO-VOUGHT	1	2	1969	WYLY,S.
LING-TEMCO-VOUGHT	1	2	1969	THAYER,W.P.
LING-TEMCO-VOUGHT	1	2	1969	STEWART,II,R.H.
LING-TEMCO-VOUGHT	1	2	1969	STEPHENS,W.J.
LING-TEMCO-VOUGHT	1	2	1969	POST,T.V.
LING-TEMCO-VOUGHT	1	2	1969	OSBORN,JR,W.H.
LING-TEMCO-VOUGHT	1	2	1969	MC CULLOUGH,R.
LING-TEMCO-VOUGHT	1	2	1969	LING,J.J.
LING-TEMCO-VOUGHT	1	2	1969	LEVY,G.L.
LING-TEMCO-VOUGHT	1	2	1969	LAWRENCE,H.L.
LING-TEMCO-VOUGHT	1	2	1969	HAYNIE,R.G.
LING-TEMCO-VOUGHT	1	2	1969	FITTS,E.G.
LING-TEMCO-VOUGHT	1	2	1969	DAVIDSON,V.A.
LITTON INDUSTRIES	1	0	1969	THORNTON,C.B.
LITTON INDUSTRIES	1	0	1969	SMITH,L.T.
LITTON INDUSTRIES	1	0	1969	O'GREEN,F.W.
LITTON INDUSTRIES	1	0	1969	MC DANIEL,G.
LITTON INDUSTRIES	1	0	1969	GRAY,H.J.
LITTON INDUSTRIES	1	0	1969	GOODYEAR,A.
LITTON INDUSTRIES	1	0	1969	GARDNER,E.B.
LITTON INDUSTRIES	1	0	1969	ASH,R.L.
LITTON INDUSTRIES	1	2	1969	THORNTON,C.B.
LITTON INDUSTRIES	1	2	1969	THOMAS,J.A.
LITTON INDUSTRIES	1	2	1969	STOUFFER,V.
LITTON INDUSTRIES	1	2	1969	SPAATZ,C.A.
LITTON INDUSTRIES	1	2	1969	SALVATORI,H.
LITTON INDUSTRIES	1	2	1969	O'GREEN,F.W.
LITTON INDUSTRIES	1	2	1969	MONROE,G.E.
LITTON INDUSTRIES	1	2	1969	MC DANIEL,G.
LITTON INDUSTRIES	1	2	1969	MACE,M.L.
LITTON INDUSTRIES	1	2	1969	HOLLENGREEN,M.A.
LITTON INDUSTRIES	1	2	1969	GRAY,H.J.
LITTON INDUSTRIES	1	2	1969	COOK,R.M.
LITTON INDUSTRIES	1	2	1969	ASH,R.L.
LOCKHEED AIRCRAFT	1	0	1969	RIEKE,W.B.
LOCKHEED AIRCRAFT	1	0	1969	MORROW,T.F.
LOCKHEED AIRCRAFT	1	0	1969	KOTCHIAN,A.C.
LOCKHEED AIRCRAFT	1	0	1969	JOHNSON,C.L.
LOCKHEED AIRCRAFT	1	0	1969	HAWKINS,W.M.
LOCKHEED AIRCRAFT	1	0	1969	HAUGHTON,D.J.
LOCKHEED AIRCRAFT	1	0	1969	FRAIN,F.L.
LOCKHEED AIRCRAFT	1	0	1969	BROWNE,D.E.
LOCKHEED AIRCRAFT	1	2	1969	MC CURDY,H.W.
LOCKHEED AIRCRAFT	1	2	1969	KOTCHIAN,A.C.
LOCKHEED AIRCRAFT	1	2	1969	KEITH,W.W.
LOCKHEED AIRCRAFT	1	2	1969	JOHNSON,C.L.
LOCKHEED AIRCRAFT	1	2	1969	HORTON,J.K.
LOCKHEED AIRCRAFT	1	2	1969	HIBBARD,H.L.
LOCKHEED AIRCRAFT	1	2	1969	HAUGHTON,D.J.
LOCKHEED AIRCRAFT	1	2	1969	HADDON,M.C.
LOCKHEED AIRCRAFT	1	2	1969	GROSS,C.S.
LOCKHEED AIRCRAFT	1	2	1969	FRAIN,F.L.
LOCKHEED AIRCRAFT	1	2	1969	DUCOMMUN,C.E.
LOCKHEED AIRCRAFT	1	2	1969	COCHRAN,D.M.
LOCKHEED AIRCRAFT	1	2	1969	CHAPPELLET,C.
LOCKHEED AIRCRAFT	1	2	1969	CARMICHAEL,J.V.
LOCKHEED AIRCRAFT	1	2	1969	BURDEN,W.A.M.
LOCKHEED AIRCRAFT	1	2	1969	BROWNE,D.E.
LOCKHEED AIRCRAFT	1	2	1969	BENTSEN,JR,L.M.
LOCKHEED AIRCRAFT	1	2	1969	BAKER,G.P.
LOEWS THEATRES	1	0	1969	YELLEN,M.
LOEWS THEATRES	1	0	1969	TISCH,P.R.
LOEWS THEATRES	1	0	1969	TISCH,L.A.
LOEWS THEATRES	1	0	1969	RAPORTE,A.J.
LOEWS THEATRES	1	0	1969	ODEN,M.
LOEWS THEATRES	1	0	1969	MYERSON,B.
LOEWS THEATRES	1	0	1969	HOFMANN,H.A.
LOEWS THEATRES	1	0	1969	EMERLING,E.
LOEWS THEATRES	1	2	1969	YELLEN,M.
LOEWS THEATRES	1	2	1969	TISCH,P.R.
LOEWS THEATRES	1	2	1969	TISCH,L.A.
LOEWS THEATRES	1	2	1969	RIFKIND,S.H.
LOEWS THEATRES	1	2	1969	MYERSON,B.
LOEWS THEATRES	1	2	1969	MURPHY,J.F.
LOEWS THEATRES	1	2	1969	HOFMANN,H.A.
LOEWS THEATRES	1	2	1969	GRUBER,L.
LOEWS THEATRES	1	2	1969	FREAD,S.
LOEWS THEATRES	1	2	1969	BRUCE,J.
LOEWS THEATRES	1	2	1969	BENENSON,C.B.
LYKES-YOUNGSTOWN	1	0	1969	TURMAN,S.B.C
LYKES-YOUNGSTOWN	1	0	1969	SANCHEZ,A.J.
LYKES-YOUNGSTOWN	1	0	1969	NEMEC,F.A.
LYKES-YOUNGSTOWN	1	0	1969	MC CLUSKEY,G.
LYKES-YOUNGSTOWN	1	0	1969	LYNN,E.E.
LYKES-YOUNGSTOWN	1	0	1969	LYKES,JR,J.T.
LYKES-YOUNGSTOWN	1	0	1969	LYKES,JR,J.M.
LYKES-YOUNGSTOWN	1	0	1969	FERGUSON,C.H.
LYKES-YOUNGSTOWN	1	2	1969	TURMAN,S.B.
LYKES-YOUNGSTOWN	1	2	1969	THAYER,G.N.
LYKES-YOUNGSTOWN	1	2	1969	PETERSEN,A.Q.
LYKES-YOUNGSTOWN	1	2	1969	NEMEC,F.A.
LYKES-YOUNGSTOWN	1	2	1969	MC CUSKEY,G.
LYKES-YOUNGSTOWN	1	2	1969	MC CALL,JR,H.W.
LYKES-YOUNGSTOWN	1	2	1969	LYNN,E.E.
LYKES-YOUNGSTOWN	1	2	1969	LYKES,JR,J.T.
LYKES-YOUNGSTOWN	1	2	1969	LYKES,JR,J.M.
LYKES-YOUNGSTOWN	1	2	1969	LYKES,C.P.
LYKES-YOUNGSTOWN	1	2	1969	LAFFER,W.G.
LYKES-YOUNGSTOWN	1	2	1969	GLOSSBRENNER,A.S.
LYKES-YOUNGSTOWN	1	2	1969	FRENZER,O.N.
LYKES-YOUNGSTOWN	1	2	1969	FERGUSON,C.H.
LYKES-YOUNGSTOWN	1	2	1969	FANGBONER,J.S.
LYKES-YOUNGSTOWN	1	2	1969	DILWORTH,J.R.
LYKES-YOUNGSTOWN	1	2	1969	DEYOUNG,R.
LYKES-YOUNGSTOWN	1	2	1969	COLTON,R.C.
LYKES-YOUNGSTOWN	1	2	1969	CARRERE,J.F.
MC DONNELL DOUGLAS	1	0	1969	MC DONNELL,J.S.
MC DONNELL DOUGLAS	1	0	1969	LEWIS,D.S.
MC DONNELL DOUGLAS	1	0	1969	DOUGLAS,JR,D.W.
MC DONNELL DOUGLAS	1	0	1969	DAVIS,R.J.
MC DONNELL DOUGLAS	1	0	1969	BURKE,W.F.
MC DONNELL DOUGLAS	1	0	1969	BEALL,W.E.
MC DONNELL DOUGLAS	1	0	1969	ALLEN,J.R.
MC DONNELL DOUGLAS	1	0	1969	ABLE,C.R.
MC DONNELL DOUGLAS	1	2	1969	ROUDEBUSH,G.S.
MC DONNELL DOUGLAS	1	2	1969	PEIRCE,F.M.
MC DONNELL DOUGLAS	1	2	1969	ORTHWEIN,JR,W.R.
MC DONNELL DOUGLAS	1	2	1969	MURRAY,JR,D.P.
MC DONNELL DOUGLAS	1	2	1969	MC GOWEN,J.R.
MC DONNELL DOUGLAS	1	2	1969	MC DONNELL,S.N.
MC DONNELL DOUGLAS	1	2	1969	MC DONNELL,J.S.
MC DONNELL DOUGLAS	1	2	1969	LEWIS,D.S.
MC DONNELL DOUGLAS	1	2	1969	JONES,JR,R.L.
MC DONNELL DOUGLAS	1	2	1969	HELM,H.H.
MC DONNELL DOUGLAS	1	2	1969	DOUGLAS,JR,D.W.
MC DONNELL DOUGLAS	1	2	1969	CAPPS,G.H.
MC DONNELL DOUGLAS	1	2	1969	BURKE,W.F.
MC DONNELL DOUGLAS	1	2	1969	BEALL,W.E.
MC DONNELL DOUGLAS	1	2	1969	ABLE,C.R.
MINNEAPOLIS-HONEYWELL REGULATOR	1	0	1969	SPENCER,E.W.
MINNEAPOLIS-HONEYWELL REGULATOR	1	0	1969	SPANGLE,C.W.
MINNEAPOLIS-HONEYWELL REGULATOR	1	0	1969	PARTON,C.A.
MINNEAPOLIS-HONEYWELL REGULATOR	1	0	1969	LUND,E.C.
MINNEAPOLIS-HONEYWELL REGULATOR	1	0	1969	KEATING,S.F.
MINNEAPOLIS-HONEYWELL REGULATOR	1	0	1969	DEMPSEY,J.N.
MINNEAPOLIS-HONEYWELL REGULATOR	1	0	1969	DAVIS,C.L.
MINNEAPOLIS-HONEYWELL REGULATOR	1	0	1969	BINGER,J.H.
MINNEAPOLIS-HONEYWELL REGULATOR	1	2	1969	WISHART,P.B.
MINNEAPOLIS-HONEYWELL REGULATOR	1	2	1969	WILSON,J.J.
MINNEAPOLIS-HONEYWELL REGULATOR	1	2	1969	SPENCER,E.W.
MINNEAPOLIS-HONEYWELL REGULATOR	1	2	1969	SPANGLE,C.W.
MINNEAPOLIS-HONEYWELL REGULATOR	1	2	1969	SCHOENHOFEN,L.H.
MINNEAPOLIS-HONEYWELL REGULATOR	1	2	1969	NYROP,D.W.
MINNEAPOLIS-HONEYWELL REGULATOR	1	2	1969	MC NEELY,E.J.
MINNEAPOLIS-HONEYWELL REGULATOR	1	2	1969	MC KINNON,N.J.
MINNEAPOLIS-HONEYWELL REGULATOR	1	2	1969	KEATING,S.F.
MINNEAPOLIS-HONEYWELL REGULATOR	1	2	1969	GEROT,P.S.
MINNEAPOLIS-HONEYWELL REGULATOR	1	2	1969	FINKE,W.W.
MINNEAPOLIS-HONEYWELL REGULATOR	1	2	1969	DAYTON,B.B.
MINNEAPOLIS-HONEYWELL REGULATOR	1	2	1969	DAVIS,C.L.
MINNEAPOLIS-HONEYWELL REGULATOR	1	2	1969	BINGER,J.H.
MINNESOTA MINING & MFG.	1	0	1969	WHITCOMB,J.F.
MINNESOTA MINING & MFG.	1	0	1969	TUCKER,R.H.
MINNESOTA MINING & MFG.	1	0	1969	MUELLER,R.W.
MINNESOTA MINING & MFG.	1	0	1969	HERZOG,R.H.
MINNESOTA MINING & MFG.	1	0	1969	HELTZER,H.
MINNESOTA MINING & MFG.	1	0	1969	GUTHRIE,D.R.
MINNESOTA MINING & MFG.	1	0	1969	FISHER,L.H.
MINNESOTA MINING & MFG.	1	0	1969	CROSS,B.S.
MINNESOTA MINING & MFG.	1	2	1969	WHITCOMB,J.F.
MINNESOTA MINING & MFG.	1	2	1969	WESTBEE,R.L.
MINNESOTA MINING & MFG.	1	2	1969	SAMPAIR,C.B.
MINNESOTA MINING & MFG.	1	2	1969	PATTERSON,M.H.
MINNESOTA MINING & MFG.	1	2	1969	ORDWAY,R.
MINNESOTA MINING & MFG.	1	2	1969	MUELLER,R.W.
MINNESOTA MINING & MFG.	1	2	1969	MC KNIGHT,W.L.
MINNESOTA MINING & MFG.	1	2	1969	HERZOG,R.H.
MINNESOTA MINING & MFG.	1	2	1969	HELTZER,H.
MINNESOTA MINING & MFG.	1	2	1969	HANSEN,I.R.
MINNESOTA MINING & MFG.	1	2	1969	GUTHRIE,D.R.
MINNESOTA MINING & MFG.	1	2	1969	CROSS,B.S.
MINNESOTA MINING & MFG.	1	2	1969	CAZZANIGA,V.
MINNESOTA MINING & MFG.	1	2	1969	ADAMS,R.M.
MINNESOTA MINING & MFG.	1	2	1969	ABBOTT,W.H.
MONSANTO CHEMICAL	1	0	1969	THRODAHL,M.C.
MONSANTO CHEMICAL	1	0	1969	SOMMER,C.H.
MONSANTO CHEMICAL	1	0	1969	SMITH,JR,T.K.
MONSANTO CHEMICAL	1	0	1969	MAHONEY,J.E.
MONSANTO CHEMICAL	1	0	1969	GILLIS,J.L.
MONSANTO CHEMICAL	1	0	1969	ECK,J.R.
MONSANTO CHEMICAL	1	0	1969	BOCK,E.J.
MONSANTO CHEMICAL	1	0	1969	BIBLE,H.H.
MONSANTO CHEMICAL	1	2	1969	THRODAHL,M.C.
MONSANTO CHEMICAL	1	2	1969	SOMMER,C.H.
MONSANTO CHEMICAL	1	2	1969	ROCKEFELLER,J.S.
MONSANTO CHEMICAL	1	2	1969	O'NEAL,JR,E.A.
MONSANTO CHEMICAL	1	2	1969	GILLIS,J.L.
MONSANTO CHEMICAL	1	2	1969	ECK,J.R.
MONSANTO CHEMICAL	1	2	1969	EATON,F.M.
MONSANTO CHEMICAL	1	2	1969	CALHOUN,JR,D.R.
MONSANTO CHEMICAL	1	2	1969	BOCK,E.J.
MONSANTO CHEMICAL	1	2	1969	BIBLE,H.H.
MONSANTO CHEMICAL	1	2	1969	ANDERSON,D.
NATIONAL CASH REGISTER	1	0	1969	SHAFER,B.L.
NATIONAL CASH REGISTER	1	0	1969	RAMBO,J.E.
NATIONAL CASH REGISTER	1	0	1969	OELMAN,R.S.
NATIONAL CASH REGISTER	1	0	1969	LAING,R.S.
NATIONAL CASH REGISTER	1	0	1969	KEENOY,C.L.
NATIONAL CASH REGISTER	1	0	1969	HAYNES,G.
NATIONAL CASH REGISTER	1	0	1969	GARDNER,O.B.
NATIONAL CASH REGISTER	1	0	1969	CHOLLAR,R.G.
NATIONAL CASH REGISTER	1	2	1969	WILCOX,T.R.
NATIONAL CASH REGISTER	1	2	1969	SUNDERLAND,T.E.
NATIONAL CASH REGISTER	1	2	1969	ROCKEFELLER,J.S.
NATIONAL CASH REGISTER	1	2	1969	RIKE,D.L.
NATIONAL CASH REGISTER	1	2	1969	PATTERSON,W.P.
NATIONAL CASH REGISTER	1	2	1969	OELMAN,R.S.
NATIONAL CASH REGISTER	1	2	1969	LAING,R.S.
NATIONAL CASH REGISTER	1	2	1969	KEENOY,C.L.
NATIONAL CASH REGISTER	1	2	1969	HAYNES,G.
NATIONAL CASH REGISTER	1	2	1969	HANGEN,J.J.
NATIONAL CASH REGISTER	1	2	1969	GRAZIER,J.A.
NATIONAL CASH REGISTER	1	2	1969	FOY,F.C.
NATIONAL CASH REGISTER	1	2	1969	CHOLLAR,R.G.
NATIONAL CASH REGISTER	1	2	1969	BRANDI,F.H.
NATIONAL CASH REGISTER	1	2	1969	ANDERSON,C.A.
NORTH AMERICAN AVIATION	1	0	1969	SMART,R.W.
NORTH AMERICAN AVIATION	1	0	1969	ROCKWELL,JR,W.F.
NORTH AMERICAN AVIATION	1	0	1969	MOORE,J.R.
NORTH AMERICAN AVIATION	1	0	1969	DAY,D.W.
NORTH AMERICAN AVIATION	1	0	1969	CLOKE,H.W.
NORTH AMERICAN AVIATION	1	0	1969	BOOTH,W.W.
NORTH AMERICAN AVIATION	1	0	1969	BATEMAN,JR,D.
NORTH AMERICAN AVIATION	1	0	1969	ANDERSON,R.
NORTH AMERICAN AVIATION	1	2	1969	WILSON,R.C.
NORTH AMERICAN AVIATION	1	2	1969	SEIFERT,JR,W.A.
NORTH AMERICAN AVIATION	1	2	1969	ROCKWELL,JR,W.F.
NORTH AMERICAN AVIATION	1	2	1969	ROCKWELL,B.M.
NORTH AMERICAN AVIATION	1	2	1969	REIERSON,R.L.
NORTH AMERICAN AVIATION	1	2	1969	PARKER,JR,F.W.
NORTH AMERICAN AVIATION	1	2	1969	MUDD,H.T.
NORTH AMERICAN AVIATION	1	2	1969	MORRISON,E.G.
NORTH AMERICAN AVIATION	1	2	1969	MOORE,J.R.
NORTH AMERICAN AVIATION	1	2	1969	MASSEY,H.B.
NORTH AMERICAN AVIATION	1	2	1969	LARKIN,JR,F.G.
NORTH AMERICAN AVIATION	1	2	1969	KARCH,G.F.
NORTH AMERICAN AVIATION	1	2	1969	JOHNSON,T.P.
NORTH AMERICAN AVIATION	1	2	1969	HARTLEY,F.L.
NORTH AMERICAN AVIATION	1	2	1969	DUPONT,H.B.
NORTH AMERICAN AVIATION	1	2	1969	COULTRAP,J.W.
NORTH AMERICAN AVIATION	1	2	1969	BOOTH,W.W.
NORTH AMERICAN AVIATION	1	2	1969	BATEMAN,JR,D.
NORTH AMERICAN AVIATION	1	2	1969	BALLES,J.J.
NORTH AMERICAN AVIATION	1	2	1969	ATWOOD,J.L.
NORTH AMERICAN AVIATION	1	2	1969	ANDERSON,R.
NORTHWEST INDUSTRIES	1	0	1969	WEIR,P.J.
NORTHWEST INDUSTRIES	1	0	1969	STRUBEL,R.P.
NORTHWEST INDUSTRIES	1	0	1969	ROSS,T.A.
NORTHWEST INDUSTRIES	1	0	1969	MORRIS,R.M.
NORTHWEST INDUSTRIES	1	0	1969	HEINEMAN,B.W.
NORTHWEST INDUSTRIES	1	0	1969	FIRESTONE,B.
NORTHWEST INDUSTRIES	1	0	1969	COURBOIN,R.C.
NORTHWEST INDUSTRIES	1	0	1969	BRANDT,T.L.
NORTHWEST INDUSTRIES	1	2	1969	WILSON,G.A.
NORTHWEST INDUSTRIES	1	2	1969	TISCH,L.A.
NORTHWEST INDUSTRIES	1	2	1969	SCHMIDT,E.A.
NORTHWEST INDUSTRIES	1	2	1969	PROVO,L.S.
NORTHWEST INDUSTRIES	1	2	1969	NEWMAN,H.A.
NORTHWEST INDUSTRIES	1	2	1969	HYLAND,T.S.
NORTHWEST INDUSTRIES	1	2	1969	HEINEMAN,B.W.
NORTHWEST INDUSTRIES	1	2	1969	FREEMAN,JR,G.A.
NORTHWEST INDUSTRIES	1	2	1969	FINKLE,D.
OCCIDENTAL PETROLEUM	1	0	1969	WILLERS,T.F.
OCCIDENTAL PETROLEUM	1	0	1969	KLEIN,R.P.
OCCIDENTAL PETROLEUM	1	0	1969	HAMMER,A.
OCCIDENTAL PETROLEUM	1	0	1969	GEISMAR,C.
OCCIDENTAL PETROLEUM	1	0	1969	GATES,A.P.
OCCIDENTAL PETROLEUM	1	0	1969	GARRETT,D.E.
OCCIDENTAL PETROLEUM	1	0	1969	COMMONS,D.L.
OCCIDENTAL PETROLEUM	1	0	1969	BELLANO,W.
OCCIDENTAL PETROLEUM	1	2	1969	WILLERS,T.F.
OCCIDENTAL PETROLEUM	1	2	1969	VAIL,H.L.
OCCIDENTAL PETROLEUM	1	2	1969	SCHWARTZ,C.K.
OCCIDENTAL PETROLEUM	1	2	1969	REID,E.C.
OCCIDENTAL PETROLEUM	1	2	1969	JACOBY,N.H.
OCCIDENTAL PETROLEUM	1	2	1969	HOOKER,R.W.
OCCIDENTAL PETROLEUM	1	2	1969	HEBNER,P.C.
OCCIDENTAL PETROLEUM	1	2	1969	HAMMER,A.
OCCIDENTAL PETROLEUM	1	2	1969	HAMILTON,J.L.
OCCIDENTAL PETROLEUM	1	2	1969	GROMAN,A.
OCCIDENTAL PETROLEUM	1	2	1969	GEISMAR,C.
OCCIDENTAL PETROLEUM	1	2	1969	GATES,A.P.
OCCIDENTAL PETROLEUM	1	2	1969	DEUTSCH,E.P.
OCCIDENTAL PETROLEUM	1	2	1969	BRYANT,F.L.
OCCIDENTAL PETROLEUM	1	2	1969	BELLANO,W.
OLIN MATHIESON CHEMICAL	1	0	1969	WALLACE,W.L.
OLIN MATHIESON CHEMICAL	1	0	1969	TOWEY,J.F.
OLIN MATHIESON CHEMICAL	1	0	1969	REED,H.J.
OLIN MATHIESON CHEMICAL	1	0	1969	HENSKE,J.M.
OLIN MATHIESON CHEMICAL	1	0	1969	GRAND,G.
OLIN MATHIESON CHEMICAL	1	0	1969	FUNSTON,G.K.
OLIN MATHIESON CHEMICAL	1	0	1969	COLLET,M.H.
OLIN MATHIESON CHEMICAL	1	0	1969	BALDWIN,JR,G.
OLIN MATHIESON CHEMICAL	1	2	1969	WILLIAMS,JR,E.F.
OLIN MATHIESON CHEMICAL	1	2	1969	WALLACE,W.L.
OLIN MATHIESON CHEMICAL	1	2	1969	TOWEY,J.F.
OLIN MATHIESON CHEMICAL	1	2	1969	REED,H.J.
OLIN MATHIESON CHEMICAL	1	2	1969	OLIN,S.T.
OLIN MATHIESON CHEMICAL	1	2	1969	OLIN,J.M.
OLIN MATHIESON CHEMICAL	1	2	1969	O'CONNELL,W.F.
OLIN MATHIESON CHEMICAL	1	2	1969	NICHOLS,T.S.
OLIN MATHIESON CHEMICAL	1	2	1969	HIGGINS,W.W.
OLIN MATHIESON CHEMICAL	1	2	1969	HENSKE,J.M.
OLIN MATHIESON CHEMICAL	1	2	1969	HANES,JR,J.W.
OLIN MATHIESON CHEMICAL	1	2	1969	HANES,J.W.
OLIN MATHIESON CHEMICAL	1	2	1969	GRISWOLD,III,B.H.
OLIN MATHIESON CHEMICAL	1	2	1969	GRAND,G.
OLIN MATHIESON CHEMICAL	1	2	1969	FURLAUD,R.M.
OLIN MATHIESON CHEMICAL	1	2	1969	FUNSTON,G.K.
OLIN MATHIESON CHEMICAL	1	2	1969	COLLET,M.H.
NATIONAL STEEL	1	0	1969	STINSON,G.A.
NATIONAL STEEL	1	0	1969	SMITH,R.S.
NATIONAL STEEL	1	0	1969	SCHWOEBEL,W.S.
NATIONAL STEEL	1	0	1969	MEIGHEN,R.S.
NATIONAL STEEL	1	0	1969	HUMPHREY,G.W.
NATIONAL STEEL	1	0	1969	HILL,W.P.
NATIONAL STEEL	1	0	1969	GALLAGHER,J.J.
NATIONAL STEEL	1	0	1969	BERDIS,A.J.
NATIONAL STEEL	1	2	1969	STINSON,G.A.
NATIONAL STEEL	1	2	1969	MUDGE,L.S.
NATIONAL STEEL	1	2	1969	MARTING,W.A.
NATIONAL STEEL	1	2	1969	KORHUMEL,N.F.
NATIONAL STEEL	1	2	1969	HUMPHREY,G.W.
NATIONAL STEEL	1	2	1969	HILLMAN,H.L.
NATIONAL STEEL	1	2	1969	FALK,JR,L.
NATIONAL STEEL	1	2	1969	CISLER,W.L.
NATIONAL STEEL	1	2	1969	BODMAN,H.T.
NATIONAL STEEL	1	2	1969	BERDIS,A.J.
OWENS-ILLINOIS GLASS	1	0	1969	MULFORD,R.H.
OWENS-ILLINOIS GLASS	1	0	1969	MILLER,R.F.
OWENS-ILLINOIS GLASS	1	0	1969	LEVIS,J.P.
OWENS-ILLINOIS GLASS	1	0	1969	JONES,E.C.
OWENS-ILLINOIS GLASS	1	0	1969	HARTMANN,F.N.
OWENS-ILLINOIS GLASS	1	0	1969	GRAHAM,R.E.
OWENS-ILLINOIS GLASS	1	0	1969	DODD,E.D.
OWENS-ILLINOIS GLASS	1	0	1969	CANTER,F.M.
OWENS-ILLINOIS GLASS	1	2	1969	SNIDEMAN,R.L.
OWENS-ILLINOIS GLASS	1	2	1969	PITZER,K.S.
OWENS-ILLINOIS GLASS	1	2	1969	MULFORD,R.H.
OWENS-ILLINOIS GLASS	1	2	1969	MC INTOSH,H.
OWENS-ILLINOIS GLASS	1	2	1969	LEVIS,J.P.
OWENS-ILLINOIS GLASS	1	2	1969	LEVIS,II,R.H.
OWENS-ILLINOIS GLASS	1	2	1969	JONES,E.C.
OWENS-ILLINOIS GLASS	1	2	1969	JANSSEN,C.E.
OWENS-ILLINOIS GLASS	1	2	1969	HILL,J.A.
OWENS-ILLINOIS GLASS	1	2	1969	HETTINGER,JR,A.J.
OWENS-ILLINOIS GLASS	1	2	1969	GRAHAM,R.E.
OWENS-ILLINOIS GLASS	1	2	1969	FISHER,M.M.
OWENS-ILLINOIS GLASS	1	2	1969	DODD,E.D.
OWENS-ILLINOIS GLASS	1	2	1969	COSTANZO,G.A.
OWENS-ILLINOIS GLASS	1	2	1969	COLLIN,H.E.
OWENS-ILLINOIS GLASS	1	2	1969	BOWES,A.S.
OWENS-ILLINOIS GLASS	1	2	1969	BERGMAN,W.J.
OWENS-ILLINOIS GLASS	1	2	1969	ARBUCKLE,E.C.
PHILLIPS PETROLEUM	1	0	1969	ZEMAN,W.J.
PHILLIPS PETROLEUM	1	0	1969	ROBERTS,W.A.
PHILLIPS PETROLEUM	1	0	1969	MARTIN,W.F.
PHILLIPS PETROLEUM	1	0	1969	KEELER,W.W.
PHILLIPS PETROLEUM	1	0	1969	HOUCHIN,J.M.
PHILLIPS PETROLEUM	1	0	1969	HEWITT,W.C.
PHILLIPS PETROLEUM	1	0	1969	DOUCE,W.C.
PHILLIPS PETROLEUM	1	0	1969	ARNOLD,P.M.
PHILLIPS PETROLEUM	1	2	1969	ZEMAN,W.J.
PHILLIPS PETROLEUM	1	2	1969	WESCOE,W.C.
PHILLIPS PETROLEUM	1	2	1969	ROBERTS,W.A.
PHILLIPS PETROLEUM	1	2	1969	PIEL,JR,W.
PHILLIPS PETROLEUM	1	2	1969	MAYNE,A.F.
PHILLIPS PETROLEUM	1	2	1969	MARTIN,W.F.
PHILLIPS PETROLEUM	1	2	1969	KEELER,W.W.
PHILLIPS PETROLEUM	1	2	1969	HOUCHIN,J.M.
PHILLIPS PETROLEUM	1	2	1969	HEWITT,W.C.
PHILLIPS PETROLEUM	1	2	1969	GETGOOD,J.
PHILLIPS PETROLEUM	1	2	1969	DOUCE,W.C.
PHILLIPS PETROLEUM	1	2	1969	CUBBAGE,T.L.
PHILLIPS PETROLEUM	1	2	1969	CLIFFORD,C.M.
PHILLIPS PETROLEUM	1	2	1969	ADAMS,K.S.
ANACONDA COPPER MINING	1	0	1969	WEED,H.M.
ANACONDA COPPER MINING	1	0	1969	QUIGLEY,W.E.
ANACONDA COPPER MINING	1	0	1969	PARKINSON,C.J.
ANACONDA COPPER MINING	1	0	1969	KNAEBEL,J.B.
ANACONDA COPPER MINING	1	0	1969	KIRKPATRICK,W.M.
ANACONDA COPPER MINING	1	0	1969	HALL,J.G.
ANACONDA COPPER MINING	1	0	1969	FULTON,R.B.
ANACONDA COPPER MINING	1	0	1969	CAREY,G.
ANACONDA COPPER MINING	1	2	1969	SIEGFRIED,C.A.
ANACONDA COPPER MINING	1	2	1969	ROOSA,R.V.
ANACONDA COPPER MINING	1	2	1969	QUIGLEY,W.E.
ANACONDA COPPER MINING	1	2	1969	PLACE,J.B.M.
ANACONDA COPPER MINING	1	2	1969	PERRY,V.D.
ANACONDA COPPER MINING	1	2	1969	PARKINSON,C.J.
ANACONDA COPPER MINING	1	2	1969	HALL,J.G.
ANACONDA COPPER MINING	1	2	1969	FULTON,R.B.
ANACONDA COPPER MINING	1	2	1969	FARLEY,J.D.
ANACONDA COPPER MINING	1	2	1969	BRINCKERHOFF,C.M.
ATLANTIC REFINING	1	0	1969	THOMAS,O.P.
ATLANTIC REFINING	1	0	1969	REAM,JR,L.M.
ATLANTIC REFINING	1	0	1969	ECKIS,R.
ATLANTIC REFINING	1	0	1969	DOWNER,J.P.
ATLANTIC REFINING	1	0	1969	DAVIS,L.F.
ATLANTIC REFINING	1	0	1969	BRADSHAW,T.F.
ATLANTIC REFINING	1	0	1969	BENT,R.D.
ATLANTIC REFINING	1	0	1969	ANDERSON,R.O.
ATLANTIC REFINING	1	2	1969	WILSON,JR,K.R.
ATLANTIC REFINING	1	2	1969	THOMAS,O.P.
ATLANTIC REFINING	1	2	1969	REAM,JR,L.M.
ATLANTIC REFINING	1	2	1969	PATTERSON,E.C.
ATLANTIC REFINING	1	2	1969	KENDALL,D.M.
ATLANTIC REFINING	1	2	1969	JONES,C.S.
ATLANTIC REFINING	1	2	1969	GROSS,C.S.
ATLANTIC REFINING	1	2	1969	GRAZIER,J.A.
ATLANTIC REFINING	1	2	1969	ECKIS,R.
ATLANTIC REFINING	1	2	1969	DOWNER,J.P.
ATLANTIC REFINING	1	2	1969	DAVIS,L.F.
ATLANTIC REFINING	1	2	1969	BRADSHAW,T.F.
ATLANTIC REFINING	1	2	1969	ANDERSON,R.O.
SINGER MFG.	1	0	1969	SMITH,D.W.
SINGER MFG.	1	0	1969	REINHART,A.J.
SINGER MFG.	1	0	1969	PUTZE,L.
SINGER MFG.	1	0	1969	KIRCHER,D.P.
SINGER MFG.	1	0	1969	KELLY,L.L.
SINGER MFG.	1	0	1969	HAMILTON,JR,W.G.
SINGER MFG.	1	0	1969	DISCIPIO,A.
SINGER MFG.	1	0	1969	BRUDER,C.F.
SINGER MFG.	1	2	1969	SMITH,D.W.
SINGER MFG.	1	2	1969	ROBBINS,JR,D.G.
SINGER MFG.	1	2	1969	PUTZE,L.
SINGER MFG.	1	2	1969	MURRAY,J.W.
SINGER MFG.	1	2	1969	MEADS,D.E.
SINGER MFG.	1	2	1969	LABOUISSE,H.R.
SINGER MFG.	1	2	1969	KIRCHER,D.P.
SINGER MFG.	1	2	1969	KELLY,L.L.
SINGER MFG.	1	2	1969	HUNT,R.O.
SINGER MFG.	1	2	1969	HAMILTON,JR,W.G.
SINGER MFG.	1	2	1969	FREDSTON,A.H.
SINGER MFG.	1	2	1969	DISCIPIO,A.
SINGER MFG.	1	2	1969	CLARK,JR,S.C.
SINGER MFG.	1	2	1969	BRUDER,C.F.
RADIO CORP OF AMERICA	1	0	1969	WERNER,R.L.
RADIO CORP OF AMERICA	1	0	1969	SARNOFF,R.
RADIO CORP OF AMERICA	1	0	1969	MORRIS,G.E.
RADIO CORP OF AMERICA	1	0	1969	ISAACS,L.M.
RADIO CORP OF AMERICA	1	0	1969	GORIN,E.B.
RADIO CORP OF AMERICA	1	0	1969	ENGSTROM,E.W.
RADIO CORP OF AMERICA	1	0	1969	BROWN,G.H.
RADIO CORP OF AMERICA	1	0	1969	BILBY,K.W.
RADIO CORP OF AMERICA	1	2	1969	WERNER,R.L.
RADIO CORP OF AMERICA	1	2	1969	WATTS,W.W.
RADIO CORP OF AMERICA	1	2	1969	STRAUSS,L.L.
RADIO CORP OF AMERICA	1	2	1969	SCOTT,W.D.
RADIO CORP OF AMERICA	1	2	1969	SARNOFF,R.W.
RADIO CORP OF AMERICA	1	2	1969	PETRIE,D.A.
RADIO CORP OF AMERICA	1	2	1969	ODOROIZZI,C.M.
RADIO CORP OF AMERICA	1	2	1969	NEWSOM,C.V.
RADIO CORP OF AMERICA	1	2	1969	MILLS,D.L.
RADIO CORP OF AMERICA	1	2	1969	LETTS,H.L.
RADIO CORP OF AMERICA	1	2	1969	HAGERTY,H.C.
RADIO CORP OF AMERICA	1	2	1969	ENGSTROM,E.W.
RADIO CORP OF AMERICA	1	2	1969	DUBRUL,JR,S.M.
RADIO CORP OF AMERICA	1	2	1969	CERF,B.A.
RADIO CORP OF AMERICA	1	2	1969	CASE,E.N.
RADIO CORP OF AMERICA	1	2	1969	BROWN,G.H.
RAPID AMERICAN	1	0	1969	WACHTEL,H.H.
RAPID AMERICAN	1	0	1969	TRAPANI,A.W.
RAPID AMERICAN	1	0	1969	SILVERBERG,L.A.
RAPID AMERICAN	1	0	1969	RUSSELL,J.B.
RAPID AMERICAN	1	0	1969	RIKLIS,M.
RAPID AMERICAN	1	0	1969	LEVY,S.J.
RAPID AMERICAN	1	0	1969	LANE,L.C.
RAPID AMERICAN	1	0	1969	BECKER,I.A.
RAPID AMERICAN	1	2	1969	WACHTEL,H.H.
RAPID AMERICAN	1	2	1969	TOUSSIE,M.J.
RAPID AMERICAN	1	2	1969	SILVERBERG,L.A.
RAPID AMERICAN	1	2	1969	RIKLIS,P.
RAPID AMERICAN	1	2	1969	RIKLIS,M.
RAPID AMERICAN	1	2	1969	NEAMAN,S.
RAPID AMERICAN	1	2	1969	LEVY,S.J.
RAPID AMERICAN	1	2	1969	LANE,L.C.
RAPID AMERICAN	1	2	1969	KORROS,F.
RAPID AMERICAN	1	2	1969	KOBROVSKY,B.
RAPID AMERICAN	1	2	1969	JOHNSTON,P.A.
RAPID AMERICAN	1	2	1969	DELSON,G.V.
RAPID AMERICAN	1	2	1969	BECKER,J.A.
DUPONT (E.I.) DE NEMOURS & CO.	1	0	1969	MC COY,C.B.
DUPONT (E.I.) DE NEMOURS & CO.	1	0	1969	KANE,E.R.
DUPONT (E.I.) DE NEMOURS & CO.	1	0	1969	GORDON,W.E.
DUPONT (E.I.) DE NEMOURS & CO.	1	0	1969	GEE,E.A.
DUPONT (E.I.) DE NEMOURS & CO.	1	0	1969	DUPONT,JR,I.
DUPONT (E.I.) DE NEMOURS & CO.	1	0	1969	DAWSON,D.H.
DUPONT (E.I.) DE NEMOURS & CO.	1	0	1969	DALLAS,J.A.
DUPONT (E.I.) DE NEMOURS & CO.	1	0	1969	COPELAND,L.
DUPONT (E.I.) DE NEMOURS & CO.	1	2	1969	SINNESS,L.S.
DUPONT (E.I.) DE NEMOURS & CO.	1	2	1969	SHARP,JR,H.R.
DUPONT (E.I.) DE NEMOURS & CO.	1	2	1969	RICHARDS,R.L.
DUPONT (E.I.) DE NEMOURS & CO.	1	2	1969	PIPPIN,R.R.
DUPONT (E.I.) DE NEMOURS & CO.	1	2	1969	PEYTON,B.
DUPONT (E.I.) DE NEMOURS & CO.	1	2	1969	MC COY,C.B.
DUPONT (E.I.) DE NEMOURS & CO.	1	2	1969	LENHER,S.
DUPONT (E.I.) DE NEMOURS & CO.	1	2	1969	LAIRD,W.W.
DUPONT (E.I.) DE NEMOURS & CO.	1	2	1969	KANE,E.R.
DUPONT (E.I.) DE NEMOURS & CO.	1	2	1969	HOLBROOK,G.E.
DUPONT (E.I.) DE NEMOURS & CO.	1	2	1969	HERSHEY,R.L.
DUPONT (E.I.) DE NEMOURS & CO.	1	2	1969	GREENEWALT,C.H.
DUPONT (E.I.) DE NEMOURS & CO.	1	2	1969	GORDON,W.E.
DUPONT (E.I.) DE NEMOURS & CO.	1	2	1969	GEE,E.A.
DUPONT (E.I.) DE NEMOURS & CO.	1	2	1969	EDMONDS,G.P.
DUPONT (E.I.) DE NEMOURS & CO.	1	2	1969	DUPONT,JR,I.
DUPONT (E.I.) DE NEMOURS & CO.	1	2	1969	DUPONT,E.F.
DUPONT (E.I.) DE NEMOURS & CO.	1	2	1969	DAWSON,D.H.
DUPONT (E.I.) DE NEMOURS & CO.	1	2	1969	DALLAS,J.H.
DUPONT (E.I.) DE NEMOURS & CO.	1	2	1969	COPELAND,L.D.
DUPONT (E.I.) DE NEMOURS & CO.	1	2	1969	CARPENTER,JR,W.S.
DUPONT (E.I.) DE NEMOURS & CO.	1	2	1969	CARPENTER,III,W.S.
DUPONT (E.I.) DE NEMOURS & CO.	1	2	1969	BEADLE,W.J.
REYNOLDS METALS	1	0	1969	ROBERTS,I.
REYNOLDS METALS	1	0	1969	REYNOLDS,W.G.
REYNOLDS METALS	1	0	1969	REYNOLDS,JR,R.S.
REYNOLDS METALS	1	0	1969	REYNOLDS,J.L.
REYNOLDS METALS	1	0	1969	REYNOLDS,J.D.
REYNOLDS METALS	1	0	1969	REYNOLDS,D.P.
REYNOLDS METALS	1	0	1969	MC CONNELL,J.H.
REYNOLDS METALS	1	0	1969	COGHILL,C.E.
REYNOLDS METALS	1	2	1969	WELLS,W.M.
REYNOLDS METALS	1	2	1969	SIKOROVSKY,E.F.
REYNOLDS METALS	1	2	1969	REYNOLDS,W.G.
REYNOLDS METALS	1	2	1969	REYNOLDS,JR,R.S.
REYNOLDS METALS	1	2	1969	REYNOLDS,J.L.
REYNOLDS METALS	1	2	1969	REYNOLDS,D.P.
REYNOLDS METALS	1	2	1969	MC CONNELL,J.H.
REYNOLDS METALS	1	2	1969	MANNING,C.F.
REYNOLDS METALS	1	2	1969	KREY,J.H.
REYNOLDS METALS	1	2	1969	KNEESKERN,V.G.
REYNOLDS METALS	1	2	1969	DILLARD,A.
REYNOLDS METALS	1	2	1969	COGHILL,C.E.
REYNOLDS METALS	1	2	1969	BRUNOT,W.T.
REYNOLDS METALS	1	2	1969	BLOMQUIST,J.E.
REYNOLDS METALS	1	2	1969	ARDEN,T.T.
FIRESTONE TIRE & RUBBER	1	0	1969	THOMAS,R.D.
FIRESTONE TIRE & RUBBER	1	0	1969	FLOBERG,J.F.
FIRESTONE TIRE & RUBBER	1	0	1969	FIRESTONE,R.C.
FIRESTONE TIRE & RUBBER	1	0	1969	DIFEDERICO,M.A.
FIRESTONE TIRE & RUBBER	1	0	1969	CARTER,E.F.
FIRESTONE TIRE & RUBBER	1	0	1969	CAIRNS,J.V.
FIRESTONE TIRE & RUBBER	1	0	1969	CAHOON,J.T.
FIRESTONE TIRE & RUBBER	1	0	1969	BEASLEY,R.P.
FIRESTONE TIRE & RUBBER	1	2	1969	WIEDENMANN,H.H.
FIRESTONE TIRE & RUBBER	1	2	1969	THOMAS,R.D.
FIRESTONE TIRE & RUBBER	1	2	1969	RILEY,R.A.
FIRESTONE TIRE & RUBBER	1	2	1969	KARCH,G.F.
FIRESTONE TIRE & RUBBER	1	2	1969	HATHAWAY,E.B.
FIRESTONE TIRE & RUBBER	1	2	1969	FLOBERG,J.F.
FIRESTONE TIRE & RUBBER	1	2	1969	FIRESTONE,R.C.
FIRESTONE TIRE & RUBBER	1	2	1969	FIRESTONE,L.K.
FIRESTONE TIRE & RUBBER	1	2	1969	DIFEDERICO,M.A.
FIRESTONE TIRE & RUBBER	1	2	1969	CARTER,E.F.
FIRESTONE TIRE & RUBBER	1	2	1969	BEASLEY,R.P.
FORD MOTOR	1	0	1969	STEVENSON,R.
FORD MOTOR	1	0	1969	LUNDY,J.E.
FORD MOTOR	1	0	1969	IACOCCA,L.A.
FORD MOTOR	1	0	1969	HAMPSON,R.J.
FORD MOTOR	1	0	1969	FORD,II,H.
FORD MOTOR	1	0	1969	BORDINAT,JR,E.
FORD MOTOR	1	0	1969	BIDWELL,B.E.
FORD MOTOR	1	0	1969	ALEXANDER,R.A.
FORD MOTOR	1	2	1969	TAYLOR,A.T.
FORD MOTOR	1	2	1969	STEVENSON,R.
FORD MOTOR	1	2	1969	OELMAN,R.S.
FORD MOTOR	1	2	1969	MURPHY,F.D.
FORD MOTOR	1	2	1969	MORTIMER,C.G.
FORD MOTOR	1	2	1969	MILLER,A.
FORD MOTOR	1	2	1969	LUNDY,J.E.
FORD MOTOR	1	2	1969	INNED,W.O.
FORD MOTOR	1	2	1969	IACOCCA,L.A.
FORD MOTOR	1	2	1969	HAMPSON,R.J.
FORD MOTOR	1	2	1969	GADSDEN,H.W.
FORD MOTOR	1	2	1969	FORD,W.C.
FORD MOTOR	1	2	1969	FORD,II,H.
FORD MOTOR	1	2	1969	FORD,B.
FORD MOTOR	1	2	1969	CULLMAN,III,J.F.
FORD MOTOR	1	2	1969	BURGESS,C.L.
GOODYEAR TIRE & RUBBER	1	0	1969	THOMAS,R.V.
GOODYEAR TIRE & RUBBER	1	0	1969	RUDDER,W.H.
GOODYEAR TIRE & RUBBER	1	0	1969	ROBERTSON,B.M.
GOODYEAR TIRE & RUBBER	1	0	1969	HOLT.JR,V.
GOODYEAR TIRE & RUBBER	1	0	1969	GIBSON,C.C.
GOODYEAR TIRE & RUBBER	1	0	1969	FIRESTONE,A.E.
GOODYEAR TIRE & RUBBER	1	0	1969	EAVES,JR,C.A.
GOODYEAR TIRE & RUBBER	1	0	1969	DEYOUNG,R.
GOODYEAR TIRE & RUBBER	1	2	1969	WRIGHT,J.D.
GOODYEAR TIRE & RUBBER	1	2	1969	THOMAS,R.V.
GOODYEAR TIRE & RUBBER	1	2	1969	THOMAS,E.J.
GOODYEAR TIRE & RUBBER	1	2	1969	SMITH,L.B.
GOODYEAR TIRE & RUBBER	1	2	1969	RUDDER,W.H.
GOODYEAR TIRE & RUBBER	1	2	1969	ROBERTSON,B.M.
GOODYEAR TIRE & RUBBER	1	2	1969	PLATT,R.H.
GOODYEAR TIRE & RUBBER	1	2	1969	HOWLETT,W.P.
GOODYEAR TIRE & RUBBER	1	2	1969	HOLT,JR,V.
GOODYEAR TIRE & RUBBER	1	2	1969	HAZARD,E.L.
GOODYEAR TIRE & RUBBER	1	2	1969	HARPER,J.D.
GOODYEAR TIRE & RUBBER	1	2	1969	HALL,J.B.
GOODYEAR TIRE & RUBBER	1	2	1969	GEIER,JR,P.O.
GOODYEAR TIRE & RUBBER	1	2	1969	FIRESTONE,A.E.
GOODYEAR TIRE & RUBBER	1	2	1969	EAVES,JR,C.A.
GOODYEAR TIRE & RUBBER	1	2	1969	DEYOUNG,R.
GOODYEAR TIRE & RUBBER	1	2	1969	ANDERSON,R.B.
GULF OIL	1	0	1969	MANNING,K.S.
GULF OIL	1	0	1969	LOUGHNEY,E.D.
GULF OIL	1	0	1969	LEWIS,JR,A.
GULF OIL	1	0	1969	HENRY,W.L.
GULF OIL	1	0	1969	DORSEY,B.R.
GULF OIL	1	0	1969	DAVIS,I.G.
GULF OIL	1	0	1969	BROCKETT,E.D.
GULF OIL	1	0	1969	ADAMS,W.W.
GULF OIL	1	2	1969	WYCKOFF,G.W.
GULF OIL	1	2	1969	WARREN,W.K.
GULF OIL	1	2	1969	WALTON,JR,J.F.
GULF OIL	1	2	1969	SAVAGE,R.H.
GULF OIL	1	2	1969	PEARSON,N.W.
GULF OIL	1	2	1969	MELLON,R.K.
GULF OIL	1	2	1969	MATTHEWS,B.
GULF OIL	1	2	1969	LOUGHNEY,E.D.
GULF OIL	1	2	1969	DRAKE,J.F.
GULF OIL	1	2	1969	DORSEY,B.R.
GULF OIL	1	2	1969	DENTON,F.R.
GULF OIL	1	2	1969	DAVIS,I.G.
GULF OIL	1	2	1969	BROCKETT,E.D.
GULF OIL	1	2	1969	BEEGHLY,C.M.
INLAND STEEL	1	0	1969	RANNEY,G.A.
INLAND STEEL	1	0	1969	LUERSSEN,F.W.
INLAND STEEL	1	0	1969	LOWE,W.H.
INLAND STEEL	1	0	1969	JAICKS,F.G.
INLAND STEEL	1	0	1969	JACOBS,C.B.
INLAND STEEL	1	0	1969	BUDDINGTON,R.M.
INLAND STEEL	1	0	1969	BREWSTER,D.L.
INLAND STEEL	1	0	1969	BLOCK,JR,P.D.
INLAND STEEL	1	2	1969	WELLS,W.O.
INLAND STEEL	1	2	1969	SMITH,JR,J.F.
INLAND STEEL	1	2	1969	RANNEY,G.A.
INLAND STEEL	1	2	1969	PERKINS,D.S.
INLAND STEEL	1	2	1969	MARTIN,C.V.
INLAND STEEL	1	2	1969	LOWE,W.H.
INLAND STEEL	1	2	1969	JAICKS,F.G.
INLAND STEEL	1	2	1969	HOVDE,F.L.
INLAND STEEL	1	2	1969	GUNNESS,R.C.
INLAND STEEL	1	2	1969	COREY,G.R.
INLAND STEEL	1	2	1969	CARLEN,R.N.
INLAND STEEL	1	2	1969	BUDDINGTON,R.M.
INLAND STEEL	1	2	1969	BROWN,JR,C.L.
INLAND STEEL	1	2	1969	BLOCK,JR,P.D.
INLAND STEEL	1	2	1969	BLOCK,J.L.
KENNECOTT COPPER	1	0	1969	SWAN,D.
KENNECOTT COPPER	1	0	1969	RUSSELL,G.B.
KENNECOTT COPPER	1	0	1969	MILLIKEN,F.R.
KENNECOTT COPPER	1	0	1969	MICHAELSON,C.D.
KENNECOTT COPPER	1	0	1969	MC CREARY,P.N.
KENNECOTT COPPER	1	0	1969	FISHER,G.H.
KENNECOTT COPPER	1	0	1969	DWYER,G.E.
KENNECOTT COPPER	1	0	1969	BURGESS,C.H.
KENNECOTT COPPER	1	2	1969	TUTT,W.T.
KENNECOTT COPPER	1	2	1969	STEINIGER,E.L.
KENNECOTT COPPER	1	2	1969	SIMMONS,R.W.
KENNECOTT COPPER	1	2	1969	SCHIFF,J.M.
KENNECOTT COPPER	1	2	1969	RUSSELL,G.
KENNECOTT COPPER	1	2	1969	PHALEN,C.W.
KENNECOTT COPPER	1	2	1969	PAGE,W.H.
KENNECOTT COPPER	1	2	1969	MULLINS,T.C.
KENNECOTT COPPER	1	2	1969	MILLIKEN,F.R.
KENNECOTT COPPER	1	2	1969	MICHAELSON,C.D.
KENNECOTT COPPER	1	2	1969	MAYNE,A.F.
KENNECOTT COPPER	1	2	1969	MACBAIN,G.K.
KENNECOTT COPPER	1	2	1969	LAWSON-JOHNSTON,P.
KENNECOTT COPPER	1	2	1969	HAZARD,E.L.
KENNECOTT COPPER	1	2	1969	HARDIN,M.M.
KENNECOTT COPPER	1	2	1969	GRACE,J.P.
KENNECOTT COPPER	1	2	1969	DEYOUNG,R.
KENNECOTT COPPER	1	2	1969	BAKKEN,G.P.
SHELL OIL	1	0	1969	SPAGHT,M.E.
SHELL OIL	1	0	1969	KEMBALL-COOK,D.B.
SHELL OIL	1	0	1969	HART,R.M.
SHELL OIL	1	0	1969	FERRIS,R.L.
SHELL OIL	1	0	1969	CHRISTIANSON,E.G.
SHELL OIL	1	0	1969	BURTON,G.A.
SHELL OIL	1	0	1969	BOOKOUT,J.F.
SHELL OIL	1	0	1969	BANKSTON,G.C.
SHELL OIL	1	2	1969	STERLING,J.E.
SHELL OIL	1	2	1969	ST.CLAIR,J.B.
SHELL OIL	1	2	1969	SPAGHT,M.E.
SHELL OIL	1	2	1969	PEET,E.C.
SHELL OIL	1	2	1969	MC GUIRE,H.F.
SHELL OIL	1	2	1969	MC ASHAN,JR,S.M.
SHELL OIL	1	2	1969	KEMBALL-COOK,D.B.
SHELL OIL	1	2	1969	HART,R.M.
SHELL OIL	1	2	1969	GWINN,W.P.
SHELL OIL	1	2	1969	DEBRETTEVILLE,C.
SHELL OIL	1	2	1969	CHRISTIANSON,E.G.
SHELL OIL	1	2	1969	BROUWER,L.E.J.
SHELL OIL	1	2	1969	BLACKIE,W.
SHELL OIL	1	2	1969	BARRAN,D.H.
SIGNAL OIL & GAS	1	0	1969	WOOTAN,J.K.
SIGNAL OIL & GAS	1	0	1969	WALKUP,W.E.
SIGNAL OIL & GAS	1	0	1969	SHUMWAY,F.N.
SIGNAL OIL & GAS	1	0	1969	PORCH,C.H.
SIGNAL OIL & GAS	1	0	1969	LORTSCHER,F.D.
SIGNAL OIL & GAS	1	0	1969	HANSEN,Z.C.
SIGNAL OIL & GAS	1	0	1969	GREEN,L.A.
SIGNAL OIL & GAS	1	0	1969	GAYLORD,C.R.
SIGNAL OIL & GAS	1	2	1969	WOOTAN,J.K.
SIGNAL OIL & GAS	1	2	1969	WETZEL,H.H.
SIGNAL OIL & GAS	1	2	1969	WALKUP,W.E.
SIGNAL OIL & GAS	1	2	1969	SHUMWAY,F.N.
SIGNAL OIL & GAS	1	2	1969	RAMSAUR,W.R.
SIGNAL OIL & GAS	1	2	1969	PORCH,C.H.
SIGNAL OIL & GAS	1	2	1969	MELAMID,G.
SIGNAL OIL & GAS	1	2	1969	LORTSCHER,F.D.
SIGNAL OIL & GAS	1	2	1969	JOHNSON,B.K.
SIGNAL OIL & GAS	1	2	1969	HANSEN,Z.C.R.
SIGNAL OIL & GAS	1	2	1969	GAYLORD,C.R.
SIGNAL OIL & GAS	1	2	1969	FROST,F.D.
REYNOLDS (R.J.) TOBACCO	1	0	1969	WADE,JR,C.B.
REYNOLDS (R.J.) TOBACCO	1	0	1969	STOKES,C.
REYNOLDS (R.J.) TOBACCO	1	0	1969	SMITH,JR,W.S.
REYNOLDS (R.J.) TOBACCO	1	0	1969	SHERRILL,J.H.
REYNOLDS (R.J.) TOBACCO	1	0	1969	RAMM,H.H.
REYNOLDS (R.J.) TOBACCO	1	0	1969	PEOPLES,D.S.
REYNOLDS (R.J.) TOBACCO	1	0	1969	LYBROOK,W.R.
REYNOLDS (R.J.) TOBACCO	1	0	1969	GALLOWAY,A.H.
REYNOLDS (R.J.) TOBACCO	1	2	1969	WADE,JR,C.B.
REYNOLDS (R.J.) TOBACCO	1	2	1969	STOKES,C.
REYNOLDS (R.J.) TOBACCO	1	2	1969	STICHT,J.P.
REYNOLDS (R.J.) TOBACCO	1	2	1969	SMITH,JR,W.S.
REYNOLDS (R.J.) TOBACCO	1	2	1969	SHERRILL,J.H.
REYNOLDS (R.J.) TOBACCO	1	2	1969	ROYSTER,F.D.
REYNOLDS (R.J.) TOBACCO	1	2	1969	RAMM,H.H.
REYNOLDS (R.J.) TOBACCO	1	2	1969	PEOPLES,D.S.
REYNOLDS (R.J.) TOBACCO	1	2	1969	MYERS,JR,C.F.
REYNOLDS (R.J.) TOBACCO	1	2	1969	MORTON,T.B.
REYNOLDS (R.J.) TOBACCO	1	2	1969	MC LEAN,M.P.
REYNOLDS (R.J.) TOBACCO	1	2	1969	LYBROOK,W.R.
REYNOLDS (R.J.) TOBACCO	1	2	1969	HUGHES,R.P.
REYNOLDS (R.J.) TOBACCO	1	2	1969	GRAY,G.
REYNOLDS (R.J.) TOBACCO	1	2	1969	GALLOWAY,A.H.
SPERRY RAND	1	0	1969	MC DONALD,R.E.
SPERRY RAND	1	0	1969	HAYDEN,M.A.
SPERRY RAND	1	0	1969	GARWOOD,J.H.
SPERRY RAND	1	0	1969	FORSTER,J.F.
SPERRY RAND	1	0	1969	DELP,G.C.
SPERRY RAND	1	0	1969	DAVIS,O.C.
SPERRY RAND	1	0	1969	BAKER,D.H.
SPERRY RAND	1	0	1969	BADENOCH,B.W.
SPERRY RAND	1	2	1969	WEBB,J.E.
SPERRY RAND	1	2	1969	VICKERS,H.F.
SPERRY RAND	1	2	1969	THOMPSON,JR,R.C.
SPERRY RAND	1	2	1969	SLATER,R.E.
SPERRY RAND	1	2	1969	MERRIAM,J.F.
SPERRY RAND	1	2	1969	MC DONALD,R.E.
SPERRY RAND	1	2	1969	KING,J.H.
SPERRY RAND	1	2	1969	JACOB,H.M.
SPERRY RAND	1	2	1969	HAZELTINE,S.
SPERRY RAND	1	2	1969	HAYDEN,M.A.
SPERRY RAND	1	2	1969	FORSTER,J.F.
SPERRY RAND	1	2	1969	DUNN,S.
STANDARD OIL (OHIO)	1	0	1969	WHITEHOUSE,JR,A.W.
STANDARD OIL (OHIO)	1	0	1969	STEVENS,D.G.
STANDARD OIL (OHIO)	1	0	1969	SPAHR,C.E.
STANDARD OIL (OHIO)	1	0	1969	KIDDOO,G.
STANDARD OIL (OHIO)	1	0	1969	HART,R.A.
STANDARD OIL (OHIO)	1	0	1969	HARNETT,J.D.
STANDARD OIL (OHIO)	1	0	1969	GRIFFIN,R.G.
STANDARD OIL (OHIO)	1	0	1969	ELDER,JR,C.R.
STANDARD OIL (OHIO)	1	2	1969	WHITEHOUSE,JR,A.W.
STANDARD OIL (OHIO)	1	2	1969	SWENSRUD,S.A.
STANDARD OIL (OHIO)	1	2	1969	STEVENS,D.G.
STANDARD OIL (OHIO)	1	2	1969	SPAHR,C.E.
STANDARD OIL (OHIO)	1	2	1969	SHEPARD,H.A.
STANDARD OIL (OHIO)	1	2	1969	SAUER,R.C.
STANDARD OIL (OHIO)	1	2	1969	PENNELL,M.M.
STANDARD OIL (OHIO)	1	2	1969	HART,R.A.
STANDARD OIL (OHIO)	1	2	1969	HARNETT,J.D.
STANDARD OIL (OHIO)	1	2	1969	GLENNAN,T.K.
STANDARD OIL (OHIO)	1	2	1969	FRASER,W.
STANDARD OIL (OHIO)	1	2	1969	BUCHANAN,JR,D.W.
STANDARD OIL (OHIO)	1	2	1969	BALDWIN,E.C.
STANDARD OIL (OHIO)	1	2	1969	APPLEY,L.A.
STANDARD OIL (CALIF)	1	0	1969	MILLER,O.N.
STANDARD OIL (CALIF)	1	0	1969	HAYNES,H.J.
STANDARD OIL (CALIF)	1	0	1969	GOSLINE,J.E.
STANDARD OIL (CALIF)	1	0	1969	BOUCKE,F.C.
STANDARD OIL (CALIF)	1	0	1969	BOGART,N.T.
STANDARD OIL (CALIF)	1	0	1969	BELL,H.W.
STANDARD OIL (CALIF)	1	0	1969	BEEKHUIS,W.H.
STANDARD OIL (CALIF)	1	0	1969	BALLOU,G.T.
STANDARD OIL (CALIF)	1	2	1969	WASSON,E.H.
STANDARD OIL (CALIF)	1	2	1969	PETERSON,E.R.
STANDARD OIL (CALIF)	1	2	1969	PARKHURST,G.L.
STANDARD OIL (CALIF)	1	2	1969	O'BRIEN,J.E.
STANDARD OIL (CALIF)	1	2	1969	MILLER,O.N.
STANDARD OIL (CALIF)	1	2	1969	MC CONE,J.A.
STANDARD OIL (CALIF)	1	2	1969	LENZEN,T.L.
STANDARD OIL (CALIF)	1	2	1969	HIGGINS,J.T.
STANDARD OIL (CALIF)	1	2	1969	HAYNES,H.J.
STANDARD OIL (CALIF)	1	2	1969	GOSLINE,J.E.
STANDARD OIL (CALIF)	1	2	1969	BOWER,D.L.
STANDARD OIL (CALIF)	1	2	1969	ALLEN,W.M.
STANDARD OIL (IND)	1	0	1969	THARPE,J.M.
STANDARD OIL (IND)	1	0	1969	SWEARINGEN,J.E.
STANDARD OIL (IND)	1	0	1969	SNYDER,JR,J.T.
STANDARD OIL (IND)	1	0	1969	SMITH,F.C.
STANDARD OIL (IND)	1	0	1969	MYERS,G.V.
STANDARD OIL (IND)	1	0	1969	MAY,L.C.
STANDARD OIL (IND)	1	0	1969	GUNNESS,R.C.
STANDARD OIL (IND)	1	0	1969	FARRELL,R.J.
STANDARD OIL (IND)	1	2	1969	YOST,F.R.
STANDARD OIL (IND)	1	2	1969	YARRINGTON,B.J.
STANDARD OIL (IND)	1	2	1969	WRIGHT,J.S.
STANDARD OIL (IND)	1	2	1969	SWEARINGEN,J.E.
STANDARD OIL (IND)	1	2	1969	OSMENT,F.C.
STANDARD OIL (IND)	1	2	1969	MYERS,G.V.
STANDARD OIL (IND)	1	2	1969	MAY,L.C.
STANDARD OIL (IND)	1	2	1969	LIVINGSTON,H.J.
STANDARD OIL (IND)	1	2	1969	KIMPTON,L.A.
STANDARD OIL (IND)	1	2	1969	JOHNSTON,L.T.
STANDARD OIL (IND)	1	2	1969	GUNNESS,R.C.
STANDARD OIL (IND)	1	2	1969	FARRELL,R.J.
STANDARD OIL (IND)	1	2	1969	CUDD,H.H.
STANDARD OIL (IND)	1	2	1969	CAIN,G.R.
STANDARD OIL (IND)	1	2	1969	BUGAS,J.S.
STANDARD OIL (IND)	1	2	1969	BLAUSTEIN,J.
SUN OIL	1	0	1969	TALIAFERRO,P.E.
SUN OIL	1	0	1969	SHARBAUGH,H.R.
SUN OIL	1	0	1969	PEW,J.H.
SUN OIL	1	0	1969	JONES,D.P.
SUN OIL	1	0	1969	FOSS,R.E.
SUN OIL	1	0	1969	FERGUSON,D.W.
SUN OIL	1	0	1969	DUNLOP,R.G.
SUN OIL	1	0	1969	DONAHUE,R.W.
SUN OIL	1	2	1969	WILSON,JR,J.T.
SUN OIL	1	2	1969	TALIAFERRO,P.E.
SUN OIL	1	2	1969	SHARBAUGH,H.R.
SUN OIL	1	2	1969	SCHROEDER,K.V.
SUN OIL	1	2	1969	ROGERS,L.G.
SUN OIL	1	2	1969	RODGERS,L.G.
SUN OIL	1	2	1969	PEW,W.C.
SUN OIL	1	2	1969	PEW,J.H.
SUN OIL	1	2	1969	LAYTON,J.R.
SUN OIL	1	2	1969	JONES,D.P.
SUN OIL	1	2	1969	HENRY,R.P.
SUN OIL	1	2	1969	FOSS,E.R.
SUN OIL	1	2	1969	FERGUSON,D.W.
SUN OIL	1	2	1969	DUNLOP,R.G.
SUN OIL	1	2	1969	DOUMA,J.H.
SUN OIL	1	2	1969	DONAHUE,R.W.
SUN OIL	1	2	1969	COLLINS,J.A.
SUN OIL	1	2	1969	BRADLEY,E.R.
SUN OIL	1	2	1969	ASKEW,W.T.
UNION OIL OF CALIF.	1	0	1969	VAUGHAN,K.C.
UNION OIL OF CALIF.	1	0	1969	UGRIN,N.T.
UNION OIL OF CALIF.	1	0	1969	PARKER,C.F.
UNION OIL OF CALIF.	1	0	1969	HARTLEY,F.L.
UNION OIL OF CALIF.	1	0	1969	GREGG,D.G.
UNION OIL OF CALIF.	1	0	1969	BURKE,R.A.
UNION OIL OF CALIF.	1	0	1969	BUNGAY,R.H.
UNION OIL OF CALIF.	1	0	1969	BRINEGAR,C.S.
UNION OIL OF CALIF.	1	2	1969	VAUGHAN,K.C.
UNION OIL OF CALIF.	1	2	1969	THORNTON,C.B.
UNION OIL OF CALIF.	1	2	1969	STEWART,A.C.
UNION OIL OF CALIF.	1	2	1969	PARKER,C.F.
UNION OIL OF CALIF.	1	2	1969	MUDD,H.T.
UNION OIL OF CALIF.	1	2	1969	MILLIGAN,R.L.
UNION OIL OF CALIF.	1	2	1969	HUNT,R.O.
UNION OIL OF CALIF.	1	2	1969	HARTLEY,F.L.
UNION OIL OF CALIF.	1	2	1969	HALE,P.C.
UNION OIL OF CALIF.	1	2	1969	DOHENY,W.H.
UNION OIL OF CALIF.	1	2	1969	DIGIORGIO,R.
UNION OIL OF CALIF.	1	2	1969	BURKE,R.A.
UNION OIL OF CALIF.	1	2	1969	BRINEGAR,C.S.
TENNECO	1	0	1969	WALSER,W.D.
TENNECO	1	0	1969	SYMONDS,G.
TENNECO	1	0	1969	SCOTT,W.E.
TENNECO	1	0	1969	MC GEE,R.E.
TENNECO	1	0	1969	FREEMAN,N.W.
TENNECO	1	0	1969	ELLIS,S.T.
TENNECO	1	0	1969	ASKIN,S.
TENNECO	1	0	1969	ALLISON,S.F.
TENNECO	1	2	1969	SYMONDS,G.
TENNECO	1	2	1969	SHLENKER,I.M.
TENNECO	1	2	1969	SCOTT,W.E.
TENNECO	1	2	1969	RUDDER,E.
TENNECO	1	2	1969	LOVETT,H.M.
TENNECO	1	2	1969	HARRIS,H.U.
TENNECO	1	2	1969	HAMILTON,C.W.
TENNECO	1	2	1969	FREEMAN,N.W.
TENNECO	1	2	1969	ELLIS,S.T.
TENNECO	1	2	1969	CAREY,W.D.P.
TENNECO	1	2	1969	BIAGGINI,B.F.
TENNECO	1	2	1969	ASKIN,S.
TENNECO	1	2	1969	ALLEN,H.
TRW	1	0	1969	WEBB,J.S.
TRW	1	0	1969	SHEPARD,H.A.
TRW	1	0	1969	RILEY,E.P.
TRW	1	0	1969	RAMO,S.
TRW	1	0	1969	PACE,S.C.
TRW	1	0	1969	METTLER,R.F.
TRW	1	0	1969	DELAUER,R.D.
TRW	1	0	1969	ALLEN,C.R.
TRW	1	2	1969	WRIGHT,J.D.
TRW	1	2	1969	WORTHINGTON,L.B.
TRW	1	2	1969	WEBB,J.S.
TRW	1	2	1969	VAUGHN,W.S.
TRW	1	2	1969	SHERWIN,J.
TRW	1	2	1969	SHEPARD,H.A.
TRW	1	2	1969	RILEY,E.P.
TRW	1	2	1969	REAVIS,J.W.
TRW	1	2	1969	RAMO,S.
TRW	1	2	1969	PACE,S.C.
TRW	1	2	1969	METTLER,R.F.
TRW	1	2	1969	CHANDLER,O.
TRW	1	2	1969	BROWN,J.T.
TRW	1	2	1969	BACHER,R.F.
TRW	1	2	1969	ALEXANDER,J.A.
WESTERN ELECTRIC	1	0	1969	WEST,J.T.
WESTERN ELECTRIC	1	0	1969	PROCKNOW,D.E.
WESTERN ELECTRIC	1	0	1969	MEHLHOUSE,H.G.
WESTERN ELECTRIC	1	0	1969	HOGIN,P.E.
WESTERN ELECTRIC	1	0	1969	CLOW,A.P.
WESTERN ELECTRIC	1	0	1969	BRANSFORD,J.R.
WESTERN ELECTRIC	1	0	1969	BERGMANN,C.R.
WESTERN ELECTRIC	1	0	1969	ACCETTURA,G.
WESTERN ELECTRIC	1	2	1969	WEST,J.T.
WESTERN ELECTRIC	1	2	1969	RETTALIATA,J.T.
WESTERN ELECTRIC	1	2	1969	PROCKNOW,D.E.
WESTERN ELECTRIC	1	2	1969	MORGAN,J.A.
WESTERN ELECTRIC	1	2	1969	MEHLHOUSE,H.G.
WESTERN ELECTRIC	1	2	1969	LAWRENCE,J.
WESTERN ELECTRIC	1	2	1969	JOHNSON,R.H.
WESTERN ELECTRIC	1	2	1969	HOGIN,P.E.
WESTERN ELECTRIC	1	2	1969	HELM,H.H.
WESTERN ELECTRIC	1	2	1969	GUSHMAN,J.L.
WESTERN ELECTRIC	1	2	1969	FLETCHER,S.H.
WESTERN ELECTRIC	1	2	1969	CLOW,A.P.
WESTERN ELECTRIC	1	2	1969	BRANSFORD,J.R.
WESTERN ELECTRIC	1	2	1969	BICKMORE,L.S.
WESTERN ELECTRIC	1	2	1969	BANCROFT,T.M.
WESTERN ELECTRIC	1	2	1969	ANDRE,F.J.
UNITED AIRCRAFT	1	0	1969	SMITH,A.E.
UNITED AIRCRAFT	1	0	1969	ROBBINS,W.R.
UNITED AIRCRAFT	1	0	1969	PRATT,P.W.
UNITED AIRCRAFT	1	0	1969	MARTIN,E.
UNITED AIRCRAFT	1	0	1969	MALLET,L.C.
UNITED AIRCRAFT	1	0	1969	LARGE,E.W.
UNITED AIRCRAFT	1	0	1969	GWINN,W.P.
UNITED AIRCRAFT	1	0	1969	DIEFENDERFER,W.E.
UNITED AIRCRAFT	1	2	1969	VANSINDEREN,A.W.
UNITED AIRCRAFT	1	2	1969	STEVER,H.G.
UNITED AIRCRAFT	1	2	1969	SMITH,O.D.
UNITED AIRCRAFT	1	2	1969	SMITH,A.E.
UNITED AIRCRAFT	1	2	1969	SEITZ,F.
UNITED AIRCRAFT	1	2	1969	ROBBINS,W.R.
UNITED AIRCRAFT	1	2	1969	MOORE,G.S.
UNITED AIRCRAFT	1	2	1969	MARTIN,E.
UNITED AIRCRAFT	1	2	1969	MALLET,L.C.
UNITED AIRCRAFT	1	2	1969	HORNER,H.M.
UNITED AIRCRAFT	1	2	1969	HEWITT,D.C.
UNITED AIRCRAFT	1	2	1969	GWINN,W.P.
UNITED AIRCRAFT	1	2	1969	DEWITT,J.D.
UNITED AIRCRAFT	1	2	1969	BERRY,H.J.
UNITED AIRCRAFT	1	2	1969	BARTHOLOMEW,D.T.
U.S. PLYWOOD-CHAMPION PAPERS	1	0	1969	WATKINS,G.H.
U.S. PLYWOOD-CHAMPION PAPERS	1	0	1969	TEICHMEIER,A.W.
U.S. PLYWOOD-CHAMPION PAPERS	1	0	1969	SUND,R.J.
U.S. PLYWOOD-CHAMPION PAPERS	1	0	1969	MACKENZIE,A.
U.S. PLYWOOD-CHAMPION PAPERS	1	0	1969	INGRAM,JR,G.
U.S. PLYWOOD-CHAMPION PAPERS	1	0	1969	DAU,F.J.
U.S. PLYWOOD-CHAMPION PAPERS	1	0	1969	CLARSON,J.J.
U.S. PLYWOOD-CHAMPION PAPERS	1	0	1969	BENDETSEN,K.R.
U.S. PLYWOOD-CHAMPION PAPERS	1	2	1969	WATKINS,G.H.
U.S. PLYWOOD-CHAMPION PAPERS	1	2	1969	THOMSON,D.J.
U.S. PLYWOOD-CHAMPION PAPERS	1	2	1969	TEICHMEIER,A.W.
U.S. PLYWOOD-CHAMPION PAPERS	1	2	1969	SUND,R.J.
U.S. PLYWOOD-CHAMPION PAPERS	1	2	1969	SEVERSON,W.R.
U.S. PLYWOOD-CHAMPION PAPERS	1	2	1969	RANDALL,H.T.
U.S. PLYWOOD-CHAMPION PAPERS	1	2	1969	PETERKIN,JR,D.
U.S. PLYWOOD-CHAMPION PAPERS	1	2	1969	INGRAM,JR,G.
U.S. PLYWOOD-CHAMPION PAPERS	1	2	1969	HILL,G.M.
U.S. PLYWOOD-CHAMPION PAPERS	1	2	1969	HALL,J.B.
U.S. PLYWOOD-CHAMPION PAPERS	1	2	1969	FERGUSON,F.E.
U.S. PLYWOOD-CHAMPION PAPERS	1	2	1969	DAU,F.J.
U.S. PLYWOOD-CHAMPION PAPERS	1	2	1969	CARPENTER,L.G.
U.S. PLYWOOD-CHAMPION PAPERS	1	2	1969	BENE,J.
U.S. PLYWOOD-CHAMPION PAPERS	1	2	1969	BENDESTEN,K.R.
U.S. PLYWOOD-CHAMPION PAPERS	1	2	1969	ANTOVILLE,S.W.
U.S. PLYWOOD-CHAMPION PAPERS	1	2	1969	ANDERSON,D.
WEYERHAEUSER TIMBER	1	0	1969	WEYERHAEUSER,G.H.
WEYERHAEUSER TIMBER	1	0	1969	ROBISON,M.
WEYERHAEUSER TIMBER	1	0	1969	NOLAN,J.E.
WEYERHAEUSER TIMBER	1	0	1969	MORGAN,JR,H.E.
WEYERHAEUSER TIMBER	1	0	1969	KNUDSEN,C.C.
WEYERHAEUSER TIMBER	1	0	1969	CLAPP,N.
WEYERHAEUSER TIMBER	1	0	1969	BINGHAM,C.W.
WEYERHAEUSER TIMBER	1	0	1969	ARAM,J.L.
WEYERHAEUSER TIMBER	1	2	1969	WILSON,R.B.
WEYERHAEUSER TIMBER	1	2	1969	WEYERHAEUSER,G.H.
WEYERHAEUSER TIMBER	1	2	1969	WEYERHAEUSER,C.D.
WEYERHAEUSER TIMBER	1	2	1969	TAYLOR,T.C.
WEYERHAEUSER TIMBER	1	2	1969	RAWLINGS,E.W.
WEYERHAEUSER TIMBER	1	2	1969	O'BRIEN,R.D.
WEYERHAEUSER TIMBER	1	2	1969	NOLAN,J.E.
WEYERHAEUSER TIMBER	1	2	1969	MUSSER,J.M.
WEYERHAEUSER TIMBER	1	2	1969	KIECKHEFER,R.H.
WEYERHAEUSER TIMBER	1	2	1969	INGRAM,E.B.
WEYERHAEUSER TIMBER	1	2	1969	HAUBERG,J.H.
WEYERHAEUSER TIMBER	1	2	1969	CLAPP,N.
WEYERHAEUSER TIMBER	1	2	1969	BLUNT,C.
WEYERHAEUSER TIMBER	1	2	1969	ALLEN,W.M.
XEROX	1	0	1969	WILSON,J.C.
XEROX	1	0	1969	TELISCHAK,A.N.
XEROX	1	0	1969	RUTLEDGE,J.W.
XEROX	1	0	1969	PALEVSKY,M.
XEROX	1	0	1969	MC COLOUGH,C.P.
XEROX	1	0	1969	MC CARDELL,A.R.
XEROX	1	0	1969	KAPLAN,S.
XEROX	1	0	1969	FLAVIN,J.B.
XEROX	1	2	1969	WILSON,J.C.
XEROX	1	2	1969	TRIPP,H.W.
XEROX	1	2	1969	SHUMWAY,F.R.
XEROX	1	2	1969	RUTLEDGE,J.W.
XEROX	1	2	1969	ROCK,A.
XEROX	1	2	1969	REMINGTON,J.W.
XEROX	1	2	1969	PALEVSKY,M.
XEROX	1	2	1969	MC GURK,D.L.
XEROX	1	2	1969	MC COLOUGH,C.P.
XEROX	1	2	1969	MC CARDELL,A.R.
XEROX	1	2	1969	KAPLAN,S.
XEROX	1	2	1969	HAY,R.A.
XEROX	1	2	1969	HAIGH,R.W.
XEROX	1	2	1969	GOLDMAN,J.E.
XEROX	1	2	1969	GLAVIN,C.C.
XEROX	1	2	1969	FLAVIN,J.B.
XEROX	1	2	1969	DESSAUER,J.H.
XEROX	1	2	1969	DAVIS,J.
XEROX	1	2	1969	BRUGLER,M.
XEROX	1	2	1969	BARDEEN,J.
CHESAPEAKE & OHIO	2	0	1969	ZARFOSS,C.R.
CHESAPEAKE & OHIO	2	0	1969	WATKINS,JR,H.T.
CHESAPEAKE & OHIO	2	0	1969	MC GOWAN,R.C.
CHESAPEAKE & OHIO	2	0	1969	EKIN,K.H.
CHESAPEAKE & OHIO	2	0	1969	EATON,C.S.
CHESAPEAKE & OHIO	2	0	1969	DEVINE,G.S.
CHESAPEAKE & OHIO	2	0	1969	COWAN,C.V.
CHESAPEAKE & OHIO	2	0	1969	CLARKE,OWE
CHESAPEAKE & OHIO	2	2	1969	LEFEVRE,F.A.
CHESAPEAKE & OHIO	2	2	1969	KUSIK,J.E.
CHESAPEAKE & OHIO	2	2	1969	FERGER,R.H.
CHESAPEAKE & OHIO	2	2	1969	EISENHOWER,M.S.
CHESAPEAKE & OHIO	2	2	1969	EATON,JR,C.S.
CHESAPEAKE & OHIO	2	2	1969	EATON,C.S.
CHESAPEAKE & OHIO	2	2	1969	DEVINE,G.S.
CHICAGO, MILWAUKEE & ST.PAUL	2	0	1969	WORLEY,B.J.
CHICAGO, MILWAUKEE & ST.PAUL	2	0	1969	SCHIEWE,E.O.
CHICAGO, MILWAUKEE & ST.PAUL	2	0	1969	QUINN,W.J.
CHICAGO, MILWAUKEE & ST.PAUL	2	0	1969	MC GINN,F.G.
CHICAGO, MILWAUKEE & ST.PAUL	2	0	1969	LUTTERMAN,B.E.
CHICAGO, MILWAUKEE & ST.PAUL	2	0	1969	KRONBERG,G.H.
CHICAGO, MILWAUKEE & ST.PAUL	2	0	1969	KRATOCHWILL,R.F.
CHICAGO, MILWAUKEE & ST.PAUL	2	0	1969	CRIPPEN,C.E.
CHICAGO, MILWAUKEE & ST.PAUL	2	2	1969	WIRTZ,A.M.
CHICAGO, MILWAUKEE & ST.PAUL	2	2	1969	WAGNER,J.P.
CHICAGO, MILWAUKEE & ST.PAUL	2	2	1969	SCHMICK,F.B.
CHICAGO, MILWAUKEE & ST.PAUL	2	2	1969	QUINN,W.J.
CHICAGO, MILWAUKEE & ST.PAUL	2	2	1969	QUARLES,L.
CHICAGO, MILWAUKEE & ST.PAUL	2	2	1969	PILLSBURY,P.W.
CHICAGO, MILWAUKEE & ST.PAUL	2	2	1969	O'MALLEY,P.L.
CHICAGO, MILWAUKEE & ST.PAUL	2	2	1969	MC GINN,F.G.
CHICAGO, MILWAUKEE & ST.PAUL	2	2	1969	MAUN,J.A.
CHICAGO, MILWAUKEE & ST.PAUL	2	2	1969	LANNAN,J.P.
CHICAGO, MILWAUKEE & ST.PAUL	2	2	1969	FROELICH,W.J.
CHICAGO, MILWAUKEE & ST.PAUL	2	2	1969	CROWLEY,L.T.
CHICAGO, MILWAUKEE & ST.PAUL	2	2	1969	CRIPPEN,C.E.
CHICAGO, MILWAUKEE & ST.PAUL	2	2	1969	BOWES,A.S.
LOUISVILLE & NASHVILLE	2	0	1969	YATES,C.R.
LOUISVILLE & NASHVILLE	2	0	1969	WHITSETT,W.G.
LOUISVILLE & NASHVILLE	2	0	1969	MC GUIRK,W.E.
LOUISVILLE & NASHVILLE	2	0	1969	LANIER,P.M.
LOUISVILLE & NASHVILLE	2	0	1969	KENDALL,W.H.
LOUISVILLE & NASHVILLE	2	0	1969	BROOKE,F.D.
LOUISVILLE & NASHVILLE	2	0	1969	BISHA,R.E.
LOUISVILLE & NASHVILLE	2	0	1969	ADKINS,L.W.
LOUISVILLE & NASHVILLE	2	2	1969	YATES,C.R.
LOUISVILLE & NASHVILLE	2	2	1969	VOGTLE,JR,A.W.
LOUISVILLE & NASHVILLE	2	2	1969	SMITH,J.W.
LOUISVILLE & NASHVILLE	2	2	1969	RICE,W.T.
LOUISVILLE & NASHVILLE	2	2	1969	RADCLIFF,JR,R.H.
LOUISVILLE & NASHVILLE	2	2	1969	OSBORN,P.F.
LOUISVILLE & NASHVILLE	2	2	1969	OLIVER,L.E.
LOUISVILLE & NASHVILLE	2	2	1969	MORTON,W.H.
LOUISVILLE & NASHVILLE	2	2	1969	MC GUIRK,JR,W.E.
LOUISVILLE & NASHVILLE	2	2	1969	MC GOWIN,N.F.
LOUISVILLE & NASHVILLE	2	2	1969	LANIER,P.M.
LOUISVILLE & NASHVILLE	2	2	1969	KENDALL,W.H.
LOUISVILLE & NASHVILLE	2	2	1969	HANCOCK,JR,A.B.
LOUISVILLE & NASHVILLE	2	2	1969	FLEMING,S.M.
LOUISVILLE & NASHVILLE	2	2	1969	ECK,J.R.
LOUISVILLE & NASHVILLE	2	2	1969	COOPER,JR,J.C.
MISSOURI PACIFIC	2	0	1969	MARBURY,W.G.
MISSOURI PACIFIC	2	0	1969	MANION,D.L.
MISSOURI PACIFIC	2	0	1969	LLOYD,J.H.
MISSOURI PACIFIC	2	0	1969	JENKS,D.B.
MISSOURI PACIFIC	2	0	1969	HOFFMEISTER,H.M.
MISSOURI PACIFIC	2	0	1969	HENNELLY,M.M.
MISSOURI PACIFIC	2	0	1969	CRAFT,R.H.
MISSOURI PACIFIC	2	0	1969	AUSTIN,J.A.
MISSOURI PACIFIC	2	2	1969	TERRY,R.V.
MISSOURI PACIFIC	2	2	1969	SUGGS,J.T.
MISSOURI PACIFIC	2	2	1969	MILBANK,T.F.
MISSOURI PACIFIC	2	2	1969	MARBURY,W.G.
MISSOURI PACIFIC	2	2	1969	MANLEY,A.W.
MISSOURI PACIFIC	2	2	1969	KEMPER,JR,J.M.
MISSOURI PACIFIC	2	2	1969	JOHNSON,J.L.
MISSOURI PACIFIC	2	2	1969	JENKS,D.B.
MISSOURI PACIFIC	2	2	1969	GUSSMAN,H.
MISSOURI PACIFIC	2	2	1969	GOODSON,R.A.
MISSOURI PACIFIC	2	2	1969	DIXON,S.M.
MISSOURI PACIFIC	2	2	1969	DAVIS,T.C.
MISSOURI PACIFIC	2	2	1969	CRAFT,R.H.
MISSOURI PACIFIC	2	2	1969	COOK,S.B.
MISSOURI PACIFIC	2	2	1969	BATES,W.B.
NORFOLK & WESTERN	2	0	1969	REDMAN,H.M.
NORFOLK & WESTERN	2	0	1969	FORBES,L.T.
NORFOLK & WESTERN	2	0	1969	FISHWICK,J.P.
NORFOLK & WESTERN	2	0	1969	DUNLAP,R.F.
NORFOLK & WESTERN	2	0	1969	CLEMENT,W.S.
NORFOLK & WESTERN	2	0	1969	CLAYTOR,R.B.
NORFOLK & WESTERN	2	0	1969	CARR,J.E.
NORFOLK & WESTERN	2	0	1969	BARRETT,J.A.
NORFOLK & WESTERN	2	2	1969	WINDING,C.A.
NORFOLK & WESTERN	2	2	1969	SHOEMAKER,G.A.
NORFOLK & WESTERN	2	2	1969	SALVATI,R.E.
NORFOLK & WESTERN	2	2	1969	ROWLAND,R.E.
NORFOLK & WESTERN	2	2	1969	REDMAN,H.M.
NORFOLK & WESTERN	2	2	1969	PEVLER,H.H.
NORFOLK & WESTERN	2	2	1969	PAYSON,H.S.
NORFOLK & WESTERN	2	2	1969	LOWE,W.S.
NORFOLK & WESTERN	2	2	1969	FISHWICK,J.P.
NORFOLK & WESTERN	2	2	1969	CLAYTOR,R.B.
ST.LOUIS & SAN FRANCISCO	2	0	1969	RAYBURN,G.M.
ST.LOUIS & SAN FRANCISCO	2	0	1969	PARKER,H.B.
ST.LOUIS & SAN FRANCISCO	2	0	1969	MC CULLOUGH,J.E.
ST.LOUIS & SAN FRANCISCO	2	0	1969	GRINNELL,JR,E.D.
ST.LOUIS & SAN FRANCISCO	2	0	1969	GRAYSON,R.C.
ST.LOUIS & SAN FRANCISCO	2	0	1969	GILLILAND,J.E.
ST.LOUIS & SAN FRANCISCO	2	0	1969	BROWN,J.H.
ST.LOUIS & SAN FRANCISCO	2	0	1969	BESHEARS,J.K.
ST.LOUIS & SAN FRANCISCO	2	2	1969	WHITEHEAD,C.P.
ST.LOUIS & SAN FRANCISCO	2	2	1969	STUART,L.B.
ST.LOUIS & SAN FRANCISCO	2	2	1969	STEIN,E.H.
ST.LOUIS & SAN FRANCISCO	2	2	1969	SAYRE,J.S.
ST.LOUIS & SAN FRANCISCO	2	2	1969	RIGGS,III,L.
ST.LOUIS & SAN FRANCISCO	2	2	1969	MC DONNELL,W.A.
ST.LOUIS & SAN FRANCISCO	2	2	1969	MC CLINTOCK,F.G.
ST.LOUIS & SAN FRANCISCO	2	2	1969	GRINNELL,JR,E.D.
ST.LOUIS & SAN FRANCISCO	2	2	1969	GRAYSON,R.C.
ST.LOUIS & SAN FRANCISCO	2	2	1969	GOODMAN,B.K.
ST.LOUIS & SAN FRANCISCO	2	2	1969	GILLILAND,J.E.
ST.LOUIS & SAN FRANCISCO	2	2	1969	DEACY,JR,T.E.
ST.LOUIS & SAN FRANCISCO	2	2	1969	DAWSON,JR,D.E.
ST.LOUIS & SAN FRANCISCO	2	2	1969	CULVER,JR,B.B.
ST.LOUIS & SAN FRANCISCO	2	2	1969	COOK,E.W.
SOUTHERN	2	0	1969	PAUL,G.S.
SOUTHERN	2	0	1969	MC GLOTHLIN,J.H.
SOUTHERN	2	0	1969	HAMILTON,R.S.
SOUTHERN	2	0	1969	DIVINE,W.R.
SOUTHERN	2	0	1969	CROW,J.S.
SOUTHERN	2	0	1969	CRANE,L.S.
SOUTHERN	2	0	1969	CLAYTOR,JR,W.G.
SOUTHERN	2	0	1969	BURKE,W.V.
SOUTHERN	2	2	1969	WOOLLEY,K.
SOUTHERN	2	2	1969	WOODRUFF,R.W.
SOUTHERN	2	2	1969	MILBANK,J.
SOUTHERN	2	2	1969	LEISENRING,JR,E.B.
SOUTHERN	2	2	1969	LEACH,R.F.
SOUTHERN	2	2	1969	HOWARD,L.F.
SOUTHERN	2	2	1969	DEBUTTS,H.A.
SOUTHERN	2	2	1969	DAVIS,A.K.
SOUTHERN	2	2	1969	CLAYTOR,JR,W.G.
SOUTHERN	2	2	1969	BRYAN,D.T.
SOUTHERN	2	2	1969	BROSNAN,D.W.
SOUTHERN	2	2	1969	BOND,W.R.
SEABOARD AIR LINE	2	0	1969	ZOLL,JR,E.J.
SEABOARD AIR LINE	2	0	1969	WAY,F.
SEABOARD AIR LINE	2	0	1969	STANLEY,JR,J.A.
SEABOARD AIR LINE	2	0	1969	RICE,W.T.
SEABOARD AIR LINE	2	0	1969	OSBORN,P.F.
SEABOARD AIR LINE	2	0	1969	HASTINGS,D.C.
SEABOARD AIR LINE	2	0	1969	GETTY,J.R.
SEABOARD AIR LINE	2	0	1969	EMERSON,H.M.
SEABOARD AIR LINE	2	2	1969	WOLBACH,W.W.
SEABOARD AIR LINE	2	2	1969	SMITH,J.W.
SEABOARD AIR LINE	2	2	1969	SLATER,R.E.
SEABOARD AIR LINE	2	2	1969	RUFFIN,P.B.
SEABOARD AIR LINE	2	2	1969	ROE,E.C.
SEABOARD AIR LINE	2	2	1969	RICE,W.T.
SEABOARD AIR LINE	2	2	1969	OSBORN,P.F.
SEABOARD AIR LINE	2	2	1969	MORTON,W.F.
SEABOARD AIR LINE	2	2	1969	MICKEL,B.
SEABOARD AIR LINE	2	2	1969	MC GUIRK,JR,W.E.
SEABOARD AIR LINE	2	2	1969	LYKES,C.P.
SEABOARD AIR LINE	2	2	1969	LUMPKIN,J.H.
SEABOARD AIR LINE	2	2	1969	LASSITER,JR,R.
SEABOARD AIR LINE	2	2	1969	KELLY,R.M.
SEABOARD AIR LINE	2	2	1969	HATCH,E.I.
SEABOARD AIR LINE	2	2	1969	GOTTWALD,JR,F.D.
SEABOARD AIR LINE	2	2	1969	FRANKLAND,W.H.
SEABOARD AIR LINE	2	2	1969	DIAL,W.H.
SEABOARD AIR LINE	2	2	1969	DANIEL,K.R.
SEABOARD AIR LINE	2	2	1969	DANIEL,J.J.
SEABOARD AIR LINE	2	2	1969	COOPER,JR,J.C.
SEABOARD AIR LINE	2	2	1969	CALDER,JR,A.
SEABOARD AIR LINE	2	2	1969	BLACK,K.E.
SEABOARD AIR LINE	2	2	1969	ACHENBACH,G.H.
UNION PACIFIC	2	0	1969	SUTTON,R.M.
UNION PACIFIC	2	0	1969	KENEFICK,J.C.
UNION PACIFIC	2	0	1969	HARRIMAN,E.R.
UNION PACIFIC	2	0	1969	GERRY,E.T.
UNION PACIFIC	2	0	1969	EVANS,J.H.
UNION PACIFIC	2	0	1969	COOK,W.S.
UNION PACIFIC	2	0	1969	BARNETT,F.E.
UNION PACIFIC	2	0	1969	BAILEY,E.H.
UNION PACIFIC	2	2	1969	TAYLOR,JR,V.F.
UNION PACIFIC	2	2	1969	SUTTON,R.M.
UNION PACIFIC	2	2	1969	SINCLAIR,J.S.
UNION PACIFIC	2	2	1969	ROSSWORN,C.W.
UNION PACIFIC	2	2	1969	MULLENDORE,W.C.
UNION PACIFIC	2	2	1969	MOORE,G.S.
UNION PACIFIC	2	2	1969	LOVETT,R.A.
UNION PACIFIC	2	2	1969	LEE,H.B.
UNION PACIFIC	2	2	1969	LAWLER,O.T.
UNION PACIFIC	2	2	1969	HARRIMAN,E.R.
UNION PACIFIC	2	2	1969	GRANT,W.D.
UNION PACIFIC	2	2	1969	GERRY,E.T.
UNION PACIFIC	2	2	1969	GATES,A.L.
UNION PACIFIC	2	2	1969	FLETCHER,W.D.
UNION PACIFIC	2	2	1969	EVANS,J.H.
UNION PACIFIC	2	2	1969	ECCLES,G.S.
UNION PACIFIC	2	2	1969	CLARK,W.D.
UNION PACIFIC	2	2	1969	BROWN,C.C.
UNION PACIFIC	2	2	1969	BARNETT,F.E.
UNION PACIFIC	2	2	1969	BALDRIDGE,E.
UNION PACIFIC	2	2	1969	BAILEY,E.H.
CHICAGO, ROCK ISLAND & PACIFIC	2	0	1969	WILKINSON,E.F.
CHICAGO, ROCK ISLAND & PACIFIC	2	0	1969	MALLERY,G.E.
CHICAGO, ROCK ISLAND & PACIFIC	2	0	1969	KIEWIT,P.
CHICAGO, ROCK ISLAND & PACIFIC	2	0	1969	KASIURAK,P.A.
CHICAGO, ROCK ISLAND & PACIFIC	2	0	1969	HATCHER,A.F.
CHICAGO, ROCK ISLAND & PACIFIC	2	0	1969	DIXON,W.J.
CHICAGO, ROCK ISLAND & PACIFIC	2	0	1969	DESCH,T.E.
CHICAGO, ROCK ISLAND & PACIFIC	2	0	1969	BUFFALO,J.B.
CHICAGO, ROCK ISLAND & PACIFIC	2	2	1969	WHITMORE,C.H.
CHICAGO, ROCK ISLAND & PACIFIC	2	2	1969	NORRIS,B.A.
CHICAGO, ROCK ISLAND & PACIFIC	2	2	1969	MAYER,F.M.
CHICAGO, ROCK ISLAND & PACIFIC	2	2	1969	LANGDON,JR,J.
CHICAGO, ROCK ISLAND & PACIFIC	2	2	1969	KIEWIT,P.
CHICAGO, ROCK ISLAND & PACIFIC	2	2	1969	HEYMANN,W.M.
CHICAGO, ROCK ISLAND & PACIFIC	2	2	1969	FAEGRE,J.B.
CHICAGO, ROCK ISLAND & PACIFIC	2	2	1969	DIXON,W.J.
CHICAGO, ROCK ISLAND & PACIFIC	2	2	1969	DESCH,T.E.
CHICAGO, ROCK ISLAND & PACIFIC	2	2	1969	D'ARCY,JR,J.
CHICAGO, ROCK ISLAND & PACIFIC	2	2	1969	DARBY,H.
CHICAGO, ROCK ISLAND & PACIFIC	2	2	1969	CROWN,H.
CHICAGO, ROCK ISLAND & PACIFIC	2	2	1969	BUTLER,R.C.
CHICAGO, ROCK ISLAND & PACIFIC	2	2	1969	BOHEN,F.
CHICAGO, ROCK ISLAND & PACIFIC	2	2	1969	ARIAS,S.R.
CHICAGO, ROCK ISLAND & PACIFIC	2	2	1969	ADAMS,E.
SOUTHERN PACIFIC	2	0	1969	RUSSELL,D.J.
SOUTHERN PACIFIC	2	0	1969	REID,J.B.
SOUTHERN PACIFIC	2	0	1969	LARSON,E.J.
SOUTHERN PACIFIC	2	0	1969	KRIEBEL,F.E.
SOUTHERN PACIFIC	2	0	1969	JAEKLE,W.M.
SOUTHERN PACIFIC	2	0	1969	HOYT,L.E.
SOUTHERN PACIFIC	2	0	1969	FURTH,A.C.
SOUTHERN PACIFIC	2	0	1969	BIAGGINI,B.F.
SOUTHERN PACIFIC	2	2	1969	SYMONDS,G.
SOUTHERN PACIFIC	2	2	1969	SWINDELLS,W.S.
SOUTHERN PACIFIC	2	2	1969	RUSSELL,D.J.
SOUTHERN PACIFIC	2	2	1969	PERKINS,R.S.
SOUTHERN PACIFIC	2	2	1969	MUDD,H.T.
SOUTHERN PACIFIC	2	2	1969	MILLER,R.K.
SOUTHERN PACIFIC	2	2	1969	MAGOWAN,R.A.
SOUTHERN PACIFIC	2	2	1969	ISAACS,K.L.
SOUTHERN PACIFIC	2	2	1969	HARRIS,H.U.
SOUTHERN PACIFIC	2	2	1969	GRANT,R.A.
SOUTHERN PACIFIC	2	2	1969	EVANS,T.M.
SOUTHERN PACIFIC	2	2	1969	DAVIES,P.L.
SOUTHERN PACIFIC	2	2	1969	BIAGGINI,B.F.
SOUTHERN PACIFIC	2	2	1969	BECHTEL,S.D.
SOUTHERN PACIFIC	2	2	1969	BECHTEL,JR,S.D.
SOUTHERN PACIFIC	2	2	1969	ALDRICH,M.P.
UNITED AIR LINES	2	0	1969	WILLIAMSON,I.E.
UNITED AIR LINES	2	0	1969	RUDDICK,R.M.
UNITED AIR LINES	2	0	1969	ROTH,I.C
UNITED AIR LINES	2	0	1969	ROBERTSON,R.H.
UNITED AIR LINES	2	0	1969	MC ELEAN,C.F.
UNITED AIR LINES	2	0	1969	KECK,G.E.
UNITED AIR LINES	2	0	1969	DIMPFL,R.A.
UNITED AIR LINES	2	0	1969	BARKES,C.
UNITED AIR LINES	2	2	1969	WHITLOCK,M.
UNITED AIR LINES	2	2	1969	STUART,JR,R.D.
UNITED AIR LINES	2	2	1969	STOUFFER,V.
UNITED AIR LINES	2	2	1969	NORSTAD,L.
UNITED AIR LINES	2	2	1969	NIELSEN,A.
UNITED AIR LINES	2	2	1969	NICHOLS,B.J.
UNITED AIR LINES	2	2	1969	MITCHELL,J.J.
UNITED AIR LINES	2	2	1969	MC ERLEAN,C.F.
UNITED AIR LINES	2	2	1969	LUCE,C.F.
UNITED AIR LINES	2	2	1969	KNUDSEN,S.E.
UNITED AIR LINES	2	2	1969	KECK,G.E.
UNITED AIR LINES	2	2	1969	JOHNSON,R.E.
UNITED AIR LINES	2	2	1969	HIMMELMAN,L.P.
UNITED AIR LINES	2	2	1969	GLEED,T.F.
UNITED AIR LINES	2	2	1969	DART,J.W.
UNITED AIR LINES	2	2	1969	COWLES,G.
UNITED AIR LINES	2	2	1969	CARLSON,E.L.
UNITED AIR LINES	2	2	1969	BROWN,H.T.
UNITED AIR LINES	2	2	1969	BARKES,C.
AMERICAN AIRLINES	2	0	1969	WARDE,G.A.
AMERICAN AIRLINES	2	0	1969	STEWART,JR,W.D.
AMERICAN AIRLINES	2	0	1969	SPATER,G.A.
AMERICAN AIRLINES	2	0	1969	SADLER,M.
AMERICAN AIRLINES	2	0	1969	OVERBECK,G.E.
AMERICAN AIRLINES	2	0	1969	MULLINS,F.J.
AMERICAN AIRLINES	2	0	1969	MOORE,J.W.
AMERICAN AIRLINES	2	0	1969	LLOYD-JONES,D.J.
AMERICAN AIRLINES	2	2	1969	WILLIAMS,JR,E.F.
AMERICAN AIRLINES	2	2	1969	SPATER,G.A.
AMERICAN AIRLINES	2	2	1969	SADLER,M.
AMERICAN AIRLINES	2	2	1969	QUESADA,E.R.
AMERICAN AIRLINES	2	2	1969	PERKINS,C.D.
AMERICAN AIRLINES	2	2	1969	MILLER,R.W.
AMERICAN AIRLINES	2	2	1969	LEITCH,J.D.
AMERICAN AIRLINES	2	2	1969	GRIFFITH,B.P.
AMERICAN AIRLINES	2	2	1969	GRAHAM,D.M.
AMERICAN AIRLINES	2	2	1969	GARDNER,J.W.
AMERICAN AIRLINES	2	2	1969	FLEISCHMANN,M.
AMERICAN AIRLINES	2	2	1969	FISHER,III,C.T.
AMERICAN AIRLINES	2	2	1969	CARTER,JR,A.G.
AMERICAN AIRLINES	2	2	1969	CANDY,JR,W.W.
AMERICAN AIRLINES	2	2	1969	BURR,F.H.
AMERICAN AIRLINES	2	2	1969	BURGESS,C.L.
AMERICAN AIRLINES	2	2	1969	BESSE,R.M.
AMERICAN AIRLINES	2	2	1969	AZCARRAGA,G.
AMERICAN AIRLINES	2	2	1969	ASTON,J.W.
PAN AMERICAN WORLD AIR LINES	2	0	1969	TRIPPE,J.T.
PAN AMERICAN WORLD AIR LINES	2	0	1969	KUTER,L.S.
PAN AMERICAN WORLD AIR LINES	2	0	1969	HALABY,N.E.
PAN AMERICAN WORLD AIR LINES	2	0	1969	GATES,J.B.
PAN AMERICAN WORLD AIR LINES	2	0	1969	FLANAGAN,T.J.
PAN AMERICAN WORLD AIR LINES	2	0	1969	FERGUSON,R.G.
PAN AMERICAN WORLD AIR LINES	2	0	1969	DAVIS,F.F.
PAN AMERICAN WORLD AIR LINES	2	0	1969	BLAKE,N.P.
PAN AMERICAN WORLD AIR LINES	2	2	1969	WATSON,A.K.
PAN AMERICAN WORLD AIR LINES	2	2	1969	VANCE,C.R.
PAN AMERICAN WORLD AIR LINES	2	2	1969	TRIPPE,J.T.
PAN AMERICAN WORLD AIR LINES	2	2	1969	STANTON,F.
PAN AMERICAN WORLD AIR LINES	2	2	1969	SCRANTON,W.W.
PAN AMERICAN WORLD AIR LINES	2	2	1969	ROCKEFELLER,J.S.
PAN AMERICAN WORLD AIR LINES	2	2	1969	PIRIE,J.C.
PAN AMERICAN WORLD AIR LINES	2	2	1969	LINDBERGH,C.A.
PAN AMERICAN WORLD AIR LINES	2	2	1969	LESLIE,J.C.
PAN AMERICAN WORLD AIR LINES	2	2	1969	INGALLS,D.S.
PAN AMERICAN WORLD AIR LINES	2	2	1969	HAMILL,R.L.
PAN AMERICAN WORLD AIR LINES	2	2	1969	HALABY,N.E.
PAN AMERICAN WORLD AIR LINES	2	2	1969	GRUENTHER,A.M.
PAN AMERICAN WORLD AIR LINES	2	2	1969	GATES,J.B.
PAN AMERICAN WORLD AIR LINES	2	2	1969	FERGUSON,R.G.
PAN AMERICAN WORLD AIR LINES	2	2	1969	DAVID,D.K.
PAN AMERICAN WORLD AIR LINES	2	2	1969	CHANDLER,O.
PAN AMERICAN WORLD AIR LINES	2	2	1969	ANDERSON,R.B.
PAN AMERICAN WORLD AIR LINES	2	2	1969	ADAMS,C.F.
TRANSWORLD AIRLINES	2	0	1969	WISER,JR,F.C.
TRANSWORLD AIRLINES	2	0	1969	TILLINGHAST,JR,C.C
TRANSWORLD AIRLINES	2	0	1969	SMART,L.E.
TRANSWORLD AIRLINES	2	0	1969	ENGLISH,W.G.
TRANSWORLD AIRLINES	2	0	1969	CROMBIE,D.J.
TRANSWORLD AIRLINES	2	0	1969	CRANDALL,R.L.
TRANSWORLD AIRLINES	2	0	1969	COOKE,B.
TRANSWORLD AIRLINES	2	0	1969	BRENNER,M.A.
TRANSWORLD AIRLINES	2	2	1969	WISER,JR,F.C.
TRANSWORLD AIRLINES	2	2	1969	VALENTI,J.
TRANSWORLD AIRLINES	2	2	1969	TUTTLE,H.P.
TRANSWORLD AIRLINES	2	2	1969	TILLINGHAST,JR,C.C
TRANSWORLD AIRLINES	2	2	1969	THORNTON,C.B.
TRANSWORLD AIRLINES	2	2	1969	SOMMER,C.H.
TRANSWORLD AIRLINES	2	2	1969	SMART,JR,L.E.
TRANSWORLD AIRLINES	2	2	1969	SLACK,T.A.
TRANSWORLD AIRLINES	2	2	1969	SESSEL,B.
TRANSWORLD AIRLINES	2	2	1969	MC KINNEY,R.M.
TRANSWORLD AIRLINES	2	2	1969	MC BAIN,H.M.
TRANSWORLD AIRLINES	2	2	1969	LEITHEAD,B.T.
TRANSWORLD AIRLINES	2	2	1969	KIMBALL,C.N.
TRANSWORLD AIRLINES	2	2	1969	HOWARD,J.B.
TRANSWORLD AIRLINES	2	2	1969	ENGLISH,W.G.
TRANSWORLD AIRLINES	2	2	1969	CROWN,L.
TRANSWORLD AIRLINES	2	2	1969	COOKE,B.
EASTERN AIRLINES	2	0	1969	TAYLOR,D.D.
EASTERN AIRLINES	2	0	1969	SKINNER,JR,R.J.
EASTERN AIRLINES	2	0	1969	SIMONS,C.J.
EASTERN AIRLINES	2	0	1969	MC FADDEN,T.B.
EASTERN AIRLINES	2	0	1969	HIGGINBOTTOM,S.L.
EASTERN AIRLINES	2	0	1969	HARLAN,W.G.
EASTERN AIRLINES	2	0	1969	HALL,F.D.
EASTERN AIRLINES	2	0	1969	ANDERSEN,J.B.
EASTERN AIRLINES	2	2	1969	WOODWARD,H.
EASTERN AIRLINES	2	2	1969	SMITH,M.
EASTERN AIRLINES	2	2	1969	SMITH,E.D.
EASTERN AIRLINES	2	2	1969	SIMMONS,C.J.
EASTERN AIRLINES	2	2	1969	SCHRIEVER,B.A.
EASTERN AIRLINES	2	2	1969	REINHOLD,P.E.
EASTERN AIRLINES	2	2	1969	PRINCE,W.W.
EASTERN AIRLINES	2	2	1969	PHALEN,C.W.
EASTERN AIRLINES	2	2	1969	MC CORMACK,J.
EASTERN AIRLINES	2	2	1969	HIGGINBOTTOM,S.L.
EASTERN AIRLINES	2	2	1969	HALL,F.D.
EASTERN AIRLINES	2	2	1969	GILPATRIC,R.L.
EASTERN AIRLINES	2	2	1969	GAMBRELL,E.S.
EASTERN AIRLINES	2	2	1969	ELKINS,JR,J.A.
EASTERN AIRLINES	2	2	1969	DAMON,R.C.
EASTERN AIRLINES	2	2	1969	COOK,E.R.
EASTERN AIRLINES	2	2	1969	BASSETT,H.H.
PENN CENTRAL	2	0	1969	SHAFFER,J.H.
PENN CENTRAL	2	0	1969	ROBERTS,B.H.
PENN CENTRAL	2	0	1969	MOORE,W.H.
PENN CENTRAL	2	0	1969	MINOR,R.W.
PENN CENTRAL	2	0	1969	MC DONALD,J.A.
PENN CENTRAL	2	0	1969	KREYLING,JR,E.G.
PENN CENTRAL	2	0	1969	FUNKHOUSER,A.P.
PENN CENTRAL	2	0	1969	FLANNERY,R.G.
PENN CENTRAL	2	2	1969	WIRTZ,W.W.
PENN CENTRAL	2	2	1969	SEABROOK,J.M.
PENN CENTRAL	2	2	1969	RAUCH,JR,R.S.
PENN CENTRAL	2	2	1969	PERLMAN,A.E.
PENN CENTRAL	2	2	1969	ODELL,R.S.
PENN CENTRAL	2	2	1969	MARTING,W.A.
PENN CENTRAL	2	2	1969	LUNDING,F.J.
PENN CENTRAL	2	2	1969	LANGDON,JR,J.
PENN CENTRAL	2	2	1969	KNOX,S.H.
PENN CENTRAL	2	2	1969	HARNWELL,G.P.
PENN CENTRAL	2	2	1969	HANLEY,E.J.
PENN CENTRAL	2	2	1969	GRAHAM,JR,R.W.
PENN CENTRAL	2	2	1969	GENGRAS,E.C.
PENN CENTRAL	2	2	1969	BOND,R.C.
PENN CENTRAL	2	2	1969	BAKER,G.P.
BURLINGTON NORTHERN	2	0	1969	WASHINGTON,G.M.
BURLINGTON NORTHERN	2	0	1969	MENK,L.W.
BURLINGTON NORTHERN	2	0	1969	MACFARLANE,R.S.
BURLINGTON NORTHERN	2	0	1969	KANE,A.
BURLINGTON NORTHERN	2	0	1969	ERNZEN,W.N.
BURLINGTON NORTHERN	2	0	1969	DOWNING,R.W.
BURLINGTON NORTHERN	2	0	1969	BUDD,J.M.
BURLINGTON NORTHERN	2	0	1969	BINGER,C.R.
BURLINGTON NORTHERN	2	2	1969	WILSON,R.B.
BURLINGTON NORTHERN	2	2	1969	SMITH,JR,J.F.
BURLINGTON NORTHERN	2	2	1969	SIMON,N.
BURLINGTON NORTHERN	2	2	1969	REED,W.G.
BURLINGTON NORTHERN	2	2	1969	OATES,JR,J.F.
BURLINGTON NORTHERN	2	2	1969	NASON,P.H.
BURLINGTON NORTHERN	2	2	1969	MEYER,JR,J.M.
BURLINGTON NORTHERN	2	2	1969	MENK,L.W.
BURLINGTON NORTHERN	2	2	1969	MC CALLUM,W.W.
BURLINGTON NORTHERN	2	2	1969	MACFARLANE,R.S.
BURLINGTON NORTHERN	2	2	1969	LANG,W.H.
BURLINGTON NORTHERN	2	2	1969	LAERI,J.H.
BURLINGTON NORTHERN	2	2	1969	KEEHN,G.
BURLINGTON NORTHERN	2	2	1969	INGERSOLL,R.S.
BURLINGTON NORTHERN	2	2	1969	HUBBS,R.M.
BURLINGTON NORTHERN	2	2	1969	DOBBINS,C.
BURLINGTON NORTHERN	2	2	1969	DEVENS,C.
BURLINGTON NORTHERN	2	2	1969	DAYTON,D.C.
BURLINGTON NORTHERN	2	2	1969	DALRYMPLE,JR,J.S.
BURLINGTON NORTHERN	2	2	1969	CORETTE,J.E.
BURLINGTON NORTHERN	2	2	1969	BUDD,J.M.
BURLINGTON NORTHERN	2	2	1969	BELL,C.H.
BURLINGTON NORTHERN	2	2	1969	ALWORTH,JR,R.D.
SANTA FE INDUSTRIES	2	0	1969	WILLINGHAM,W.E.
SANTA FE INDUSTRIES	2	0	1969	THOMAS,S.
SANTA FE INDUSTRIES	2	0	1969	REED,J.S.
SANTA FE INDUSTRIES	2	0	1969	OSBORN,O.H.
SANTA FE INDUSTRIES	2	0	1969	MARSH,E.S.
SANTA FE INDUSTRIES	2	0	1969	HUDSON,L.C.
SANTA FE INDUSTRIES	2	0	1969	DAVIS,J.C.
SANTA FE INDUSTRIES	2	0	1969	CENA,L.
SANTA FE INDUSTRIES	2	2	1969	ZWEINER,K.V.
SANTA FE INDUSTRIES	2	2	1969	THOMAS,S.
SANTA FE INDUSTRIES	2	2	1969	RETTALIATA,J.T.
SANTA FE INDUSTRIES	2	2	1969	REED,J.S.
SANTA FE INDUSTRIES	2	2	1969	PATTERSON,E.C.
SANTA FE INDUSTRIES	2	2	1969	MARSH,E.S.
SANTA FE INDUSTRIES	2	2	1969	LAWRENCE,J.
SANTA FE INDUSTRIES	2	2	1969	HALE,P.C.
SANTA FE INDUSTRIES	2	2	1969	GIBSON,J.C.
SANTA FE INDUSTRIES	2	2	1969	GETZ,JR,G.F.
SANTA FE INDUSTRIES	2	2	1969	CLEVENGER,R.C.
SANTA FE INDUSTRIES	2	2	1969	CHANDLER,N.
GREYHOUND	2	2	1969	WORTHINGTON,L.B.
GREYHOUND	2	2	1969	WALKER,J.W.
GREYHOUND	2	2	1969	TRAUTMAN,G.H.
GREYHOUND	2	2	1969	STUART,H.C.
GREYHOUND	2	2	1969	STEINBACH,M.
GREYHOUND	2	2	1969	STAUFFER,H.
GREYHOUND	2	2	1969	SMITH,R.M.
GREYHOUND	2	2	1969	SHAFFER,R.F.
GREYHOUND	2	2	1969	NICKS,J.S.
GREYHOUND	2	2	1969	MUNSON,C.S.
GREYHOUND	2	2	1969	MONTAGUE,H.A.
GREYHOUND	2	2	1969	HOOVER,P.E.
GREYHOUND	2	2	1969	EHRMAN,F.L.
GREYHOUND	2	2	1969	BOYD,H.
GREYHOUND	2	2	1969	ADAMS,W.R.
GREYHOUND	2	2	1969	ACKERMAN,F.W.
DELTA AIRLINES	2	0	1969	OPPENLANDER,R.
DELTA AIRLINES	2	0	1969	MILLER,T.M.
DELTA AIRLINES	2	0	1969	MAURER,R.S.
DELTA AIRLINES	2	0	1969	GARRETT,JR,D.C.
DELTA AIRLINES	2	0	1969	DOLSON,C.H.
DELTA AIRLINES	2	0	1969	BEEBE,W.T.
DELTA AIRLINES	2	0	1969	ATCHISON,W.A.
DELTA AIRLINES	2	0	1969	ALLEN,R.W.
DELTA AIRLINES	2	2	1969	SNELLINGS,JR,G.M.
DELTA AIRLINES	2	2	1969	PUTNAM,C.
DELTA AIRLINES	2	2	1969	OPPENLANDER,R.
DELTA AIRLINES	2	2	1969	NUNNALLY,W.
DELTA AIRLINES	2	2	1969	MILLER,T.M.
DELTA AIRLINES	2	2	1969	MAURER,R.S.
DELTA AIRLINES	2	2	1969	LONGMIRE,J.R.
DELTA AIRLINES	2	2	1969	KELLSTADT,C.H.
DELTA AIRLINES	2	2	1969	GERRY,E.H.
DELTA AIRLINES	2	2	1969	GARRETT,JR,D.C.
DELTA AIRLINES	2	2	1969	FREEMAN,R.W.
DELTA AIRLINES	2	2	1969	FLINN,E.
DELTA AIRLINES	2	2	1969	DOLSON,C.H.
DELTA AIRLINES	2	2	1969	COURTS,R.W.
DELTA AIRLINES	2	2	1969	BIEDENHARN,B.W.
DELTA AIRLINES	2	2	1969	BEEBE,W.T.
NORTHWEST AIRLINES	2	0	1969	PHILLIPS,R.J.
NORTHWEST AIRLINES	2	0	1969	NYROP,D.W.
NORTHWEST AIRLINES	2	0	1969	MOON,B.G.
NORTHWEST AIRLINES	2	0	1969	JUDD,F.C.
NORTHWEST AIRLINES	2	0	1969	HUNTER,C.
NORTHWEST AIRLINES	2	0	1969	ERICKSON,R.K.
NORTHWEST AIRLINES	2	0	1969	EBERT,R.A.
NORTHWEST AIRLINES	2	0	1969	ABBOTT,J.A.
NORTHWEST AIRLINES	2	2	1969	WAKEFIELD,JR,L.E.
NORTHWEST AIRLINES	2	2	1969	REDPATH,A.G.
NORTHWEST AIRLINES	2	2	1969	REAVIS,C.F.
NORTHWEST AIRLINES	2	2	1969	NYROP,D.W.
NORTHWEST AIRLINES	2	2	1969	MC NEELY,D.G.
NORTHWEST AIRLINES	2	2	1969	MACKAY,M.S.
NORTHWEST AIRLINES	2	2	1969	HUNTER,C.
NORTHWEST AIRLINES	2	2	1969	FRY,M.H.
NORTHWEST AIRLINES	2	2	1969	FLOAN,A.E.
NORTHWEST AIRLINES	2	2	1969	CASE,H.
NORTHWEST AIRLINES	2	2	1969	BINGER,J.H.
CONTINENTAL AIRLINES	2	0	1969	WHELAN,C.F.
CONTINENTAL AIRLINES	2	0	1969	SIX,R.F.
CONTINENTAL AIRLINES	2	0	1969	SCHORLING,R.G.
CONTINENTAL AIRLINES	2	0	1969	RENDA,D.P.
CONTINENTAL AIRLINES	2	0	1969	DAMM,A.
CONTINENTAL AIRLINES	2	0	1969	COTTER,G.E.
CONTINENTAL AIRLINES	2	0	1969	BELL,JR,H.W.
CONTINENTAL AIRLINES	2	0	1969	ADAMS,R.M.
CONTINENTAL AIRLINES	2	2	1969	SMITH,R.J.
CONTINENTAL AIRLINES	2	2	1969	SIX,R.F.
CONTINENTAL AIRLINES	2	2	1969	RICKETSON,F.H.
CONTINENTAL AIRLINES	2	2	1969	RENDA,D.P.
CONTINENTAL AIRLINES	2	2	1969	PRITZKER,J.A.
CONTINENTAL AIRLINES	2	2	1969	MAHONEY,D.F.
CONTINENTAL AIRLINES	2	2	1969	MAGARRELL,D.F.
CONTINENTAL AIRLINES	2	2	1969	HAND,L.N.
CONTINENTAL AIRLINES	2	2	1969	GRANT,A.M.
CONTINENTAL AIRLINES	2	2	1969	FINNEY,T.D.
CONTINENTAL AIRLINES	2	2	1969	DAMM,A.
CONTINENTAL AIRLINES	2	2	1969	COTTER,G.E.
CONTINENTAL AIRLINES	2	2	1969	COOPER,S.G.
CONTINENTAL AIRLINES	2	2	1969	BUCKS,C.A.
CONTINENTAL AIRLINES	2	2	1969	BECKMAN,A.O.
CONTINENTAL AIRLINES	2	2	1969	AMES,L.C.
WESTERN AIRLINES	2	0	1969	WOODLEY,A.G.
WESTERN AIRLINES	2	0	1969	TAYLOR,J.J.
WESTERN AIRLINES	2	0	1969	SHATTO,S.R.
WESTERN AIRLINES	2	0	1969	KERKORIAN,K.
WESTERN AIRLINES	2	0	1969	KELLY,A.F.
WESTERN AIRLINES	2	0	1969	KAUFMANN,E.T.
WESTERN AIRLINES	2	0	1969	COX,C.J.J.
WESTERN AIRLINES	2	0	1969	BENNINGER,F.
WESTERN AIRLINES	2	2	1969	WRIGHT,R.W.
WESTERN AIRLINES	2	2	1969	WOODLEY,A.G.
WESTERN AIRLINES	2	2	1969	WIESTER,J.S.
WESTERN AIRLINES	2	2	1969	VOLK,H.J.
WESTERN AIRLINES	2	2	1969	UNDERWOOD,V.O.
WESTERN AIRLINES	2	2	1969	TAYLOR,J.J.
WESTERN AIRLINES	2	2	1969	SINGLETON,W.
WESTERN AIRLINES	2	2	1969	SHATTO,S.R.
WESTERN AIRLINES	2	2	1969	SHARP,W.M.
WESTERN AIRLINES	2	2	1969	PAULEY,E.W.
WESTERN AIRLINES	2	2	1969	LINKLETTER,A.
WESTERN AIRLINES	2	2	1969	KERKORIAN,K.
WESTERN AIRLINES	2	2	1969	KENNEDY,P.M.
WESTERN AIRLINES	2	2	1969	KELLY,A.F.
WESTERN AIRLINES	2	2	1969	GRANT,C.
WESTERN AIRLINES	2	2	1969	GARIBALDI,J.D.
WESTERN AIRLINES	2	2	1969	DWERLKOTTE,L.H.
WESTERN AIRLINES	2	2	1969	DRINKWATER,T.C.
WESTERN AIRLINES	2	2	1969	DARLING,H.W.
WESTERN AIRLINES	2	2	1969	BENNINGER,F.
WESTERN AIRLINES	2	2	1969	ALJIAN,J.D.
AMERICAN EXPORT INDUSTRIES	2	0	1969	WHAMOND,D.A.
AMERICAN EXPORT INDUSTRIES	2	0	1969	MAYO,F.J.
AMERICAN EXPORT INDUSTRIES	2	0	1969	LAWSON,R.S.
AMERICAN EXPORT INDUSTRIES	2	0	1969	ISBRANDTSEN,J.
AMERICAN EXPORT INDUSTRIES	2	0	1969	GALE,A.R.
AMERICAN EXPORT INDUSTRIES	2	0	1969	ELLIOTT,JR,W.H.
AMERICAN EXPORT INDUSTRIES	2	2	1969	WILL,J.M.
AMERICAN EXPORT INDUSTRIES	2	2	1969	RISING,JR,A.E.
AMERICAN EXPORT INDUSTRIES	2	2	1969	ISBRANDTSEN,J.
AMERICAN EXPORT INDUSTRIES	2	2	1969	GALE,A.R.
AMERICAN EXPORT INDUSTRIES	2	2	1969	FATES,H.L.
AMERICAN EXPORT INDUSTRIES	2	2	1969	CLEMENTS,R.C.
EQUITABLE LIFE OF N.Y.	4	2	1969	WOOD,F.C.
EQUITABLE LIFE OF N.Y.	4	2	1969	WHARTON,JR,C.R.
EQUITABLE LIFE OF N.Y.	4	2	1969	WEYERHAEUSER,G.H.
EQUITABLE LIFE OF N.Y.	4	2	1969	WALKER,S.R.
EQUITABLE LIFE OF N.Y.	4	2	1969	SOMMERS,D.
EQUITABLE LIFE OF N.Y.	4	2	1969	SMITH,J.H.
EQUITABLE LIFE OF N.Y.	4	2	1969	SEILER,L.P.
EQUITABLE LIFE OF N.Y.	4	2	1969	SAUNDERS,S.T.
EQUITABLE LIFE OF N.Y.	4	2	1969	RUEBHAUSEN,O.M.
EQUITABLE LIFE OF N.Y.	4	2	1969	OATES,JR,J.F.
EQUITABLE LIFE OF N.Y.	4	2	1969	MUMFORD,M.C.
EQUITABLE LIFE OF N.Y.	4	2	1969	MC ELROY,N.H.
EQUITABLE LIFE OF N.Y.	4	2	1969	LONGENECKER,H.E.
EQUITABLE LIFE OF N.Y.	4	2	1969	LONG,A.C.
EQUITABLE LIFE OF N.Y.	4	2	1969	LINDSETH,E.L.
EQUITABLE LIFE OF N.Y.	4	2	1969	LEE,H.B.
EQUITABLE LIFE OF N.Y.	4	2	1969	KILBORNE,R.S.
EQUITABLE LIFE OF N.Y.	4	2	1969	KEEHN,G.
EQUITABLE LIFE OF N.Y.	4	2	1969	JONSSON,J.E.
EQUITABLE LIFE OF N.Y.	4	2	1969	HELM,H.H.
EQUITABLE LIFE OF N.Y.	4	2	1969	HECKSCHER,M.
EQUITABLE LIFE OF N.Y.	4	2	1969	HEALD,H.T.
EQUITABLE LIFE OF N.Y.	4	2	1969	GORDON,L.
EQUITABLE LIFE OF N.Y.	4	2	1969	GOHEEN,R.F.
EQUITABLE LIFE OF N.Y.	4	2	1969	FLEISCHMANN,M.
EQUITABLE LIFE OF N.Y.	4	2	1969	FISK,J.B.
EQUITABLE LIFE OF N.Y.	4	2	1969	FISHER,A.W.
EQUITABLE LIFE OF N.Y.	4	2	1969	EKLUND,C.G.
EQUITABLE LIFE OF N.Y.	4	2	1969	DAVIDSON,S.
EQUITABLE LIFE OF N.Y.	4	2	1969	CALHOUN,JR,D.R.
EQUITABLE LIFE OF N.Y.	4	2	1969	BUEK,C.W.
EQUITABLE LIFE OF N.Y.	4	2	1969	BLUM,R.E.
EQUITABLE LIFE OF N.Y.	4	2	1969	BLOUGH,R.M.
EQUITABLE LIFE OF N.Y.	4	2	1969	BLACK,E.R.
EQUITABLE LIFE OF N.Y.	4	2	1969	AVERY,W.H.
EQUITABLE LIFE OF N.Y.	4	2	1969	ATWOOD,J.L.
EQUITABLE LIFE OF N.Y.	4	2	1969	ALDRICH,M.P.
NEW YORK LIFE	4	2	1969	WARD,J.H.
NEW YORK LIFE	4	2	1969	STANTON,F.
NEW YORK LIFE	4	2	1969	RENCHARD,W.S.
NEW YORK LIFE	4	2	1969	PERKINS,R.S.
NEW YORK LIFE	4	2	1969	PAYNTER,JR,R.K.
NEW YORK LIFE	4	2	1969	MYERS,C.J.
NEW YORK LIFE	4	2	1969	MEARES,C.W.V.
NEW YORK LIFE	4	2	1969	MC BRIDE,K.E.
NEW YORK LIFE	4	2	1969	MARCUS,S.
NEW YORK LIFE	4	2	1969	JOHNSON,R.C.
NEW YORK LIFE	4	2	1969	HUMELSINE,C.H.
NEW YORK LIFE	4	2	1969	HULL,J.W.
NEW YORK LIFE	4	2	1969	HOUGHTON,JR,A.A.
NEW YORK LIFE	4	2	1969	HOFFMAN,P.G.
NEW YORK LIFE	4	2	1969	HAUGE,G.
NEW YORK LIFE	4	2	1969	HANNAN,K.H.
NEW YORK LIFE	4	2	1969	GRUENTHER,A.M.
NEW YORK LIFE	4	2	1969	EATON,F.M.
NEW YORK LIFE	4	2	1969	DOWELL,D.
NEW YORK LIFE	4	2	1969	DONNELL,II,J.C.
NEW YORK LIFE	4	2	1969	CANNON,C.A.
NEW YORK LIFE	4	2	1969	BUDD,J.M.
NEW YORK LIFE	4	2	1969	BROWN,JR,R.M.
NEW YORK LIFE	4	2	1969	BELL,E.V.
NORTHWESTERN MUTUAL LIFE	4	2	1969	WRIGHT,J.O.
NORTHWESTERN MUTUAL LIFE	4	2	1969	WILLIS,B.C.
NORTHWESTERN MUTUAL LIFE	4	2	1969	WELLS,E.C.
NORTHWESTERN MUTUAL LIFE	4	2	1969	UIHLEIN,JR,R.A.
NORTHWESTERN MUTUAL LIFE	4	2	1969	TOBIN,H.J.
NORTHWESTERN MUTUAL LIFE	4	2	1969	STEVENSON,R.S.
NORTHWESTERN MUTUAL LIFE	4	2	1969	SMITH,E.G.
NORTHWESTERN MUTUAL LIFE	4	2	1969	SLICHTER,D.C.
NORTHWESTERN MUTUAL LIFE	4	2	1969	SHEPLEY,E.A.H.
NORTHWESTERN MUTUAL LIFE	4	2	1969	SCHUSTER,G.S.
NORTHWESTERN MUTUAL LIFE	4	2	1969	ROSENBAUM,F.F.
NORTHWESTERN MUTUAL LIFE	4	2	1969	RIVINUS,F.M.
NORTHWESTERN MUTUAL LIFE	4	2	1969	PHILIPP,C.L.
NORTHWESTERN MUTUAL LIFE	4	2	1969	PARKER,D.S.
NORTHWESTERN MUTUAL LIFE	4	2	1969	OHLENDORF,H.L.
NORTHWESTERN MUTUAL LIFE	4	2	1969	MORRISON,J.B.
NORTHWESTERN MUTUAL LIFE	4	2	1969	MOORE,H.C.
NORTHWESTERN MUTUAL LIFE	4	2	1969	MAYER,JR,O.G.
NORTHWESTERN MUTUAL LIFE	4	2	1969	KURTH,H.C.
NORTHWESTERN MUTUAL LIFE	4	2	1969	KIMBERLY,J.R.
NORTHWESTERN MUTUAL LIFE	4	2	1969	JONES,L.C.
NORTHWESTERN MUTUAL LIFE	4	2	1969	JAHN,W.A.
NORTHWESTERN MUTUAL LIFE	4	2	1969	HERRIOTT,M.H.
NORTHWESTERN MUTUAL LIFE	4	2	1969	HARRISON,H.S.
NORTHWESTERN MUTUAL LIFE	4	2	1969	HARDNER,JR,L.
NORTHWESTERN MUTUAL LIFE	4	2	1969	GELATT,C.D.
NORTHWESTERN MUTUAL LIFE	4	2	1969	FERGUSON,F.E.
NORTHWESTERN MUTUAL LIFE	4	2	1969	FALK,H.F.
NORTHWESTERN MUTUAL LIFE	4	2	1969	DINEEN,R.E.
NORTHWESTERN MUTUAL LIFE	4	2	1969	CLEARY,C.B.
NORTHWESTERN MUTUAL LIFE	4	2	1969	BYROM,F.L.
NORTHWESTERN MUTUAL LIFE	4	2	1969	BUTLER,JR,A.L.
NORTHWESTERN MUTUAL LIFE	4	2	1969	BUCHANAN,W.E.
NORTHWESTERN MUTUAL LIFE	4	2	1969	BROOKFIELD,D.
NORTHWESTERN MUTUAL LIFE	4	2	1969	BEMIS,J.
NORTHWESTERN MUTUAL LIFE	4	2	1969	AYMOND,A.H.
AETNA LIFE	4	2	1969	VANCE,C.R.
AETNA LIFE	4	2	1969	SMITH,O.D.
AETNA LIFE	4	2	1969	SHATTUCK,M.A.
AETNA LIFE	4	2	1969	ROBBINS,W.R.
AETNA LIFE	4	2	1969	PERKINS,F.P.
AETNA LIFE	4	2	1969	MILLER,J.P.
AETNA LIFE	4	2	1969	MEYER,JR,J.M.
AETNA LIFE	4	2	1969	MATTHEWS,A.B.
AETNA LIFE	4	2	1969	MANNING,B.
AETNA LIFE	4	2	1969	LORD,C.E.
AETNA LIFE	4	2	1969	KNOOPMAN,R.
AETNA LIFE	4	2	1969	JOHNSON,W.B.
AETNA LIFE	4	2	1969	ENDERS,O.
AETNA LIFE	4	2	1969	COOPER,S.M.
AETNA LIFE	4	2	1969	BRAINARD,C.E.
METROPOLITAN LIFE OF N.Y.	4	2	1969	WILLIAMS,JR,W.R.
METROPOLITAN LIFE OF N.Y.	4	2	1969	TRIPPE,J.T.
METROPOLITAN LIFE OF N.Y.	4	2	1969	TODD,W.B.
METROPOLITAN LIFE OF N.Y.	4	2	1969	THOMAS,C.A.
METROPOLITAN LIFE OF N.Y.	4	2	1969	SOLOMON,E.G.
METROPOLITAN LIFE OF N.Y.	4	2	1969	SIVAGE,G.A.
METROPOLITAN LIFE OF N.Y.	4	2	1969	SIEGFRIED,C.A.
METROPOLITAN LIFE OF N.Y.	4	2	1969	REED,P.D.
METROPOLITAN LIFE OF N.Y.	4	2	1969	PATTON,T.F.
METROPOLITAN LIFE OF N.Y.	4	2	1969	NICKERSON,A.L.
METROPOLITAN LIFE OF N.Y.	4	2	1969	MC LAUGHLIN,W.E.
METROPOLITAN LIFE OF N.Y.	4	2	1969	MC DONALD,E.C.
METROPOLITAN LIFE OF N.Y.	4	2	1969	MASON,JR,B.
METROPOLITAN LIFE OF N.Y.	4	2	1969	LUCE,C.F.
METROPOLITAN LIFE OF N.Y.	4	2	1969	KIRCHER,D.P.
METROPOLITAN LIFE OF N.Y.	4	2	1969	KAPPEL,F.R.
METROPOLITAN LIFE OF N.Y.	4	2	1969	JOHNSTON,G.F.
METROPOLITAN LIFE OF N.Y.	4	2	1969	JENNINGS,L.A.
METROPOLITAN LIFE OF N.Y.	4	2	1969	JENKINS,G.P.
METROPOLITAN LIFE OF N.Y.	4	2	1969	HOUGHTON,A.
METROPOLITAN LIFE OF N.Y.	4	2	1969	HOHAUS,R.A.
METROPOLITAN LIFE OF N.Y.	4	2	1969	HEINEMAN,B.W.
METROPOLITAN LIFE OF N.Y.	4	2	1969	HARPER,J.D.
METROPOLITAN LIFE OF N.Y.	4	2	1969	HAMILL,R.L.
METROPOLITAN LIFE OF N.Y.	4	2	1969	FUNSTON,G.K.
METROPOLITAN LIFE OF N.Y.	4	2	1969	FITZHUGH,G.W.
PRUDENTIAL INSURANCE	4	2	1969	YUNICH,D.L.
PRUDENTIAL INSURANCE	4	2	1969	WESCOTT,L.B.
PRUDENTIAL INSURANCE	4	2	1969	WASSON,E.H.
PRUDENTIAL INSURANCE	4	2	1969	STEVENS,S.G.
PRUDENTIAL INSURANCE	4	2	1969	RATHBONE,M.J.
PRUDENTIAL INSURANCE	4	2	1969	PIERCE,JR,S.R.
PRUDENTIAL INSURANCE	4	2	1969	MUMMA,A.G.
PRUDENTIAL INSURANCE	4	2	1969	MEYNER,R.B.
PRUDENTIAL INSURANCE	4	2	1969	LUCE,D.C.
PRUDENTIAL INSURANCE	4	2	1969	GRAND,G.
PRUDENTIAL INSURANCE	4	2	1969	GORMAN,P.A.
PRUDENTIAL INSURANCE	4	2	1969	ENGSTROM,E.W.
PRUDENTIAL INSURANCE	4	2	1969	ENGLAND,B.L.
PRUDENTIAL INSURANCE	4	2	1969	ENGELHARD,C.W.
PRUDENTIAL INSURANCE	4	2	1969	DUQUET,J.E.L.
PRUDENTIAL INSURANCE	4	2	1969	DEITRICK,J.E.
PRUDENTIAL INSURANCE	4	2	1969	DAVIS,J.H.
PRUDENTIAL INSURANCE	4	2	1969	DAVIS,C.M.
PRUDENTIAL INSURANCE	4	2	1969	DANZIG,C.
PRUDENTIAL INSURANCE	4	2	1969	BIUNNO,V.P.
PRUDENTIAL INSURANCE	4	2	1969	BEAL,O.E.
JOHN HANCOCK MUTUAL LIFE	4	2	1969	THEOPOLD,P.H.
JOHN HANCOCK MUTUAL LIFE	4	2	1969	ROBINSON,JR,D.P.
JOHN HANCOCK MUTUAL LIFE	4	2	1969	PRINCE,W.W.
JOHN HANCOCK MUTUAL LIFE	4	2	1969	PHILLIPS,T.L.
JOHN HANCOCK MUTUAL LIFE	4	2	1969	O'KEEFE,B.J.
JOHN HANCOCK MUTUAL LIFE	4	2	1969	MATZ,J.E.
JOHN HANCOCK MUTUAL LIFE	4	2	1969	MAHER,F.B.
JOHN HANCOCK MUTUAL LIFE	4	2	1969	LUTNICKI,V.A.
JOHN HANCOCK MUTUAL LIFE	4	2	1969	JONES,G.B.
JOHN HANCOCK MUTUAL LIFE	4	2	1969	JOHNSON,H.W.
JOHN HANCOCK MUTUAL LIFE	4	2	1969	HILL,R.D.
JOHN HANCOCK MUTUAL LIFE	4	2	1969	HANIFY,E.B.
JOHN HANCOCK MUTUAL LIFE	4	2	1969	GAVIN,J.M.
JOHN HANCOCK MUTUAL LIFE	4	2	1969	DORIOT,G.F.
JOHN HANCOCK MUTUAL LIFE	4	2	1969	DANE,E.
JOHN HANCOCK MUTUAL LIFE	4	2	1969	CANHAM,E.D.
JOHN HANCOCK MUTUAL LIFE	4	2	1969	CABOT,T.D.
JOHN HANCOCK MUTUAL LIFE	4	2	1969	BRACE,L.D.
JOHN HANCOCK MUTUAL LIFE	4	2	1969	BLEICKEN,G.D.
JOHN HANCOCK MUTUAL LIFE	4	2	1969	BENNETT,G.F.
JOHN HANCOCK MUTUAL LIFE	4	2	1969	AVILA,C.F.
TRAVELERS INSURANCE	4	2	1969	WILKINS,R.C.
TRAVELERS INSURANCE	4	2	1969	TAYLOR,J.D.
TRAVELERS INSURANCE	4	2	1969	TAYLOR,J.A.
TRAVELERS INSURANCE	4	2	1969	SILLIN,JR,L.F.
TRAVELERS INSURANCE	4	2	1969	SHIPMAN,JR,A.L.
TRAVELERS INSURANCE	4	2	1969	SHAPIRO,E.
TRAVELERS INSURANCE	4	2	1969	LEITHEAD,B.T.
TRAVELERS INSURANCE	4	2	1969	HEWITT,D.C.
TRAVELERS INSURANCE	4	2	1969	GRAHAM,J.W.
TRAVELERS INSURANCE	4	2	1969	GILMAN,JR,G.H.
TRAVELERS INSURANCE	4	2	1969	EVANS,L.J.
TRAVELERS INSURANCE	4	2	1969	DEWITT,J.D.
TRAVELERS INSURANCE	4	2	1969	COLE,C.J.
TRAVELERS INSURANCE	4	2	1969	BARTELS,M.
TRAVELERS INSURANCE	4	2	1969	BARNES,C.F.
MASSACHUSETTS MUTUAL LIFE	4	2	1969	WILSON,J.C.
MASSACHUSETTS MUTUAL LIFE	4	2	1969	WATLINGTON,JR,J.F.
MASSACHUSETTS MUTUAL LIFE	4	2	1969	WALLACE,L.R.
MASSACHUSETTS MUTUAL LIFE	4	2	1969	SINGELTON,P.A.
MASSACHUSETTS MUTUAL LIFE	4	2	1969	SEXTON,T.S.
MASSACHUSETTS MUTUAL LIFE	4	2	1969	SCHUMACHER,E.W.
MASSACHUSETTS MUTUAL LIFE	4	2	1969	SCHAAFF,C.H.
MASSACHUSETTS MUTUAL LIFE	4	2	1969	PERRY,K.W.
MASSACHUSETTS MUTUAL LIFE	4	2	1969	MUELLER,R.K.
MASSACHUSETTS MUTUAL LIFE	4	2	1969	MITCHELL,D.G.
MASSACHUSETTS MUTUAL LIFE	4	2	1969	MC CORMICK,C.P.
MASSACHUSETTS MUTUAL LIFE	4	2	1969	MARTIN,J.R.
MASSACHUSETTS MUTUAL LIFE	4	2	1969	MARSHALL,H.T.
MASSACHUSETTS MUTUAL LIFE	4	2	1969	MALLARY,R.D.
MASSACHUSETTS MUTUAL LIFE	4	2	1969	LEWIS,R.
MASSACHUSETTS MUTUAL LIFE	4	2	1969	LAZARUS,M.
MASSACHUSETTS MUTUAL LIFE	4	2	1969	KALMBACH,L.J.
MASSACHUSETTS MUTUAL LIFE	4	2	1969	CRAFT,R.H.
MASSACHUSETTS MUTUAL LIFE	4	2	1969	CHAPIN,S.D.
MASSACHUSETTS MUTUAL LIFE	4	2	1969	BOOTH,R.A.
CONNECTICUT GENERAL	4	2	1969	YOUNG,G.W.
CONNECTICUT GENERAL	4	2	1969	WILLIAMS,F.O.H.
CONNECTICUT GENERAL	4	2	1969	WILDE,F.B.
CONNECTICUT GENERAL	4	2	1969	WATKINS,F.D.
CONNECTICUT GENERAL	4	2	1969	TORREY,J.H.
CONNECTICUT GENERAL	4	2	1969	RUSSELL,JR,T.W.
CONNECTICUT GENERAL	4	2	1969	ROBERTS,H.R.
CONNECTICUT GENERAL	4	2	1969	MORGAN,H.S.
CONNECTICUT GENERAL	4	2	1969	MARTIN,E.
CONNECTICUT GENERAL	4	2	1969	JAINSEN,W.C.
CONNECTICUT GENERAL	4	2	1969	HARRIS,JR,R.H.
CONNECTICUT GENERAL	4	2	1969	GLOVER,M.H.
CONNECTICUT GENERAL	4	2	1969	ETHERINGTON,E.D.
CONNECTICUT GENERAL	4	2	1969	ENGLISH,JR,J.F.
CONNECTICUT GENERAL	4	2	1969	EDDY,C.M.
CONNECTICUT GENERAL	4	2	1969	COOLEY,JR,C.P.
CONNECTICUT GENERAL	4	2	1969	CHAPMAN,F.
LEHMAN BROTHERS	5	2	1969	THOMAS,M.M.
LEHMAN BROTHERS	5	2	1969	THOMAS,J.A.
LEHMAN BROTHERS	5	2	1969	TARNOPOL,M.L.
LEHMAN BROTHERS	5	2	1969	SZOLD,H.J.
LEHMAN BROTHERS	5	2	1969	SHAPIRO,R.F.
LEHMAN BROTHERS	5	2	1969	SCOTT,W.D.
LEHMAN BROTHERS	5	2	1969	SAGE,II,A.G.C.
LEHMAN BROTHERS	5	2	1969	RUBIN,R.S.
LEHMAN BROTHERS	5	2	1969	ROSENBERG,J.H.
LEHMAN BROTHERS	5	2	1969	PEARSON,A.W.
LEHMAN BROTHERS	5	2	1969	PALMARO,M.A.
LEHMAN BROTHERS	5	2	1969	OSBORN,JR,W.H.
LEHMAN BROTHERS	5	2	1969	NATELSON,M.
LEHMAN BROTHERS	5	2	1969	MC CABE,R.A.
LEHMAN BROTHERS	5	2	1969	LUSK,P.A.
LEHMAN BROTHERS	5	2	1969	LISLE,H.A.
LEHMAN BROTHERS	5	2	1969	LEINBACH,D.A.
LEHMAN BROTHERS	5	2	1969	LEHMAN,R.
LEHMAN BROTHERS	5	2	1969	LEHMAN,J.R.
LEHMAN BROTHERS	5	2	1969	KLINGENSTEIN,L.P.
LEHMAN BROTHERS	5	2	1969	KENNEDY,E.L.
LEHMAN BROTHERS	5	2	1969	KAHN,S.S.
LEHMAN BROTHERS	5	2	1969	KAHN,H.H.
LEHMAN BROTHERS	5	2	1969	HUNTER,A.B.
LEHMAN BROTHERS	5	2	1969	HELLMAN,F.W.
LEHMAN BROTHERS	5	2	1969	HART,J.K.
LEHMAN BROTHERS	5	2	1969	GLUCKSMAN,L.L.
LEHMAN BROTHERS	5	2	1969	GLANVILLE,J.W.
LEHMAN BROTHERS	5	2	1969	EHRMAN,F.L.
LEHMAN BROTHERS	5	2	1969	DUBRUL,JR,S.M.
LEHMAN BROTHERS	5	2	1969	DAVIES,P.L.
LEHMAN BROTHERS	5	2	1969	DALY,I.D.
LEHMAN BROTHERS	5	2	1969	CLAY,L.D.
LEHMAN BROTHERS	5	2	1969	CHESKY,E.M.
LEHMAN BROTHERS	5	2	1969	CARTER,JR,J.B.
LEHMAN BROTHERS	5	2	1969	BOUCHER,JR,H.A.
LEHMAN BROTHERS	5	2	1969	BLACK,JR,J.B.
LEHMAN BROTHERS	5	2	1969	BERNHARD,R.A.
LEHMAN BROTHERS	5	2	1969	BALL,G.W.
J.S. BACHE & CO.	5	2	1969	ZILUCA,T.G.
J.S. BACHE & CO.	5	2	1969	WILLIS,JR,W.C.
J.S. BACHE & CO.	5	2	1969	WEISS,G.
J.S. BACHE & CO.	5	2	1969	TESSLER,S.A.
J.S. BACHE & CO.	5	2	1969	SCHWARTZ,JR,A.C.
J.S. BACHE & CO.	5	2	1969	SAMPLINER,S.H.
J.S. BACHE & CO.	5	2	1969	ROOSEVELT,J.A.
J.S. BACHE & CO.	5	2	1969	RENDIGS,JR,C.W.
J.S. BACHE & CO.	5	2	1969	O'BRIEN,E.I.
J.S. BACHE & CO.	5	2	1969	MEYER,G.W.
J.S. BACHE & CO.	5	2	1969	MC KEE,E.B.
J.S. BACHE & CO.	5	2	1969	LESLIE,J.E.
J.S. BACHE & CO.	5	2	1969	KRAUS,S.C.
J.S. BACHE & CO.	5	2	1969	KANN,W.F.B.
J.S. BACHE & CO.	5	2	1969	JANSING,J.C.
J.S. BACHE & CO.	5	2	1969	JACOBS,JR,H.A.
J.S. BACHE & CO.	5	2	1969	HUYCKE,E.D.
J.S. BACHE & CO.	5	2	1969	HALSEY,C.D.
J.S. BACHE & CO.	5	2	1969	HALL,R.C.
J.S. BACHE & CO.	5	2	1969	GORDON,M.J.
J.S. BACHE & CO.	5	2	1969	GOLDSMITH,J.M.
J.S. BACHE & CO.	5	2	1969	DUMOULIN,E.
J.S. BACHE & CO.	5	2	1969	DIGAETANO,F.A.
J.S. BACHE & CO.	5	2	1969	CHANDLER,D.L.
J.S. BACHE & CO.	5	2	1969	CAREY,W.J.
J.S. BACHE & CO.	5	2	1969	AJO,G.
BROWN BROTHERS, HARRIMAN & CO.	5	2	1969	WOOLLEY,K.
BROWN BROTHERS, HARRIMAN & CO.	5	2	1969	WEST,J.C.
BROWN BROTHERS, HARRIMAN & CO.	5	2	1969	VANHENGEL,M.
BROWN BROTHERS, HARRIMAN & CO.	5	2	1969	SHIPLEY,L.P.
BROWN BROTHERS, HARRIMAN & CO.	5	2	1969	ROOSA,R.V.
BROWN BROTHERS, HARRIMAN & CO.	5	2	1969	RAY,W.F.
BROWN BROTHERS, HARRIMAN & CO.	5	2	1969	NEWQUIST,L.J.
BROWN BROTHERS, HARRIMAN & CO.	5	2	1969	MC CANCE,T.
BROWN BROTHERS, HARRIMAN & CO.	5	2	1969	MADDEN,J.B.
BROWN BROTHERS, HARRIMAN & CO.	5	2	1969	LOVETT,R.A.
BROWN BROTHERS, HARRIMAN & CO.	5	2	1969	KINGSBURY,JR,F.H.
BROWN BROTHERS, HARRIMAN & CO.	5	2	1969	IRELAND,III,R.L.
BROWN BROTHERS, HARRIMAN & CO.	5	2	1969	HORD,S.Y.
BROWN BROTHERS, HARRIMAN & CO.	5	2	1969	HOCH,F.W.
BROWN BROTHERS, HARRIMAN & CO.	5	2	1969	HARRIMAN,E.R.
BROWN BROTHERS, HARRIMAN & CO.	5	2	1969	GERRY,E.T.
BROWN BROTHERS, HARRIMAN & CO.	5	2	1969	DRIVER,JR,W.H.
BROWN BROTHERS, HARRIMAN & CO.	5	2	1969	COSTIKYAN,G.
BROWN BROTHERS, HARRIMAN & CO.	5	2	1969	BUSH,P.S.
BROWN BROTHERS, HARRIMAN & CO.	5	2	1969	BROWN,W.H.
BROWN BROTHERS, HARRIMAN & CO.	5	2	1969	BROWN,M.D.
BROWN BROTHERS, HARRIMAN & CO.	5	2	1969	BANKS,J.E.
MERRILL LYNCH, ETC.	5	2	1969	WEIDEN,N.
MERRILL LYNCH, ETC.	5	2	1969	WEBB,D.I.
MERRILL LYNCH, ETC.	5	2	1969	THOMSON,J.E.
MERRILL LYNCH, ETC.	5	2	1969	SHINN,G.L.
MERRILL LYNCH, ETC.	5	2	1969	SEDLMAYR,J.H.
MERRILL LYNCH, ETC.	5	2	1969	RYAN,E.F.
MERRILL LYNCH, ETC.	5	2	1969	REGAN,D.T.
MERRILL LYNCH, ETC.	5	2	1969	RAMSEY,B.B.
MERRILL LYNCH, ETC.	5	2	1969	ORB,J.A.
MERRILL LYNCH, ETC.	5	2	1969	NATHANE,R.A.
MERRILL LYNCH, ETC.	5	2	1969	MOTHNER,S.
MERRILL LYNCH, ETC.	5	2	1969	MILNE,JR,D.D.
MERRILL LYNCH, ETC.	5	2	1969	MC MILLAN,E.N.
MERRILL LYNCH, ETC.	5	2	1969	MARTIN,K.W.
MERRILL LYNCH, ETC.	5	2	1969	LENG,W.C.
MERRILL LYNCH, ETC.	5	2	1969	KING,R.B.
MERRILL LYNCH, ETC.	5	2	1969	KANN,E.W.
MERRILL LYNCH, ETC.	5	2	1969	GRUBBS,J.B.
MERRILL LYNCH, ETC.	5	2	1969	GROSS,J.B.
MERRILL LYNCH, ETC.	5	2	1969	GALLAGHER,JR,J.J.
MERRILL LYNCH, ETC.	5	2	1969	FITZGERALD,J.A.
MERRILL LYNCH, ETC.	5	2	1969	FERRIS,D.B.
MERRILL LYNCH, ETC.	5	2	1969	FENNER,D.S.
MERRILL LYNCH, ETC.	5	2	1969	DUNN,S.A.
MERRILL LYNCH, ETC.	5	2	1969	CREASMAN,R.D.
MERRILL LYNCH, ETC.	5	2	1969	CORBETT,J.D.
MERRILL LYNCH, ETC.	5	2	1969	CASSADY,T.J.
MERRILL LYNCH, ETC.	5	2	1969	BALL,N.B.
MERRILL LYNCH, ETC.	5	2	1969	ANDERSON,H.B.
LOEB, RHOADES & CO.	5	2	1969	WOODFIN,G.M.
LOEB, RHOADES & CO.	5	2	1969	WIDENMANN,H.A.
LOEB, RHOADES & CO.	5	2	1969	WEIL,F.A.
LOEB, RHOADES & CO.	5	2	1969	WALZ,W.H.
LOEB, RHOADES & CO.	5	2	1969	SIMON,H.R.A.
LOEB, RHOADES & CO.	5	2	1969	SALTON,A.
LOEB, RHOADES & CO.	5	2	1969	RILEY,E.S.
LOEB, RHOADES & CO.	5	2	1969	REYNOLDS,W.T.
LOEB, RHOADES & CO.	5	2	1969	POLLACK,R.A.
LOEB, RHOADES & CO.	5	2	1969	PETSCHEK,S.R.
LOEB, RHOADES & CO.	5	2	1969	PARKER,JR,A.
LOEB, RHOADES & CO.	5	2	1969	PARISH,II,H.
LOEB, RHOADES & CO.	5	2	1969	OSE,R.R.
LOEB, RHOADES & CO.	5	2	1969	NOLAND,E.E.
LOEB, RHOADES & CO.	5	2	1969	MUELLER,C.M.
LOEB, RHOADES & CO.	5	2	1969	MILLARD,M.J.
LOEB, RHOADES & CO.	5	2	1969	MICHEL,C.W.
LOEB, RHOADES & CO.	5	2	1969	MELTZER,J.J.
LOEB, RHOADES & CO.	5	2	1969	MC KERNAN,A.R.
LOEB, RHOADES & CO.	5	2	1969	LOEB,P.K.
LOEB, RHOADES & CO.	5	2	1969	LOEB,JR,J.L.
LOEB, RHOADES & CO.	5	2	1969	LOEB,J.L.
LOEB, RHOADES & CO.	5	2	1969	LOEB,H.A.
LOEB, RHOADES & CO.	5	2	1969	KRONES,R.
LOEB, RHOADES & CO.	5	2	1969	KOSHLAND,S.A.
LOEB, RHOADES & CO.	5	2	1969	KEMPNER,T.L.
LOEB, RHOADES & CO.	5	2	1969	KELLY,E.J.
LOEB, RHOADES & CO.	5	2	1969	HILL,J.D.
LOEB, RHOADES & CO.	5	2	1969	HENSLEY,G.H.
LOEB, RHOADES & CO.	5	2	1969	HANNAN,J.B.
LOEB, RHOADES & CO.	5	2	1969	GREWCOCK,D.D.
LOEB, RHOADES & CO.	5	2	1969	GRANT,S.R.
LOEB, RHOADES & CO.	5	2	1969	GOODRICH,JR,H.
LOEB, RHOADES & CO.	5	2	1969	GILLESPIE,K.S.
LOEB, RHOADES & CO.	5	2	1969	ERPF,A.G.
LOEB, RHOADES & CO.	5	2	1969	DIXON,P.T.
LOEB, RHOADES & CO.	5	2	1969	DIXON,P.
LOEB, RHOADES & CO.	5	2	1969	DECALLEJON,F.P.
LOEB, RHOADES & CO.	5	2	1969	COLEMAN,P.J.
LOEB, RHOADES & CO.	5	2	1969	CATES,D.F.
LOEB, RHOADES & CO.	5	2	1969	CARLSON,J.H.
LOEB, RHOADES & CO.	5	2	1969	BOHN,F.R.
LOEB, RHOADES & CO.	5	2	1969	BLATT,C.H.
LOEB, RHOADES & CO.	5	2	1969	BARBANELL,R.L.
LOEB, RHOADES & CO.	5	2	1969	ANSPACH,E.
DEAN WITTER & CO.	5	2	1969	WITTER,W.W.
DEAN WITTER & CO.	5	2	1969	WITTER,W.M.
DEAN WITTER & CO.	5	2	1969	WITTER,T.W.
DEAN WITTER & CO.	5	2	1969	WITTER,P.
DEAN WITTER & CO.	5	2	1969	WITTER,JR,D.
DEAN WITTER & CO.	5	2	1969	WITTER,J.C.
DEAN WITTER & CO.	5	2	1969	WITTER,G.
DEAN WITTER & CO.	5	2	1969	TAYLOR,E.
DEAN WITTER & CO.	5	2	1969	SWINARTON,R.W.
DEAN WITTER & CO.	5	2	1969	SCOTT,H.W.
DEAN WITTER & CO.	5	2	1969	SCHUBERT,G.H.
DEAN WITTER & CO.	5	2	1969	PHILLIPS,R.E.
DEAN WITTER & CO.	5	2	1969	PENCE,E.A.
DEAN WITTER & CO.	5	2	1969	MILLER,JR,G.W.
DEAN WITTER & CO.	5	2	1969	HURT,W.H.
DEAN WITTER & CO.	5	2	1969	HAVER,F.E.
DEAN WITTER & CO.	5	2	1969	FLANAGAN,R.M.
DEAN WITTER & CO.	5	2	1969	EATON,B.H.
DEAN WITTER & CO.	5	2	1969	CLARK,M.J.
DEAN WITTER & CO.	5	2	1969	BARNARD,JR,H.D.
DEAN WITTER & CO.	5	2	1969	ATKINSON,G.P.
DONALDSON, LUFKIN & CO.	5	2	1969	TIEDEMANN,C.H.
DONALDSON, LUFKIN & CO.	5	2	1969	RUSSO,F.A.
DONALDSON, LUFKIN & CO.	5	2	1969	LUFKIN,D.W.
DONALDSON, LUFKIN & CO.	5	2	1969	JENRETTE,R.H.
DONALDSON, LUFKIN & CO.	5	2	1969	GOULD,G.D.
DONALDSON, LUFKIN & CO.	5	2	1969	DONALDSON,W.H.
DONALDSON, LUFKIN & CO.	5	2	1969	CORCORAN,J.W.
DONALDSON, LUFKIN & CO.	5	2	1969	ANDERSON,O.J.
EASTMAN DILLON UNION SECURTIES	5	2	1969	WILLIS,V.B.
EASTMAN DILLON UNION SECURTIES	5	2	1969	WILLIAMS,D.S.
EASTMAN DILLON UNION SECURTIES	5	2	1969	WILLIAMS,B.
EASTMAN DILLON UNION SECURTIES	5	2	1969	THOMPSON,W.I.
EASTMAN DILLON UNION SECURTIES	5	2	1969	STODDARD,J.E.
EASTMAN DILLON UNION SECURTIES	5	2	1969	STIRLING,S.L.
EASTMAN DILLON UNION SECURTIES	5	2	1969	SPANG,R.L.
EASTMAN DILLON UNION SECURTIES	5	2	1969	SIOURIS,T.M.
EASTMAN DILLON UNION SECURTIES	5	2	1969	SHAUGHNESSY,J.H.
EASTMAN DILLON UNION SECURTIES	5	2	1969	SCHLESSINGER,G.G.
EASTMAN DILLON UNION SECURTIES	5	2	1969	SALISBURY,W.H.
EASTMAN DILLON UNION SECURTIES	5	2	1969	RYAN,L.T.
EASTMAN DILLON UNION SECURTIES	5	2	1969	ROSS,H.W.
EASTMAN DILLON UNION SECURTIES	5	2	1969	ROBINSON,R.H.
EASTMAN DILLON UNION SECURTIES	5	2	1969	ROBERTS,W.L.
EASTMAN DILLON UNION SECURTIES	5	2	1969	POWER,J.F.
EASTMAN DILLON UNION SECURTIES	5	2	1969	PLUNKETT,G.P.
EASTMAN DILLON UNION SECURTIES	5	2	1969	PHILLIPS,A.E.
EASTMAN DILLON UNION SECURTIES	5	2	1969	NIELD,III,E.F.
EASTMAN DILLON UNION SECURTIES	5	2	1969	MURPHY,JR,P.T.
EASTMAN DILLON UNION SECURTIES	5	2	1969	MURPHY,D.H.
EASTMAN DILLON UNION SECURTIES	5	2	1969	MOYER,F.S.
EASTMAN DILLON UNION SECURTIES	5	2	1969	MOOR,D.D.
EASTMAN DILLON UNION SECURTIES	5	2	1969	MISHARA,D.
EASTMAN DILLON UNION SECURTIES	5	2	1969	MILLER,W.P.
EASTMAN DILLON UNION SECURTIES	5	2	1969	MERCIER,Y.P.
EASTMAN DILLON UNION SECURTIES	5	2	1969	MC FEELY,J.F.
EASTMAN DILLON UNION SECURTIES	5	2	1969	MC CARTHY,D.D.
EASTMAN DILLON UNION SECURTIES	5	2	1969	MAYNE,D.R.
EASTMAN DILLON UNION SECURTIES	5	2	1969	LOOP,II,W.J.
EASTMAN DILLON UNION SECURTIES	5	2	1969	LOCKE,R.S.
EASTMAN DILLON UNION SECURTIES	5	2	1969	LAMBERT,B.V.
EASTMAN DILLON UNION SECURTIES	5	2	1969	KING,J.H.
EASTMAN DILLON UNION SECURTIES	5	2	1969	KENDRICK,P.F.
EASTMAN DILLON UNION SECURTIES	5	2	1969	KELSEY,J.L.
EASTMAN DILLON UNION SECURTIES	5	2	1969	JONES,JR,H.L.
EASTMAN DILLON UNION SECURTIES	5	2	1969	JOHNSON,R.C.
EASTMAN DILLON UNION SECURTIES	5	2	1969	HILL,K.E.
EASTMAN DILLON UNION SECURTIES	5	2	1969	HAYES,J.J.
EASTMAN DILLON UNION SECURTIES	5	2	1969	HARVEY,W.B.
EASTMAN DILLON UNION SECURTIES	5	2	1969	GRISWOLD,J.C.
EASTMAN DILLON UNION SECURTIES	5	2	1969	GRIFFIN,F.O.
EASTMAN DILLON UNION SECURTIES	5	2	1969	GREGG,III,D.
EASTMAN DILLON UNION SECURTIES	5	2	1969	GALLAGHER,D.J.
EASTMAN DILLON UNION SECURTIES	5	2	1969	FRIED,E.M.
EASTMAN DILLON UNION SECURTIES	5	2	1969	FENICHELL,M.M.
EASTMAN DILLON UNION SECURTIES	5	2	1969	ELLIS,J.
EASTMAN DILLON UNION SECURTIES	5	2	1969	CRUIKSHANK,R.L.
EASTMAN DILLON UNION SECURTIES	5	2	1969	CORDO,W.F.
EASTMAN DILLON UNION SECURTIES	5	2	1969	COLEMAN,W.C.
EASTMAN DILLON UNION SECURTIES	5	2	1969	CLEARY,J.F.
EASTMAN DILLON UNION SECURTIES	5	2	1969	CAREY,W.W.
EASTMAN DILLON UNION SECURTIES	5	2	1969	CAMPBELL,L.R.
EASTMAN DILLON UNION SECURTIES	5	2	1969	BROKAW,III,C.K.
EASTMAN DILLON UNION SECURTIES	5	2	1969	BRAMHALL,G.W.
EASTMAN DILLON UNION SECURTIES	5	2	1969	BOOTHBY,JR,W.S.
EASTMAN DILLON UNION SECURTIES	5	2	1969	BOOTH,J.T.
EASTMAN DILLON UNION SECURTIES	5	2	1969	BOGERT,JR,H.L.
EASTMAN DILLON UNION SECURTIES	5	2	1969	BOCAGE,P.E.
EASTMAN DILLON UNION SECURTIES	5	2	1969	BAUM,D.C.
EASTMAN DILLON UNION SECURTIES	5	2	1969	BARTON,D.F.
EASTMAN DILLON UNION SECURTIES	5	2	1969	BAIER,D.J.
EASTMAN DILLON UNION SECURTIES	5	2	1969	ARONSON,L.I.
EASTMAN DILLON UNION SECURTIES	5	2	1969	ANDERSON,JR,W.A.
HAYDEN, STONE & CO.	5	2	1969	WITT,JR,L.W.
HAYDEN, STONE & CO.	5	2	1969	WESTHEIMER,R.I.
HAYDEN, STONE & CO.	5	2	1969	WARD,K.
HAYDEN, STONE & CO.	5	2	1969	TUCKER,J.E.
HAYDEN, STONE & CO.	5	2	1969	STROBEN,D.R.
HAYDEN, STONE & CO.	5	2	1969	STRAUSS,R.
HAYDEN, STONE & CO.	5	2	1969	STEVENSON,J.B.
HAYDEN, STONE & CO.	5	2	1969	STEARNS,J.P.
HAYDEN, STONE & CO.	5	2	1969	SOWERWINE,O.
HAYDEN, STONE & CO.	5	2	1969	SLOAN,III,S.
HAYDEN, STONE & CO.	5	2	1969	RAFFERTY,JR,M.G.
HAYDEN, STONE & CO.	5	2	1969	PECK,R.E.
HAYDEN, STONE & CO.	5	2	1969	MURRAY,G.A.
HAYDEN, STONE & CO.	5	2	1969	MULLIGAN,J.V.
HAYDEN, STONE & CO.	5	2	1969	MC SHANE,T.F.
HAYDEN, STONE & CO.	5	2	1969	LOVEJOY,J.S.
HAYDEN, STONE & CO.	5	2	1969	KELLY,C.J.
HAYDEN, STONE & CO.	5	2	1969	JARVIS,N.L.
HAYDEN, STONE & CO.	5	2	1969	ISAACSON,W.F.
HAYDEN, STONE & CO.	5	2	1969	HOLMYARD,H.R.
HAYDEN, STONE & CO.	5	2	1969	HODDER,E.J.
HAYDEN, STONE & CO.	5	2	1969	HARRIS,J.
HAYDEN, STONE & CO.	5	2	1969	GRIFFIN,K.J.
HAYDEN, STONE & CO.	5	2	1969	FIELD,JR,J.A.
HAYDEN, STONE & CO.	5	2	1969	DURA,S.J.
HAYDEN, STONE & CO.	5	2	1969	DINWOODIE,H.J.
HAYDEN, STONE & CO.	5	2	1969	COYLE,A.J.
HAYDEN, STONE & CO.	5	2	1969	CAMBERE,A.A.
HAYDEN, STONE & CO.	5	2	1969	BLANK,T.J.
HAYDEN, STONE & CO.	5	2	1969	BANNISTER,R.F.
HUTTON (E.F.) GROUP INC.	5	2	1969	WIGLEY,JR,W.R.
HUTTON (E.F.) GROUP INC.	5	2	1969	WELLIN,K.S.
HUTTON (E.F.) GROUP INC.	5	2	1969	SUMMERS,M.F.
HUTTON (E.F.) GROUP INC.	5	2	1969	SHAD,J.S.R.
HUTTON (E.F.) GROUP INC.	5	2	1969	MARCUS,A.R.
HUTTON (E.F.) GROUP INC.	5	2	1969	LYNCH,T.P.
HUTTON (E.F.) GROUP INC.	5	2	1969	LATSHAW,J.
HUTTON (E.F.) GROUP INC.	5	2	1969	JACK,A.R.
HUTTON (E.F.) GROUP INC.	5	2	1969	HAWKEY,R.D.
HUTTON (E.F.) GROUP INC.	5	2	1969	GOLDBERG,A.A.
HUTTON (E.F.) GROUP INC.	5	2	1969	FOMON,R.M.
HUTTON (E.F.) GROUP INC.	5	2	1969	DOREE,H.A.P.
HUTTON (E.F.) GROUP INC.	5	2	1969	DETWILER,P.M.
HUTTON (E.F.) GROUP INC.	5	2	1969	CRARY,JR,G.B.
HUTTON (E.F.) GROUP INC.	5	2	1969	CRARY,C.E.
HUTTON (E.F.) GROUP INC.	5	2	1969	COLEMAN,S.C.
HUTTON (E.F.) GROUP INC.	5	2	1969	CHESTER,P.P.
HUTTON (E.F.) GROUP INC.	5	2	1969	BURNS,III,J.F.
HUTTON (E.F.) GROUP INC.	5	2	1969	BACON,R.M.
PAINE WEBBER INC.	5	2	1969	WRIGHT,D.M.
PAINE WEBBER INC.	5	2	1969	WENZELL,A.T.
PAINE WEBBER INC.	5	2	1969	WASHBURN,G.
PAINE WEBBER INC.	5	2	1969	WALKER,H.R.
PAINE WEBBER INC.	5	2	1969	TOERGE,JR,N.K.
PAINE WEBBER INC.	5	2	1969	TOBIN,P.
PAINE WEBBER INC.	5	2	1969	THOMPSON,J.P.
PAINE WEBBER INC.	5	2	1969	THOMPSON,F.L.
PAINE WEBBER INC.	5	2	1969	TEEBOOM,J.W.
PAINE WEBBER INC.	5	2	1969	STRACHAN,R.G.
PAINE WEBBER INC.	5	2	1969	SIMPSON,D.E.
PAINE WEBBER INC.	5	2	1969	SHELTON,R.F.
PAINE WEBBER INC.	5	2	1969	SEARS,JR,F.P.
PAINE WEBBER INC.	5	2	1969	SCHWIEGER,J.H.
PAINE WEBBER INC.	5	2	1969	SAVILLE,E.F.
PAINE WEBBER INC.	5	2	1969	ROBERTS,A.H.
PAINE WEBBER INC.	5	2	1969	RILEY,C.H.
PAINE WEBBER INC.	5	2	1969	RACLIN,R.L.
PAINE WEBBER INC.	5	2	1969	PUNCH,R.D.
PAINE WEBBER INC.	5	2	1969	PRATT,A.
PAINE WEBBER INC.	5	2	1969	POSTLETHWAITE,F.R.
PAINE WEBBER INC.	5	2	1969	PIPER,III,A.R.
PAINE WEBBER INC.	5	2	1969	PIERCE,T.O.
PAINE WEBBER INC.	5	2	1969	PALMER,III,W.K.
PAINE WEBBER INC.	5	2	1969	O'BRIAN,T.D.
PAINE WEBBER INC.	5	2	1969	NORTH,F.W.
PAINE WEBBER INC.	5	2	1969	NORDBERG,H.F.
PAINE WEBBER INC.	5	2	1969	NIEMIEC,E.W.
PAINE WEBBER INC.	5	2	1969	NICKELSON,D.E.
PAINE WEBBER INC.	5	2	1969	MONROE,B.
PAINE WEBBER INC.	5	2	1969	MOELLER,E.G.
PAINE WEBBER INC.	5	2	1969	METCALF,R.T.P.
PAINE WEBBER INC.	5	2	1969	MENDE,T.F.
PAINE WEBBER INC.	5	2	1969	MEENTEMEIER,A.L.
PAINE WEBBER INC.	5	2	1969	MC HALE,J.E.
PAINE WEBBER INC.	5	2	1969	MC ELROY,F.X.
PAINE WEBBER INC.	5	2	1969	MASON,JR,L.W.
PAINE WEBBER INC.	5	2	1969	MACLIN,L.
PAINE WEBBER INC.	5	2	1969	MACARTHUR,R.W.
PAINE WEBBER INC.	5	2	1969	LUBY,J.M.
PAINE WEBBER INC.	5	2	1969	LEWIS,W.B.
PAINE WEBBER INC.	5	2	1969	LEBOUTILLIER,M.
PAINE WEBBER INC.	5	2	1969	KNOX,J.D.
PAINE WEBBER INC.	5	2	1969	KELLEY,R.J.
PAINE WEBBER INC.	5	2	1969	KANE,JR,T.G.
PAINE WEBBER INC.	5	2	1969	KANE,J.R.
PAINE WEBBER INC.	5	2	1969	JOYNES,L.D.
PAINE WEBBER INC.	5	2	1969	JOHNSON,R.B.
PAINE WEBBER INC.	5	2	1969	JAHNKE,D.F.
PAINE WEBBER INC.	5	2	1969	IVES,J.A.
PAINE WEBBER INC.	5	2	1969	GREEN,J.R.
PAINE WEBBER INC.	5	2	1969	GILMOR,R.
PAINE WEBBER INC.	5	2	1969	GILMOR,JR,R.
PAINE WEBBER INC.	5	2	1969	GILMAN,JR,H.N.
PAINE WEBBER INC.	5	2	1969	GESSNER,H.R.
PAINE WEBBER INC.	5	2	1969	GENTILE,V.
PAINE WEBBER INC.	5	2	1969	GARDNER,JR,G.P.
PAINE WEBBER INC.	5	2	1969	FLORENCE,J.O.
PAINE WEBBER INC.	5	2	1969	FISCHER,JR,H.A.
PAINE WEBBER INC.	5	2	1969	EVERTS,JR,A.P.
PAINE WEBBER INC.	5	2	1969	ELLIOTT,F.L.
PAINE WEBBER INC.	5	2	1969	DOLAN,J.P.
PAINE WEBBER INC.	5	2	1969	DEPLANQUE,N.
PAINE WEBBER INC.	5	2	1969	DAVANT,J.W.
PAINE WEBBER INC.	5	2	1969	DARLING,JR,N.J.
PAINE WEBBER INC.	5	2	1969	CORRINGTON,R.F.
PAINE WEBBER INC.	5	2	1969	CONKLIN,A.B.
PAINE WEBBER INC.	5	2	1969	CASEY,JR,J.D.
PAINE WEBBER INC.	5	2	1969	CARY,W.B.
PAINE WEBBER INC.	5	2	1969	CAPPS,JR,J.G.
PAINE WEBBER INC.	5	2	1969	BURNHANS,JR,V.D.
PAINE WEBBER INC.	5	2	1969	BRICK,J.
PAINE WEBBER INC.	5	2	1969	BRENNAN,E.R.
PAINE WEBBER INC.	5	2	1969	BOYD,B.
PAINE WEBBER INC.	5	2	1969	BOWMAN,R.P.
PAINE WEBBER INC.	5	2	1969	BLISS,O.E.
PAINE WEBBER INC.	5	2	1969	BILLMEYER,JR,H.D.
PAINE WEBBER INC.	5	2	1969	BERLIN,T.F.
PAINE WEBBER INC.	5	2	1969	BEEBE,J.E.
PAINE WEBBER INC.	5	2	1969	AUCH,W.E.
PAINE WEBBER INC.	5	2	1969	ARNOLD,JR,S.T.
PAINE WEBBER INC.	5	2	1969	ARBEENY,H.
PAINE WEBBER INC.	5	2	1969	APPELMANS,J.
PAINE WEBBER INC.	5	2	1969	AMES,C.O.
PAINE WEBBER INC.	5	2	1969	ALEXANDER,M.
PAINE WEBBER INC.	5	2	1969	ADAMS,JR,T.H.
SALOMON BROTHERS	5	2	1969	SPIEGEL,R.
SALOMON BROTHERS	5	2	1969	SMYTH,J.E.
SALOMON BROTHERS	5	2	1969	SIMON,W.E.
SALOMON BROTHERS	5	2	1969	SIMON,C.J.
SALOMON BROTHERS	5	2	1969	SCHMEELK,R.J.
SALOMON BROTHERS	5	2	1969	SARGENT,D.I.
SALOMON BROTHERS	5	2	1969	SALOMON,W.R.
SALOMON BROTHERS	5	2	1969	SALOMON,A.K.
SALOMON BROTHERS	5	2	1969	ROSENTHAL,R.G.
SALOMON BROTHERS	5	2	1969	QUINN,R.J.
SALOMON BROTHERS	5	2	1969	PERRY,J.H.
SALOMON BROTHERS	5	2	1969	OTTENS,J.H.
SALOMON BROTHERS	5	2	1969	O'BRIEN,J.J.
SALOMON BROTHERS	5	2	1969	MURRAY,II,T.E.
SALOMON BROTHERS	5	2	1969	MURPHY,JR,V.B.
SALOMON BROTHERS	5	2	1969	MEYER,J.L.
SALOMON BROTHERS	5	2	1969	MANIATTY,C.S.
SALOMON BROTHERS	5	2	1969	LOMBARD,J.P.
SALOMON BROTHERS	5	2	1969	LECHTMAN,I.M.
SALOMON BROTHERS	5	2	1969	LARABIE,R.D.
SALOMON BROTHERS	5	2	1969	KELLY,D.M.
SALOMON BROTHERS	5	2	1969	KAUFMAN,H.
SALOMON BROTHERS	5	2	1969	HOROWITZ,G.B.
SALOMON BROTHERS	5	2	1969	HOMER,S.
SALOMON BROTHERS	5	2	1969	HARRIS,J.I.
SALOMON BROTHERS	5	2	1969	GUTFREUND,J.H.
SALOMON BROTHERS	5	2	1969	CRABTREE,J.S.
SALOMON BROTHERS	5	2	1969	BROWN,H.
SALOMON BROTHERS	5	2	1969	ARKIN,S.J.
CHEMICAL NATIONAL (NYC)	3	2	1969	VILA,G.R.
CHEMICAL NATIONAL (NYC)	3	2	1969	TYSON,R.C.
CHEMICAL NATIONAL (NYC)	3	2	1969	SEILER,L.P.
CHEMICAL NATIONAL (NYC)	3	2	1969	ROMNES,H.I.
CHEMICAL NATIONAL (NYC)	3	2	1969	RICE,W.T.
CHEMICAL NATIONAL (NYC)	3	2	1969	RENCHARD,W.S.
CHEMICAL NATIONAL (NYC)	3	2	1969	PAYNTER,JR,R.K.
CHEMICAL NATIONAL (NYC)	3	2	1969	NEWMAN,J.W.
CHEMICAL NATIONAL (NYC)	3	2	1969	MILLER,I.
CHEMICAL NATIONAL (NYC)	3	2	1969	MC CALL,JR,H.W.
CHEMICAL NATIONAL (NYC)	3	2	1969	MARUSI,A.R.
CHEMICAL NATIONAL (NYC)	3	2	1969	MARSH,JR,W.P.
CHEMICAL NATIONAL (NYC)	3	2	1969	LEARSON,T.V.
CHEMICAL NATIONAL (NYC)	3	2	1969	KEEHN,G.
CHEMICAL NATIONAL (NYC)	3	2	1969	HILLMAN,H.L.
CHEMICAL NATIONAL (NYC)	3	2	1969	HELM,H.H.
CHEMICAL NATIONAL (NYC)	3	2	1969	HARRIS,H.U.
CHEMICAL NATIONAL (NYC)	3	2	1969	HARDER,H.C.
CHEMICAL NATIONAL (NYC)	3	2	1969	GOELET,R.G.
CHEMICAL NATIONAL (NYC)	3	2	1969	FUNSTON,G.K.
CHEMICAL NATIONAL (NYC)	3	2	1969	COPELAND,L.D.
CHEMICAL NATIONAL (NYC)	3	2	1969	BLACK,K.E.
CHEMICAL NATIONAL (NYC)	3	2	1969	BAKER,C.
CHEMICAL NATIONAL (NYC)	3	2	1969	ALDRICH,H.S.
WELLS FARGO & CO (S.F)	3	2	1969	SINCLAIR,P.T.
WELLS FARGO & CO (S.F)	3	2	1969	ROBERTS,W.E.
WELLS FARGO & CO (S.F)	3	2	1969	PHLEGER,H.
WELLS FARGO & CO (S.F)	3	2	1969	ODELL,R.S.
WELLS FARGO & CO (S.F)	3	2	1969	MILLER,R.W.
WELLS FARGO & CO (S.F)	3	2	1969	MILLER,A.
WELLS FARGO & CO (S.F)	3	2	1969	MAILLIARD,III,J.W.
WELLS FARGO & CO (S.F)	3	2	1969	LITTLEFIELD,E.W.
WELLS FARGO & CO (S.F)	3	2	1969	LAPHAM,JR,R.D.
WELLS FARGO & CO (S.F)	3	2	1969	HELLMAN,I.W.
WELLS FARGO & CO (S.F)	3	2	1969	HAIT,J.M.
WELLS FARGO & CO (S.F)	3	2	1969	GUGGENHIME,R.E.
WELLS FARGO & CO (S.F)	3	2	1969	FULLER,III,W.P.
WELLS FARGO & CO (S.F)	3	2	1969	FOLGER,J.A.
WELLS FARGO & CO (S.F)	3	2	1969	FLOOD,J.
WELLS FARGO & CO (S.F)	3	2	1969	FIRESTONE,L.K.
WELLS FARGO & CO (S.F)	3	2	1969	COUNTRYMAN,J.E.
WELLS FARGO & CO (S.F)	3	2	1969	COOLEY,R.P.
WELLS FARGO & CO (S.F)	3	2	1969	COOK,R.M.
WELLS FARGO & CO (S.F)	3	2	1969	COOK,JR,P.
WELLS FARGO & CO (S.F)	3	2	1969	BRIDGES,R.L.
WELLS FARGO & CO (S.F)	3	2	1969	BRENNER,W.R.
WELLS FARGO & CO (S.F)	3	2	1969	BECHTEL,K.K.
WELLS FARGO & CO (S.F)	3	2	1969	ARBUCKLE,E.C.
FIRST NATIONAL (BOS)	3	2	1969	STODDARD,R.W.
FIRST NATIONAL (BOS)	3	2	1969	SPRAGUE,R.C.
FIRST NATIONAL (BOS)	3	2	1969	SLATER,R.E.
FIRST NATIONAL (BOS)	3	2	1969	SCHUMACHER,E.W.
FIRST NATIONAL (BOS)	3	2	1969	PUTNAM,D.F.
FIRST NATIONAL (BOS)	3	2	1969	OLMSTEAD,J.W.
FIRST NATIONAL (BOS)	3	2	1969	O'KEEFFE,A.
FIRST NATIONAL (BOS)	3	2	1969	MC CONCHIE,J.L.
FIRST NATIONAL (BOS)	3	2	1969	MASON,A.B.
FIRST NATIONAL (BOS)	3	2	1969	LINDSAY,F.A.
FIRST NATIONAL (BOS)	3	2	1969	KRAUSE,R.F.
FIRST NATIONAL (BOS)	3	2	1969	JOHNSON,H.B.
FIRST NATIONAL (BOS)	3	2	1969	HILL,R.D.
FIRST NATIONAL (BOS)	3	2	1969	GROVES,S.A.
FIRST NATIONAL (BOS)	3	2	1969	GOLDSTON,E.
FIRST NATIONAL (BOS)	3	2	1969	GALLIGAN,JR,T.J.
FIRST NATIONAL (BOS)	3	2	1969	FARWELL,F.L.
FIRST NATIONAL (BOS)	3	2	1969	DAMON,R.C.
FIRST NATIONAL (BOS)	3	2	1969	BROWN,W.L.
FIRST NATIONAL (BOS)	3	2	1969	BREWSTER,W.S.
FIRST NATIONAL (BOS)	3	2	1969	BRACE,L.D.
FIRST NATIONAL (BOS)	3	2	1969	BLEICKEN,G.D.
FIRST NATIONAL (BOS)	3	2	1969	BARRY,A.G.
FIRST NATIONAL (BOS)	3	2	1969	BAKER,G.P.
FIRST NATIONAL (BOS)	3	2	1969	ADAMS,C.F.
BANKERS TRUST (NYC)	3	2	1969	WATSON,JR,T.J.
BANKERS TRUST (NYC)	3	2	1969	TOWL,E.C.
BANKERS TRUST (NYC)	3	2	1969	THAYER,W.N.
BANKERS TRUST (NYC)	3	2	1969	TAYLOR,W.T.
BANKERS TRUST (NYC)	3	2	1969	TARKINGTON,A.W.
BANKERS TRUST (NYC)	3	2	1969	ROONEY,JR,F.C.
BANKERS TRUST (NYC)	3	2	1969	ROONEY,E.S.
BANKERS TRUST (NYC)	3	2	1969	REED,P.D.
BANKERS TRUST (NYC)	3	2	1969	NOLEN,H.C.
BANKERS TRUST (NYC)	3	2	1969	MOORE,W.H.
BANKERS TRUST (NYC)	3	2	1969	MAY,W.F.
BANKERS TRUST (NYC)	3	2	1969	MARTING,W.A.
BANKERS TRUST (NYC)	3	2	1969	MARKS,W.C.
BANKERS TRUST (NYC)	3	2	1969	MALOZEMOFF,P.
BANKERS TRUST (NYC)	3	2	1969	LAPHAN,L.A.
BANKERS TRUST (NYC)	3	2	1969	GORMAN,P.A.
BANKERS TRUST (NYC)	3	2	1969	DUNN,K.
BANKERS TRUST (NYC)	3	2	1969	DUNCKEL,W.B.
BANKERS TRUST (NYC)	3	2	1969	DOANE,R.C.
BANKERS TRUST (NYC)	3	2	1969	CULLMAN,III,J.F.
BANKERS TRUST (NYC)	3	2	1969	BROOKS,J.W.
BANKERS TRUST (NYC)	3	2	1969	BRITTAIN,III,A.
BANKERS TRUST (NYC)	3	2	1969	BICKMORE,L.S.
BANK OF AMERICA (S.F)	3	2	1969	WENTE,C.F.
BANK OF AMERICA (S.F)	3	2	1969	WASSON,E.H.
BANK OF AMERICA (S.F)	3	2	1969	VONDERAHE,T.
BANK OF AMERICA (S.F)	3	2	1969	TOGNAZZINI,R.
BANK OF AMERICA (S.F)	3	2	1969	STEWART,S.B.
BANK OF AMERICA (S.F)	3	2	1969	SBARBORO,A.E.
BANK OF AMERICA (S.F)	3	2	1969	PETRI,L.A.
BANK OF AMERICA (S.F)	3	2	1969	PETERSON,R.A.
BANK OF AMERICA (S.F)	3	2	1969	MURPHY,F.D.
BANK OF AMERICA (S.F)	3	2	1969	MC ENERNEY,II,G.
BANK OF AMERICA (S.F)	3	2	1969	MC DANIEL,JR,T.M.
BANK OF AMERICA (S.F)	3	2	1969	LUNDBORG,L.B.
BANK OF AMERICA (S.F)	3	2	1969	HOFFMAN,C.G.
BANK OF AMERICA (S.F)	3	2	1969	HALE,P.C.
BANK OF AMERICA (S.F)	3	2	1969	HALE,M.
BANK OF AMERICA (S.F)	3	2	1969	HAAS,JR,W.A.
BANK OF AMERICA (S.F)	3	2	1969	GETTY,II,G.F.
BANK OF AMERICA (S.F)	3	2	1969	FERROGGIARO,F.A.
BANK OF AMERICA (S.F)	3	2	1969	DILLINGHAM,L.S.
BANK OF AMERICA (S.F)	3	2	1969	DIGIORGIO,R.
BANK OF AMERICA (S.F)	3	2	1969	CUSHMAN,A.T.
BANK OF AMERICA (S.F)	3	2	1969	CLAUSEN,A.W.
BANK OF AMERICA (S.F)	3	2	1969	CHEATHAM,O.R.
BANK OF AMERICA (S.F)	3	2	1969	BRYANT,D.P.
BANK OF AMERICA (S.F)	3	2	1969	BEISE,S.C.
BANK OF AMERICA (S.F)	3	2	1969	BAKER,H.S.
BANK OF AMERICA (S.F)	3	2	1969	ASH,R.L.
CONTINENTAL ILLINOIS NATIONAL (CHI)	3	2	1969	WRIGHT,J.S.
CONTINENTAL ILLINOIS NATIONAL (CHI)	3	2	1969	RENEKER,R.W.
CONTINENTAL ILLINOIS NATIONAL (CHI)	3	2	1969	QUINN,W.J.
CONTINENTAL ILLINOIS NATIONAL (CHI)	3	2	1969	PERKINS,J.H.
CONTINENTAL ILLINOIS NATIONAL (CHI)	3	2	1969	MORGAN,G.J.
CONTINENTAL ILLINOIS NATIONAL (CHI)	3	2	1969	MILLIGAN,R.L.
CONTINENTAL ILLINOIS NATIONAL (CHI)	3	2	1969	KECK,G.E.
CONTINENTAL ILLINOIS NATIONAL (CHI)	3	2	1969	JOHNSON,W.B.
CONTINENTAL ILLINOIS NATIONAL (CHI)	3	2	1969	HEWITT,W.A.
CONTINENTAL ILLINOIS NATIONAL (CHI)	3	2	1969	GRAHAM,D.M.
CONTINENTAL ILLINOIS NATIONAL (CHI)	3	2	1969	FENTRESS,JR,C.
CONTINENTAL ILLINOIS NATIONAL (CHI)	3	2	1969	CUMMINGS,T.
CONTINENTAL ILLINOIS NATIONAL (CHI)	3	2	1969	CROWN,L.
CONTINENTAL ILLINOIS NATIONAL (CHI)	3	2	1969	CORT,S.S.
CONTINENTAL ILLINOIS NATIONAL (CHI)	3	2	1969	COREY,G.R.
CONTINENTAL ILLINOIS NATIONAL (CHI)	3	2	1969	COOK,J.W.
CONTINENTAL ILLINOIS NATIONAL (CHI)	3	2	1969	CAIN,G.R.
CONTINENTAL ILLINOIS NATIONAL (CHI)	3	2	1969	BUZARD,R.M.
CONTINENTAL ILLINOIS NATIONAL (CHI)	3	2	1969	BLOCK,JR,P.D.
CONTINENTAL ILLINOIS NATIONAL (CHI)	3	2	1969	BERE,J.F.
CONTINENTAL ILLINOIS NATIONAL (CHI)	3	2	1969	BAKER,C.
CONTINENTAL ILLINOIS NATIONAL (CHI)	3	2	1969	ANDERSON,R.E.
CHASE MANHATTAN (NYC)	3	2	1969	SWEARINGEN,J.E.
CHASE MANHATTAN (NYC)	3	2	1969	STONE,W.
CHASE MANHATTAN (NYC)	3	2	1969	SAUNDERS,S.T.
CHASE MANHATTAN (NYC)	3	2	1969	ROEDER,JR,G.A.
CHASE MANHATTAN (NYC)	3	2	1969	ROCKEFELLER,D.
CHASE MANHATTAN (NYC)	3	2	1969	PLACE,J.B.M.
CHASE MANHATTAN (NYC)	3	2	1969	PERKINS,J.A.
CHASE MANHATTAN (NYC)	3	2	1969	PATTERSON,H.P.
CHASE MANHATTAN (NYC)	3	2	1969	PARKINSON,C.J.
CHASE MANHATTAN (NYC)	3	2	1969	OATES,JR,J.F.
CHASE MANHATTAN (NYC)	3	2	1969	MYERS,JR,C.F.
CHASE MANHATTAN (NYC)	3	2	1969	MILBANK,JR,J.
CHASE MANHATTAN (NYC)	3	2	1969	MARTINO,J.A.
CHASE MANHATTAN (NYC)	3	2	1969	LAZARUS,R.
CHASE MANHATTAN (NYC)	3	2	1969	KAPPEL,F.R.
CHASE MANHATTAN (NYC)	3	2	1969	JAMIESON,J.K.
CHASE MANHATTAN (NYC)	3	2	1969	HEWLWTT,W.R.
CHASE MANHATTAN (NYC)	3	2	1969	DILWORTH,J.R.
CHASE MANHATTAN (NYC)	3	2	1969	DILLON,C.D.
CHASE MANHATTAN (NYC)	3	2	1969	DEWITT,J.D.
CHASE MANHATTAN (NYC)	3	2	1969	COOK,C.W.
CHASE MANHATTAN (NYC)	3	2	1969	CONNOR,J.T.
CHASE MANHATTAN (NYC)	3	2	1969	CHAMPION,G.
CHASE MANHATTAN (NYC)	3	2	1969	BLACK,E.R.
CHASE MANHATTAN (NYC)	3	2	1969	ANDERSON,R.O.
FIRST NATIONAL CITY (NYC)	3	2	1969	WRISTON,W.B.
FIRST NATIONAL CITY (NYC)	3	2	1969	WOODWARD,JR,M.C.
FIRST NATIONAL CITY (NYC)	3	2	1969	WINTHROP,R.
FIRST NATIONAL CITY (NYC)	3	2	1969	WILSON,J.C.
FIRST NATIONAL CITY (NYC)	3	2	1969	WILLIAMS,A.L.
FIRST NATIONAL CITY (NYC)	3	2	1969	WILCOX,T.R.
FIRST NATIONAL CITY (NYC)	3	2	1969	TRIPP,H.W.
FIRST NATIONAL CITY (NYC)	3	2	1969	SOMMER,C.H.
FIRST NATIONAL CITY (NYC)	3	2	1969	ROCKEFELLER,J.S.
FIRST NATIONAL CITY (NYC)	3	2	1969	PERKINS,R.S.
FIRST NATIONAL CITY (NYC)	3	2	1969	OLIVER,W.F.
FIRST NATIONAL CITY (NYC)	3	2	1969	OELMAN,R.S.
FIRST NATIONAL CITY (NYC)	3	2	1969	MORTIMER,C.G.
FIRST NATIONAL CITY (NYC)	3	2	1969	MOORE,G.S.
FIRST NATIONAL CITY (NYC)	3	2	1969	MILLIKEN,R.
FIRST NATIONAL CITY (NYC)	3	2	1969	METCALF,G.M.
FIRST NATIONAL CITY (NYC)	3	2	1969	MC COY,C.B.
FIRST NATIONAL CITY (NYC)	3	2	1969	LAERI,J.H.
FIRST NATIONAL CITY (NYC)	3	2	1969	KIMBERLY,J.R.
FIRST NATIONAL CITY (NYC)	3	2	1969	JENKINS,G.P.
FIRST NATIONAL CITY (NYC)	3	2	1969	HOUGHTON,JR,A.A.
FIRST NATIONAL CITY (NYC)	3	2	1969	HOUGHTON,A.
FIRST NATIONAL CITY (NYC)	3	2	1969	HALL,J.G.
FIRST NATIONAL CITY (NYC)	3	2	1969	HAIDER,M.L.
FIRST NATIONAL CITY (NYC)	3	2	1969	GWINN,W.P.
FIRST NATIONAL CITY (NYC)	3	2	1969	GREENOUGH,W.C.
FIRST NATIONAL CITY (NYC)	3	2	1969	GRAZIER,J.A.
FIRST NATIONAL CITY (NYC)	3	2	1969	GRAND,G.
FIRST NATIONAL CITY (NYC)	3	2	1969	GRACE,J.P.
FIRST NATIONAL CITY (NYC)	3	2	1969	GELINAS,L.P.
FIRST NATIONAL CITY (NYC)	3	2	1969	FURLAUD,R.M.
FIRST NATIONAL CITY (NYC)	3	2	1969	EILERS,L.K.
FIRST NATIONAL CITY (NYC)	3	2	1969	EATON,F.M.
FIRST NATIONAL CITY (NYC)	3	2	1969	DESCH,C.W.
FIRST NATIONAL CITY (NYC)	3	2	1969	DEBUTTS,J.D.
FIRST NATIONAL CITY (NYC)	3	2	1969	DANIELS,F.J.
FIRST NATIONAL CITY (NYC)	3	2	1969	CHUBB,II,P.
FIRST NATIONAL CITY (NYC)	3	2	1969	CHISHOLM,W.H.
FIRST NATIONAL CITY (NYC)	3	2	1969	BRINCKERHOFF,C.M.
FIRST NATIONAL CITY (NYC)	3	2	1969	BATTEN,W.M.
FIRST NATIONAL CITY (NYC)	3	2	1969	BARTHOLOMEW,D.T.
FIRST NATIONAL CITY (NYC)	3	2	1969	BARNETT,F.E.
FIRST NATIONAL CITY (NYC)	3	2	1969	BAKER,JR,G.F.
FIRST NATIONAL CITY (NYC)	3	2	1969	ALDINGTON,L.
MANUFACTURERS HANOVER TRUST (NYC)	3	2	1969	ZIPF,G.G.
MANUFACTURERS HANOVER TRUST (NYC)	3	2	1969	TOWNSEND,L.A.
MANUFACTURERS HANOVER TRUST (NYC)	3	2	1969	THOMAS,W.F.
MANUFACTURERS HANOVER TRUST (NYC)	3	2	1969	SARNOFF,R.W.
MANUFACTURERS HANOVER TRUST (NYC)	3	2	1969	REYNOLDS,JR,R.S.
MANUFACTURERS HANOVER TRUST (NYC)	3	2	1969	NORTHROP,E.S.
MANUFACTURERS HANOVER TRUST (NYC)	3	2	1969	MUNROE,G.B.
MANUFACTURERS HANOVER TRUST (NYC)	3	2	1969	MC NEILL,JR,R.E.
MANUFACTURERS HANOVER TRUST (NYC)	3	2	1969	MC GILLICUDDY,J.F.
MANUFACTURERS HANOVER TRUST (NYC)	3	2	1969	MASON,JR,B.
MANUFACTURERS HANOVER TRUST (NYC)	3	2	1969	LEITHEAD,B.T.
MANUFACTURERS HANOVER TRUST (NYC)	3	2	1969	LAPORTE,W.F.
MANUFACTURERS HANOVER TRUST (NYC)	3	2	1969	HILTON,B.
MANUFACTURERS HANOVER TRUST (NYC)	3	2	1969	HEYKE,JR,J.E.
MANUFACTURERS HANOVER TRUST (NYC)	3	2	1969	HERD,J.V.
MANUFACTURERS HANOVER TRUST (NYC)	3	2	1969	HAUGE,G.
MANUFACTURERS HANOVER TRUST (NYC)	3	2	1969	HANSBERGER,R.V.
MANUFACTURERS HANOVER TRUST (NYC)	3	2	1969	GOTTSHALL,R.K.
MANUFACTURERS HANOVER TRUST (NYC)	3	2	1969	GILMER,B.S.
MANUFACTURERS HANOVER TRUST (NYC)	3	2	1969	DEL'SLE,V.
MANUFACTURERS HANOVER TRUST (NYC)	3	2	1969	COLEMAN,J.A.
MANUFACTURERS HANOVER TRUST (NYC)	3	2	1969	BEINECKE,W.S.
MANUFACTURERS HANOVER TRUST (NYC)	3	2	1969	BEERS,W.O.
MANUFACTURERS HANOVER TRUST (NYC)	3	2	1969	BANCROFT,T.M.
MORGAN GUARANTY TRUST (NYC)	3	2	1969	WINGATE,H.S.
MORGAN GUARANTY TRUST (NYC)	3	2	1969	SMITH,O.D.
MORGAN GUARANTY TRUST (NYC)	3	2	1969	SHARP,D.E.
MORGAN GUARANTY TRUST (NYC)	3	2	1969	RODD,T.
MORGAN GUARANTY TRUST (NYC)	3	2	1969	PERKINS,T.L.
MORGAN GUARANTY TRUST (NYC)	3	2	1969	PATTERSON,E.C.
MORGAN GUARANTY TRUST (NYC)	3	2	1969	PAGE,W.H.
MORGAN GUARANTY TRUST (NYC)	3	2	1969	MORGENS,H.J.
MORGAN GUARANTY TRUST (NYC)	3	2	1969	MEYER,JR,J.M.
MORGAN GUARANTY TRUST (NYC)	3	2	1969	MC COLLUM,L.F.
MORGAN GUARANTY TRUST (NYC)	3	2	1969	MARTIN,E.F.
MORGAN GUARANTY TRUST (NYC)	3	2	1969	LEACH,R.F.
MORGAN GUARANTY TRUST (NYC)	3	2	1969	KIRCHER,D.P.
MORGAN GUARANTY TRUST (NYC)	3	2	1969	HINTON,L.
MORGAN GUARANTY TRUST (NYC)	3	2	1969	GREENEWALT,C.H.
MORGAN GUARANTY TRUST (NYC)	3	2	1969	GATES,T.S.
MORGAN GUARANTY TRUST (NYC)	3	2	1969	DORRANCE,JR,J.T.
MORGAN GUARANTY TRUST (NYC)	3	2	1969	DICKEY,JR,C.D.
MORGAN GUARANTY TRUST (NYC)	3	2	1969	COLLADO,E.G.
MORGAN GUARANTY TRUST (NYC)	3	2	1969	CLAYTOR,JR,W.G.
MORGAN GUARANTY TRUST (NYC)	3	2	1969	CARY,F.T.
MORGAN GUARANTY TRUST (NYC)	3	2	1969	BURGESS,C.L.
MORGAN GUARANTY TRUST (NYC)	3	2	1969	BROWN,JR,R.M.
MORGAN GUARANTY TRUST (NYC)	3	2	1969	AUSTIN,J.P.
MELLON NATIONAL BANK & TRUST (PIT)	3	2	1969	WYCKOFF,G.W.
MELLON NATIONAL BANK & TRUST (PIT)	3	2	1969	WORTHINGTON,L.B.
MELLON NATIONAL BANK & TRUST (PIT)	3	2	1969	SNYDER,III,W.P.
MELLON NATIONAL BANK & TRUST (PIT)	3	2	1969	SCAIFE,R.M.
MELLON NATIONAL BANK & TRUST (PIT)	3	2	1969	RYAN,JR,J.T.
MELLON NATIONAL BANK & TRUST (PIT)	3	2	1969	ROCKWELL,JR,W.F.
MELLON NATIONAL BANK & TRUST (PIT)	3	2	1969	REA,W.H.
MELLON NATIONAL BANK & TRUST (PIT)	3	2	1969	MELLON,R.K.
MELLON NATIONAL BANK & TRUST (PIT)	3	2	1969	MELLON,P.
MELLON NATIONAL BANK & TRUST (PIT)	3	2	1969	MAYER,J.A.
MELLON NATIONAL BANK & TRUST (PIT)	3	2	1969	LOCKHART,G.D.
MELLON NATIONAL BANK & TRUST (PIT)	3	2	1969	HEINZ,II,H.J.
MELLON NATIONAL BANK & TRUST (PIT)	3	2	1969	HARPER,J.D.
MELLON NATIONAL BANK & TRUST (PIT)	3	2	1969	FOY,F.C.
MELLON NATIONAL BANK & TRUST (PIT)	3	2	1969	FISHER,A.W.
MELLON NATIONAL BANK & TRUST (PIT)	3	2	1969	EVANS,R.F.
MELLON NATIONAL BANK & TRUST (PIT)	3	2	1969	DENTON,F.R.
MELLON NATIONAL BANK & TRUST (PIT)	3	2	1969	CORCORAN,J.
MELLON NATIONAL BANK & TRUST (PIT)	3	2	1969	BURNHAM,D.C.
MELLON NATIONAL BANK & TRUST (PIT)	3	2	1969	BROCKETT,E.D.
MELLON NATIONAL BANK & TRUST (PIT)	3	2	1969	BOWDEN,A.B.
MELLON NATIONAL BANK & TRUST (PIT)	3	2	1969	BEEGHLY,C.M.
MELLON NATIONAL BANK & TRUST (PIT)	3	2	1969	BARKER,R.F.
MELLON NATIONAL BANK & TRUST (PIT)	3	2	1969	AHLBRANDT,R.S.
NATIONAL BANK OF DETROIT (DET)	3	2	1969	VALLEY,D.F.
NATIONAL BANK OF DETROIT (DET)	3	2	1969	SURDAM,R.M.
NATIONAL BANK OF DETROIT (DET)	3	2	1969	STROH,P.W.
NATIONAL BANK OF DETROIT (DET)	3	2	1969	STOCKER,D.L.
NATIONAL BANK OF DETROIT (DET)	3	2	1969	STINSON,G.A.
NATIONAL BANK OF DETROIT (DET)	3	2	1969	SMITH,A.
NATIONAL BANK OF DETROIT (DET)	3	2	1969	SHAPERO,N.S.
NATIONAL BANK OF DETROIT (DET)	3	2	1969	SEMPLE,R.B.
NATIONAL BANK OF DETROIT (DET)	3	2	1969	PARKER,JR,G.E.
NATIONAL BANK OF DETROIT (DET)	3	2	1969	MONAGHAN,P.J.
NATIONAL BANK OF DETROIT (DET)	3	2	1969	MISCH,F.W.
NATIONAL BANK OF DETROIT (DET)	3	2	1969	MERRY,E.B.
NATIONAL BANK OF DETROIT (DET)	3	2	1969	MC ELVENNY,R.T.
NATIONAL BANK OF DETROIT (DET)	3	2	1969	HUDSON,JR,J.L.
NATIONAL BANK OF DETROIT (DET)	3	2	1969	GORDON,J.F.
NATIONAL BANK OF DETROIT (DET)	3	2	1969	FORD,J.B.
NATIONAL BANK OF DETROIT (DET)	3	2	1969	FONTAINE,A.P.
NATIONAL BANK OF DETROIT (DET)	3	2	1969	FISHER,III,C.T.
NATIONAL BANK OF DETROIT (DET)	3	2	1969	FISHER,E.F.
NATIONAL BANK OF DETROIT (DET)	3	2	1969	DOAN,L.I.
NATIONAL BANK OF DETROIT (DET)	3	2	1969	DAY,W.M.
NATIONAL BANK OF DETROIT (DET)	3	2	1969	CUNNINGHAM,H.B.
NATIONAL BANK OF DETROIT (DET)	3	2	1969	BRYN,I.
NATIONAL BANK OF DETROIT (DET)	3	2	1969	BODMAN,H.T.
NATIONAL BANK OF DETROIT (DET)	3	2	1969	AYMOND,A.H.
WESTERN BANKCORPORATION (L.A)	3	2	1969	VOSS,R.J.
WESTERN BANKCORPORATION (L.A)	3	2	1969	TWETER,C.
WESTERN BANKCORPORATION (L.A)	3	2	1969	THORNTON,C.B.
WESTERN BANKCORPORATION (L.A)	3	2	1969	SWINDELLS,W.S.
WESTERN BANKCORPORATION (L.A)	3	2	1969	SKAGGS,JR,L.S.
WESTERN BANKCORPORATION (L.A)	3	2	1969	MUDD,H.T.
WESTERN BANKCORPORATION (L.A)	3	2	1969	MC CONE,J.A.
WESTERN BANKCORPORATION (L.A)	3	2	1969	KING,F.L.
WESTERN BANKCORPORATION (L.A)	3	2	1969	HAZELTINE,S.
WESTERN BANKCORPORATION (L.A)	3	2	1969	HALE,S.G.
WESTERN BANKCORPORATION (L.A)	3	2	1969	DREWS,R.J.
WESTERN BANKCORPORATION (L.A)	3	2	1969	DOUGLAS,L.W.
WESTERN BANKCORPORATION (L.A)	3	2	1969	CHAFFEY,A.E.S.
WESTERN BANKCORPORATION (L.A)	3	2	1969	CARTER,E.W.
WESTERN BANKCORPORATION (L.A)	3	2	1969	CALL,A.V.
WESTERN BANKCORPORATION (L.A)	3	2	1969	BERGER,W.O.
WESTERN BANKCORPORATION (L.A)	3	2	1969	BARKER,JR,N.
FIRST CHICAGO CORP (CHI)	3	2	1969	WALGREEN,JR,C.R.
FIRST CHICAGO CORP (CHI)	3	2	1969	SWEARINGEN,J.E.
FIRST CHICAGO CORP (CHI)	3	2	1969	STUART,JR,R.D.
FIRST CHICAGO CORP (CHI)	3	2	1969	SIVAGE,G.A.
FIRST CHICAGO CORP (CHI)	3	2	1969	PRINCE,W.W.
FIRST CHICAGO CORP (CHI)	3	2	1969	PETERSON,P.G.
FIRST CHICAGO CORP (CHI)	3	2	1969	METCALF,G.M.
FIRST CHICAGO CORP (CHI)	3	2	1969	MENK,L.W.
FIRST CHICAGO CORP (CHI)	3	2	1969	MC CORMICK,B.
FIRST CHICAGO CORP (CHI)	3	2	1969	LIVINGSTON,H.J.
FIRST CHICAGO CORP (CHI)	3	2	1969	INGERSOLL,R.S.
FIRST CHICAGO CORP (CHI)	3	2	1969	HEINEMAN,B.W.
FIRST CHICAGO CORP (CHI)	3	2	1969	GWINN,R.P.
FIRST CHICAGO CORP (CHI)	3	2	1969	GRAY,J.D.
FIRST CHICAGO CORP (CHI)	3	2	1969	GRAHAM,W.B.
FIRST CHICAGO CORP (CHI)	3	2	1969	FREEMAN,JR,G.A.
FIRST CHICAGO CORP (CHI)	3	2	1969	DRICK,J.E.
FIRST CHICAGO CORP (CHI)	3	2	1969	DONNELLEY,G.
FIRST CHICAGO CORP (CHI)	3	2	1969	BLOCK,J.L.
FIRST CHICAGO CORP (CHI)	3	2	1969	BLETTNER,E.F.
FIRST CHICAGO CORP (CHI)	3	2	1969	AYERS,T.G.
SECURITY PACIFIC NATIONAL (L.A)	3	2	1969	VONHAGEN,R.R.
SECURITY PACIFIC NATIONAL (L.A)	3	2	1969	TEAGUE,M.M.
SECURITY PACIFIC NATIONAL (L.A)	3	2	1969	SIEGEL,W.E.
SECURITY PACIFIC NATIONAL (L.A)	3	2	1969	SCHIECK,C.K.
SECURITY PACIFIC NATIONAL (L.A)	3	2	1969	O'MELVENY,J.
SECURITY PACIFIC NATIONAL (L.A)	3	2	1969	MC DANIEL,G.
SECURITY PACIFIC NATIONAL (L.A)	3	2	1969	LAWLER,O.T.
SECURITY PACIFIC NATIONAL (L.A)	3	2	1969	LARKIN,JR,F.G.
SECURITY PACIFIC NATIONAL (L.A)	3	2	1969	KOTCHIAN,A.C.
SECURITY PACIFIC NATIONAL (L.A)	3	2	1969	KECK,JR,W.M.
SECURITY PACIFIC NATIONAL (L.A)	3	2	1969	JENNINGS,F.C.
SECURITY PACIFIC NATIONAL (L.A)	3	2	1969	JACKSON,R.C.
SECURITY PACIFIC NATIONAL (L.A)	3	2	1969	HARTNACK,C.E.
SECURITY PACIFIC NATIONAL (L.A)	3	2	1969	GRANT,R.A.
SECURITY PACIFIC NATIONAL (L.A)	3	2	1969	ESSICK,B.
SECURITY PACIFIC NATIONAL (L.A)	3	2	1969	DUCOMMUN,C.E.
SECURITY PACIFIC NATIONAL (L.A)	3	2	1969	DOLLAR,JR,R.S.
SECURITY PACIFIC NATIONAL (L.A)	3	2	1969	CORBIN,E.H.
SECURITY PACIFIC NATIONAL (L.A)	3	2	1969	COLEFAX,P.
SECURITY PACIFIC NATIONAL (L.A)	3	2	1969	CHANDLER,N.
SECURITY PACIFIC NATIONAL (L.A)	3	2	1969	CANNON,R.J.
SECURITY PACIFIC NATIONAL (L.A)	3	2	1969	CANDY,JR,W.W.
SECURITY PACIFIC NATIONAL (L.A)	3	2	1969	BRODY,S.F.
SECURITY PACIFIC NATIONAL (L.A)	3	2	1969	BOSWELL,II,J.G.
SECURITY PACIFIC NATIONAL (L.A)	3	2	1969	BECKMAN,A.O.
MARINE MIDLAND (BUF)	3	2	1969	WINDING,C.A.
MARINE MIDLAND (BUF)	3	2	1969	WILLIAMS,G.R.
MARINE MIDLAND (BUF)	3	2	1969	WILKIE,J.
MARINE MIDLAND (BUF)	3	2	1969	WENDEL,W.H.
MARINE MIDLAND (BUF)	3	2	1969	SCHEU,R.S.
MARINE MIDLAND (BUF)	3	2	1969	RUPLEY,A.S.
MARINE MIDLAND (BUF)	3	2	1969	PHALEN,C.W.
MARINE MIDLAND (BUF)	3	2	1969	OWENS,C.W.
MARINE MIDLAND (BUF)	3	2	1969	OWEN,N.R.
MARINE MIDLAND (BUF)	3	2	1969	O'NEILL,J.
MARINE MIDLAND (BUF)	3	2	1969	MAULL,B.
MARINE MIDLAND (BUF)	3	2	1969	MACHOLD,E.J.
MARINE MIDLAND (BUF)	3	2	1969	LYONS,W.A.
MARINE MIDLAND (BUF)	3	2	1969	LEWIS,J.P.
MARINE MIDLAND (BUF)	3	2	1969	LAUB,D.J.
MARINE MIDLAND (BUF)	3	2	1969	KNOX,S.H.
MARINE MIDLAND (BUF)	3	2	1969	HINKE,K.
MARINE MIDLAND (BUF)	3	2	1969	HILL,J.A.
MARINE MIDLAND (BUF)	3	2	1969	GRACE,J.P.
MARINE MIDLAND (BUF)	3	2	1969	FOSHAY,W.W.
MARINE MIDLAND (BUF)	3	2	1969	DURLAND,L.H.
MARINE MIDLAND (BUF)	3	2	1969	BLAINE,C.G.
CHARTER NEW YORK (NYC)	3	2	1969	WARNER,L.H.
CHARTER NEW YORK (NYC)	3	2	1969	WALLIS,G.T.
CHARTER NEW YORK (NYC)	3	2	1969	SMILEY,D.B.
CHARTER NEW YORK (NYC)	3	2	1969	SILLIN,JR,L.F.
CHARTER NEW YORK (NYC)	3	2	1969	ROOT,O.
CHARTER NEW YORK (NYC)	3	2	1969	RIGGS,III,L.
CHARTER NEW YORK (NYC)	3	2	1969	PETERSEN,W.E.
CHARTER NEW YORK (NYC)	3	2	1969	PAINE,P.S.
CHARTER NEW YORK (NYC)	3	2	1969	MURPHY,G.A.
CHARTER NEW YORK (NYC)	3	2	1969	LINDON,W.
CHARTER NEW YORK (NYC)	3	2	1969	HIGGINS,T.W.
CHARTER NEW YORK (NYC)	3	2	1969	HAZARD,E.L.
CHARTER NEW YORK (NYC)	3	2	1969	BURCHAM,L.A.
CHARTER NEW YORK (NYC)	3	2	1969	AUGSBURY,JR,F.A.
CROCKER NATIONAL (S.F)	3	2	1969	VAUGHN,J.V.
CROCKER NATIONAL (S.F)	3	2	1969	SOLOMON,E.G.
CROCKER NATIONAL (S.F)	3	2	1969	SESNON,JR,W.T.
CROCKER NATIONAL (S.F)	3	2	1969	ROTH,W.M.
CROCKER NATIONAL (S.F)	3	2	1969	ROBINSON,C.W.
CROCKER NATIONAL (S.F)	3	2	1969	POPE,J.M.
CROCKER NATIONAL (S.F)	3	2	1969	PEACOCK,L.C.
CROCKER NATIONAL (S.F)	3	2	1969	MOORE,JR,J.A.
CROCKER NATIONAL (S.F)	3	2	1969	LOWE,J.G.
CROCKER NATIONAL (S.F)	3	2	1969	KELLY,P.B.
CROCKER NATIONAL (S.F)	3	2	1969	JOHNSON,R.G.
CROCKER NATIONAL (S.F)	3	2	1969	HUNT,R.O.
CROCKER NATIONAL (S.F)	3	2	1969	HULL,J.W.
CROCKER NATIONAL (S.F)	3	2	1969	HOOVER,P.E.
CROCKER NATIONAL (S.F)	3	2	1969	HAAS,P.E.
CROCKER NATIONAL (S.F)	3	2	1969	FOLLIS,R.G.
CROCKER NATIONAL (S.F)	3	2	1969	FLEISHHACKER,JR,M.
CROCKER NATIONAL (S.F)	3	2	1969	FACTOR,D.
CROCKER NATIONAL (S.F)	3	2	1969	DELIMUR,C.C.
CROCKER NATIONAL (S.F)	3	2	1969	CARR,W.H.
CROCKER NATIONAL (S.F)	3	2	1969	BRITT,R.A.
CROCKER NATIONAL (S.F)	3	2	1969	BRAWNER,A.H.
CROCKER NATIONAL (S.F)	3	2	1969	BERRY,O.
CROCKER NATIONAL (S.F)	3	2	1969	BEKINS,M.W.
CROCKER NATIONAL (S.F)	3	2	1969	BEKINS,JR,M.W.
CROCKER NATIONAL (S.F)	3	2	1969	BECHTEL,JR,S.D.
NORTHWEST BANCORPORATION (MIN)	3	2	1969	RUTLEDGE,H.T.
NORTHWEST BANCORPORATION (MIN)	3	2	1969	RAWLINGS,E.W.
NORTHWEST BANCORPORATION (MIN)	3	2	1969	QUINN,W.J.
NORTHWEST BANCORPORATION (MIN)	3	2	1969	PILLSBURY,JR,J.S.
NORTHWEST BANCORPORATION (MIN)	3	2	1969	NORRIS,W.C.
NORTHWEST BANCORPORATION (MIN)	3	2	1969	MYERS,J.H.
NORTHWEST BANCORPORATION (MIN)	3	2	1969	MOORHEAD,J.A.
NORTHWEST BANCORPORATION (MIN)	3	2	1969	MINARD,D.C.
NORTHWEST BANCORPORATION (MIN)	3	2	1969	MC NEELY,D.G.
NORTHWEST BANCORPORATION (MIN)	3	2	1969	MC DOWELL,P.H.
NORTHWEST BANCORPORATION (MIN)	3	2	1969	KING,A.S.
NORTHWEST BANCORPORATION (MIN)	3	2	1969	JACOBSON,A.F.
NORTHWEST BANCORPORATION (MIN)	3	2	1969	GEROT,P.S.
NORTHWEST BANCORPORATION (MIN)	3	2	1969	DAYTON,D.C.
NORTHWEST BANCORPORATION (MIN)	3	2	1969	DALRYMPLE,JR,J.S.
NORTHWEST BANCORPORATION (MIN)	3	2	1969	CURRAN,D.M.
NORTHWEST BANCORPORATION (MIN)	3	2	1969	CROSBY,T.M.
NORTHWEST BANCORPORATION (MIN)	3	2	1969	CORRIGAN,F.H.
NORTHWEST BANCORPORATION (MIN)	3	2	1969	COONAN,M.F.
NORTHWEST BANCORPORATION (MIN)	3	2	1969	CHRISTIANSON,R.J.
NORTHWEST BANCORPORATION (MIN)	3	2	1969	CASE,B.J.
NORTHWEST BANCORPORATION (MIN)	3	2	1969	BINGER,J.H.
NORTHWEST BANCORPORATION (MIN)	3	2	1969	BEMIS,J.
FIRST BANK SYSTEM (MIN)	3	2	1969	WELLS,JR,G.W.
FIRST BANK SYSTEM (MIN)	3	2	1969	THOMPSON,M.B.
FIRST BANK SYSTEM (MIN)	3	2	1969	SULLIVAN,F.C.
FIRST BANK SYSTEM (MIN)	3	2	1969	SAMPAIR,C.B.
FIRST BANK SYSTEM (MIN)	3	2	1969	PARKINSON,C.J.
FIRST BANK SYSTEM (MIN)	3	2	1969	NYROP,D.W.
FIRST BANK SYSTEM (MIN)	3	2	1969	NASON,P.H.
FIRST BANK SYSTEM (MIN)	3	2	1969	MURRAY,G.
FIRST BANK SYSTEM (MIN)	3	2	1969	MC FARLAND,J.P.
FIRST BANK SYSTEM (MIN)	3	2	1969	MACFARLANE,R.S.
FIRST BANK SYSTEM (MIN)	3	2	1969	KEITH,R.J.
FIRST BANK SYSTEM (MIN)	3	2	1969	KEATING,S.F.
FIRST BANK SYSTEM (MIN)	3	2	1969	JORDAN,JR,A.J.
FIRST BANK SYSTEM (MIN)	3	2	1969	JACKSON,A.B.
FIRST BANK SYSTEM (MIN)	3	2	1969	HILL,L.W.
FIRST BANK SYSTEM (MIN)	3	2	1969	HEFFELFINGER,T.P.
FIRST BANK SYSTEM (MIN)	3	2	1969	GRANGAARD,D.R.
FIRST BANK SYSTEM (MIN)	3	2	1969	EWALD,E.
FIRST BANK SYSTEM (MIN)	3	2	1969	DIXON,G.H.
FIRST BANK SYSTEM (MIN)	3	2	1969	DAYTON,B.B.
FIRST BANK SYSTEM (MIN)	3	2	1969	CORETTE,J.E.
FIRST BANK SYSTEM (MIN)	3	2	1969	CARPENTER,L.G.
FIRST BANK SYSTEM (MIN)	3	2	1969	BUTLER,F.D.
